date,open,close,high,low,volume
2021-03-03,0.973,0.988,0.991,0.973,1511656.4
2021-03-04,0.991,0.942,0.992,0.936,2070226.23
2021-03-05,0.934,0.94,0.947,0.922,809419.42
2021-03-08,0.954,0.912,0.966,0.911,1655153.33
2021-03-09,0.912,0.877,0.912,0.87,1179643.55
2021-03-10,0.889,0.888,0.899,0.88,628200.29
2021-03-11,0.89,0.908,0.913,0.885,769713.27
2021-03-12,0.915,0.925,0.929,0.907,886711.55
2021-03-15,0.92,0.901,0.922,0.89,744268.09
2021-03-16,0.901,0.909,0.911,0.893,410273.8
2021-03-17,0.905,0.92,0.924,0.893,518339.13
2021-03-18,0.914,0.941,0.948,0.914,889890.88
2021-03-19,0.922,0.908,0.925,0.899,814943.99
2021-03-22,0.901,0.898,0.918,0.888,689114.31
2021-03-23,0.896,0.865,0.898,0.855,1340508.73
2021-03-24,0.853,0.827,0.856,0.823,1259596.63
2021-03-25,0.825,0.845,0.85,0.824,976539.29
2021-03-26,0.845,0.86,0.863,0.84,671391.38
2021-03-29,0.862,0.87,0.882,0.855,681639.11
2021-03-30,0.87,0.884,0.887,0.867,573649.56
2021-03-31,0.877,0.866,0.883,0.856,398604.69
2021-04-01,0.866,0.879,0.882,0.865,401877.34
2021-04-02,0.882,0.885,0.892,0.877,549258.61
2021-04-06,0.885,0.881,0.892,0.875,405198.02
2021-04-07,0.884,0.884,0.888,0.87,375924.35
2021-04-08,0.881,0.887,0.892,0.874,372440.85
2021-04-09,0.887,0.87,0.889,0.865,451900.86
2021-04-12,0.877,0.84,0.877,0.834,743582.7
2021-04-13,0.841,0.843,0.853,0.838,417755.56
2021-04-14,0.839,0.855,0.856,0.839,396056.76
2021-04-15,0.855,0.854,0.855,0.841,306786.47
2021-04-16,0.853,0.852,0.855,0.844,323944.73
2021-04-19,0.849,0.876,0.88,0.845,730981.2
2021-04-20,0.876,0.883,0.89,0.873,735637.23
2021-04-21,0.88,0.884,0.886,0.869,311924.9
2021-04-22,0.884,0.88,0.89,0.875,313296.61
2021-04-23,0.88,0.89,0.894,0.877,451139.45
2021-04-26,0.892,0.896,0.92,0.892,950433.91
2021-04-27,0.897,0.89,0.898,0.882,272324.63
2021-04-28,0.887,0.9,0.901,0.88,373372.21
2021-04-29,0.9,0.896,0.9,0.887,393494.6
2021-04-30,0.894,0.891,0.897,0.883,407696.38
2021-05-06,0.889,0.901,0.908,0.887,539209.76
2021-05-07,0.904,0.91,0.924,0.9,1013020.24
2021-05-10,0.916,0.9,0.919,0.894,717196.77
2021-05-11,0.891,0.878,0.892,0.861,727194.83
2021-05-12,0.875,0.885,0.888,0.868,558796.4
2021-05-13,0.878,0.863,0.879,0.859,825104.72
2021-05-14,0.861,0.874,0.874,0.854,520129.72
2021-05-17,0.874,0.897,0.901,0.871,1065618.14
2021-05-18,0.897,0.903,0.905,0.896,518467.06
2021-05-19,0.903,0.903,0.906,0.893,483253.99
2021-05-20,0.893,0.891,0.899,0.883,513977.03
2021-05-21,0.888,0.886,0.897,0.88,337828.62
2021-05-24,0.886,0.889,0.889,0.88,288308.81
2021-05-25,0.889,0.91,0.911,0.886,784348.3
2021-05-26,0.91,0.923,0.928,0.91,1809076.54
2021-05-27,0.923,0.932,0.933,0.918,888806.78
2021-05-28,0.931,0.931,0.95,0.927,881369.77
2021-05-31,0.932,0.941,0.942,0.93,422980.91
2021-06-01,0.941,0.97,0.974,0.931,1110930.58
2021-06-02,0.97,0.971,0.981,0.963,1131065.25
2021-06-03,0.966,0.957,0.974,0.956,674423.71
2021-06-04,0.95,0.965,0.973,0.95,759632.75
2021-06-07,0.967,0.97,0.979,0.962,346127.43
2021-06-08,0.969,0.953,0.977,0.946,488117.91
2021-06-09,0.952,0.968,0.973,0.95,764472.6
2021-06-10,0.97,0.978,0.981,0.963,764332.11
2021-06-11,0.976,0.969,0.979,0.966,330414.96
2021-06-15,0.97,0.96,0.98,0.957,1415493.98
2021-06-16,0.952,0.931,0.96,0.93,369181.95
2021-06-17,0.929,0.934,0.936,0.924,239528.48
2021-06-18,0.934,0.933,0.934,0.925,266744.14
2021-06-21,0.941,0.934,0.941,0.925,342482.65
2021-06-22,0.94,0.942,0.949,0.935,595702.76
2021-06-23,0.948,0.952,0.954,0.94,628280.24
2021-06-24,0.955,0.958,0.961,0.949,592721.22
2021-06-25,0.958,0.983,0.987,0.957,1033073.36
2021-06-28,0.985,0.989,0.99,0.98,722987.07
2021-06-29,0.982,0.987,0.999,0.982,593311.82
2021-06-30,0.991,0.995,0.996,0.984,552288.93
2021-07-01,0.995,0.975,0.999,0.972,557886.14
2021-07-02,0.969,0.959,0.971,0.953,446367.69
2021-07-05,0.958,0.977,0.977,0.957,427672.81
2021-07-06,0.981,1.004,1.014,0.981,1339328.51
2021-07-07,0.993,1.014,1.017,0.983,1502776.85
2021-07-08,1.014,1.012,1.034,1.012,1333928.44
2021-07-09,1.017,1.037,1.039,1.003,1203488.1
2021-07-12,1.049,1.071,1.079,1.047,1906685.74
2021-07-13,1.069,1.074,1.082,1.055,1316603.84
2021-07-14,1.073,1.06,1.077,1.051,1028106.4
2021-07-15,1.057,1.082,1.093,1.057,991190.33
2021-07-16,1.084,1.07,1.091,1.069,781802.87
2021-07-19,1.07,1.055,1.079,1.045,954074.31
2021-07-20,1.035,1.047,1.048,1.027,943477.25
2021-07-21,1.048,1.072,1.077,1.048,698234.27
2021-07-22,1.074,1.09,1.092,1.069,1316389.49
2021-07-23,1.093,1.08,1.106,1.077,651075.45
2021-07-26,1.077,1.069,1.087,1.042,615408.71
2021-07-27,1.074,1.034,1.088,1.032,649847.5
2021-07-28,1.013,1.016,1.032,0.998,572511.94
2021-07-29,1.03,1.056,1.058,1.027,850981.44
2021-07-30,1.055,1.048,1.068,1.035,561373.98
2021-08-02,1.045,1.09,1.09,1.044,626702.49
2021-08-03,1.089,1.078,1.09,1.067,568255.64
2021-08-04,1.078,1.103,1.103,1.07,732849.35
2021-08-05,1.103,1.087,1.103,1.078,499269.58
2021-08-06,1.094,1.087,1.099,1.076,387818.15
2021-08-09,1.081,1.098,1.103,1.078,454202.36
2021-08-10,1.096,1.082,1.096,1.068,489847.13
2021-08-11,1.083,1.085,1.091,1.076,387018.24
2021-08-12,1.085,1.091,1.095,1.077,452574.98
2021-08-13,1.091,1.11,1.123,1.091,664168.26
2021-08-16,1.115,1.095,1.127,1.09,600714.6
2021-08-17,1.089,1.064,1.1,1.062,820740.38
2021-08-18,1.061,1.074,1.084,1.06,350892.13
2021-08-19,1.065,1.065,1.072,1.041,486693.89
2021-08-20,1.057,1.057,1.073,1.042,347877.69
2021-08-23,1.058,1.076,1.078,1.056,466611.51
2021-08-24,1.08,1.095,1.095,1.076,459983.03
2021-08-25,1.095,1.096,1.097,1.073,409289.64
2021-08-26,1.09,1.094,1.1,1.086,394316.25
2021-08-27,1.086,1.1,1.1,1.078,304872.69
2021-08-30,1.11,1.12,1.135,1.104,949032.82
2021-08-31,1.117,1.11,1.12,1.092,525246.9
2021-09-01,1.11,1.09,1.116,1.067,511677.38
2021-09-02,1.084,1.113,1.115,1.08,487762.55
2021-09-03,1.113,1.083,1.114,1.075,473882.74
2021-09-06,1.078,1.1,1.102,1.07,452948.38
2021-09-07,1.099,1.148,1.148,1.097,908597.36
2021-09-08,1.15,1.162,1.165,1.142,775259.23
2021-09-09,1.162,1.169,1.175,1.15,839827.46
2021-09-10,1.169,1.161,1.175,1.147,760627.03
2021-09-13,1.161,1.21,1.21,1.161,903380.14
2021-09-14,1.209,1.201,1.225,1.182,1064219.33
2021-09-15,1.198,1.209,1.209,1.191,905165.35
2021-09-16,1.217,1.187,1.235,1.187,796640.12
2021-09-17,1.183,1.186,1.204,1.152,796341.97
2021-09-22,1.181,1.184,1.184,1.162,543890.92
2021-09-23,1.191,1.165,1.2,1.16,524045.72
2021-09-24,1.165,1.127,1.165,1.124,651192.38
2021-09-27,1.12,1.089,1.128,1.072,958938.85
2021-09-28,1.081,1.077,1.095,1.073,567866.36
2021-09-29,1.059,1.04,1.073,1.038,1336191.69
2021-09-30,1.04,1.069,1.073,1.04,521038.77
2021-10-08,1.082,1.049,1.09,1.044,431443.5
2021-10-11,1.049,1.053,1.063,1.035,384234.01
2021-10-12,1.059,1.026,1.059,1.011,388501.31
2021-10-13,1.02,1.033,1.034,1.015,353344.28
2021-10-14,1.028,1.035,1.04,1.024,336495.95
2021-10-15,1.032,1.043,1.043,1.021,358684.47
2021-10-18,1.04,1.058,1.058,1.034,403764.03
2021-10-19,1.056,1.072,1.072,1.054,454366.61
2021-10-20,1.055,1.075,1.087,1.055,576904.25
2021-10-21,1.075,1.073,1.083,1.067,291161.81
2021-10-22,1.076,1.067,1.081,1.066,270149.3
2021-10-25,1.061,1.079,1.079,1.061,293882.18
2021-10-26,1.085,1.074,1.089,1.069,356917.93
2021-10-27,1.07,1.076,1.082,1.065,387142.88
2021-10-28,1.076,1.043,1.076,1.038,365691.88
2021-10-29,1.043,1.053,1.055,1.037,304583.09
2021-11-01,1.051,1.047,1.06,1.038,318215.78
2021-11-02,1.04,1.026,1.048,1.017,382858.1
2021-11-03,1.026,1.026,1.028,1.012,247192.22
2021-11-04,1.03,1.032,1.043,1.026,352212.69
2021-11-05,1.03,0.998,1.031,0.995,531058.79
2021-11-08,0.995,1.005,1.007,0.992,364291.09
2021-11-09,1.01,1.005,1.014,1.0,352853.91
2021-11-10,1.0,0.995,1.002,0.975,471017.6
2021-11-11,0.992,1.007,1.007,0.992,324390.7
2021-11-12,1.009,1.01,1.012,1.003,333573.09
2021-11-15,1.01,0.991,1.01,0.985,429017.38
2021-11-16,0.993,0.988,0.999,0.986,350375.86
2021-11-17,0.988,1.003,1.003,0.986,388234.26
2021-11-18,1.003,1.008,1.011,0.997,404370.56
2021-11-19,1.008,1.013,1.014,1.003,420294.82
2021-11-22,1.013,1.03,1.03,1.013,473555.08
2021-11-23,1.028,1.025,1.029,1.021,347946.11
2021-11-24,1.028,1.013,1.028,1.008,365622.67
2021-11-25,1.015,1.016,1.016,1.007,305078.86
2021-11-26,1.016,1.019,1.024,1.011,373478.47
2021-11-29,1.003,1.018,1.02,1.0,503525.25
2021-11-30,1.018,1.024,1.027,1.012,363660.01
2021-12-01,1.02,1.024,1.025,1.014,427641.45
2021-12-02,1.024,1.022,1.032,1.02,384107.06
2021-12-03,1.027,1.022,1.027,1.011,383992.23
2021-12-06,1.027,1.018,1.031,1.017,514403.82
2021-12-07,1.024,1.01,1.024,1.001,490976.12
2021-12-08,1.009,1.024,1.025,1.009,343191.2
2021-12-09,1.021,1.031,1.031,1.02,542344.44
2021-12-10,1.028,1.035,1.035,1.024,408789.94
2021-12-13,1.04,1.056,1.063,1.04,828408.03
2021-12-14,1.057,1.037,1.057,1.033,510314.03
2021-12-15,1.032,1.028,1.045,1.026,363582.16
2021-12-16,1.029,1.036,1.036,1.028,330624.28
2021-12-17,1.04,1.02,1.041,1.019,395458.02
2021-12-20,1.016,0.991,1.019,0.986,507612.97
2021-12-21,0.991,0.996,1.0,0.985,346881.17
2021-12-22,0.997,1.006,1.009,0.997,319868.05
2021-12-23,1.007,1.001,1.007,0.995,278800.77
2021-12-24,1.0,0.981,1.003,0.976,417604.26
2021-12-27,0.981,0.986,0.988,0.979,198214.44
2021-12-28,0.988,0.999,1.0,0.983,278187.59
2021-12-29,1.001,0.999,1.01,0.997,336474.96
2021-12-30,0.997,0.999,1.003,0.996,279454.8
2021-12-31,1.0,1.005,1.005,0.998,329812.3
2022-01-04,1.005,0.993,1.01,0.985,322504.02
2022-01-05,0.993,0.979,0.995,0.976,382945.9
2022-01-06,0.979,0.983,0.986,0.97,379227.54
2022-01-07,0.984,0.978,0.985,0.974,361989.66
2022-01-10,0.976,0.981,0.986,0.972,296023.48
2022-01-11,0.985,0.979,0.991,0.974,439973.7
2022-01-12,0.978,0.999,0.999,0.978,461424.23
2022-01-13,0.999,0.982,0.999,0.98,514312.72
2022-01-14,0.979,0.978,0.986,0.971,268201.56
2022-01-17,0.977,0.985,0.985,0.975,184052.38
2022-01-18,0.982,0.989,0.991,0.977,334114.28
2022-01-19,0.985,0.973,0.99,0.964,366297.83
2022-01-20,0.973,0.961,0.978,0.96,262254.15
2022-01-21,0.962,0.95,0.963,0.948,333308.21
2022-01-24,0.948,0.96,0.964,0.937,255320.98
2022-01-25,0.95,0.938,0.968,0.937,255469.23
2022-01-26,0.938,0.943,0.949,0.933,247130.0
2022-01-27,0.945,0.925,0.948,0.925,292861.95
2022-01-28,0.926,0.917,0.934,0.907,289261.4
2022-02-07,0.922,0.943,0.947,0.922,232133.16
2022-02-08,0.943,0.938,0.943,0.916,343405.1
2022-02-09,0.938,0.946,0.947,0.93,311735.94
2022-02-10,0.95,0.952,0.956,0.942,310505.42
2022-02-11,0.95,0.946,0.966,0.942,420371.19
2022-02-14,0.936,0.939,0.958,0.935,358280.88
2022-02-15,0.939,0.953,0.954,0.938,302398.9
2022-02-16,0.956,0.956,0.962,0.949,301866.66
2022-02-17,0.953,0.969,0.973,0.949,373081.35
2022-02-18,0.962,0.974,0.975,0.958,464562.17
2022-02-21,0.969,0.973,0.979,0.965,325637.35
2022-02-22,0.966,0.972,0.972,0.959,253621.65
2022-02-23,0.972,0.992,0.993,0.972,466654.99
2022-02-24,0.991,0.975,0.999,0.962,549862.83
2022-02-25,0.984,0.984,0.997,0.98,312770.78
2022-02-28,0.979,0.991,0.991,0.974,325942.99
2022-03-01,0.99,0.98,0.994,0.972,284484.69
2022-03-02,0.979,0.961,0.979,0.959,690457.07
2022-03-03,0.966,0.954,0.966,0.952,465385.13
2022-03-04,0.95,0.935,0.952,0.931,294558.74
2022-03-07,0.93,0.9,0.93,0.896,411786.34
2022-03-08,0.9,0.874,0.907,0.861,339781.76
2022-03-09,0.88,0.857,0.88,0.819,401031.14
2022-03-10,0.874,0.895,0.899,0.874,446511.57
2022-03-11,0.891,0.897,0.897,0.867,723555.68
2022-03-14,0.881,0.88,0.901,0.878,574845.71
2022-03-15,0.888,0.842,0.888,0.841,556020.0
2022-03-16,0.86,0.876,0.879,0.827,619894.71
2022-03-17,0.877,0.894,0.908,0.877,611487.31
2022-03-18,0.88,0.887,0.889,0.874,723181.26
2022-03-21,0.9,0.888,0.9,0.878,528503.39
2022-03-22,0.88,0.88,0.889,0.875,1115903.41
2022-03-23,0.879,0.882,0.889,0.877,463989.21
2022-03-24,0.88,0.881,0.886,0.865,411960.48
2022-03-25,0.881,0.863,0.885,0.861,322812.88
2022-03-28,0.862,0.853,0.862,0.843,273472.23
2022-03-29,0.856,0.862,0.868,0.852,311143.8
2022-03-30,0.862,0.882,0.882,0.862,300316.59
2022-03-31,0.882,0.864,0.882,0.863,472720.87
2022-04-01,0.86,0.88,0.883,0.858,545212.0
2022-04-06,0.878,0.872,0.878,0.86,310067.0
2022-04-07,0.863,0.87,0.881,0.863,408429.0
2022-04-08,0.867,0.888,0.888,0.864,662263.0
2022-04-11,0.888,0.856,0.891,0.853,555333.0
2022-04-12,0.849,0.855,0.859,0.84,397784.0
2022-04-13,0.849,0.842,0.854,0.84,350421.0
2022-04-14,0.843,0.848,0.853,0.836,401714.0
2022-04-15,0.842,0.835,0.845,0.828,391388.0
2022-04-18,0.829,0.832,0.837,0.818,526525.0
2022-04-19,0.832,0.834,0.841,0.827,477277.0
2022-04-20,0.831,0.809,0.836,0.805,501484.0
2022-04-21,0.807,0.782,0.808,0.774,484102.0
2022-04-22,0.775,0.774,0.782,0.765,409271.0
2022-04-25,0.763,0.72,0.763,0.72,428263.0
2022-04-26,0.728,0.702,0.73,0.7,505034.0
2022-04-27,0.69,0.74,0.742,0.69,517923.0
2022-04-28,0.74,0.746,0.756,0.737,476574.0
2022-04-29,0.755,0.776,0.777,0.743,495902.0
2022-05-05,0.772,0.794,0.802,0.772,322973.0
2022-05-06,0.774,0.782,0.794,0.771,414651.0
2022-05-09,0.774,0.782,0.787,0.774,298979.0
2022-05-10,0.781,0.788,0.788,0.764,491117.0
2022-05-11,0.787,0.808,0.822,0.785,917327.0
2022-05-12,0.808,0.807,0.811,0.797,359710.0
2022-05-13,0.806,0.811,0.818,0.804,403618.0
2022-05-16,0.812,0.814,0.831,0.811,390226.0
2022-05-17,0.813,0.826,0.827,0.811,400567.0
2022-05-18,0.829,0.824,0.831,0.818,345654.0
2022-05-19,0.812,0.826,0.831,0.807,540573.0
2022-05-20,0.83,0.845,0.845,0.829,455835.0
2022-05-23,0.841,0.85,0.852,0.839,312759.0
2022-05-24,0.847,0.818,0.853,0.818,510221.0
2022-05-25,0.822,0.825,0.829,0.816,324814.0
2022-05-26,0.822,0.835,0.839,0.812,556492.0
2022-05-27,0.833,0.84,0.85,0.833,497042.0
2022-05-30,0.845,0.852,0.852,0.838,393110.0
2022-05-31,0.85,0.857,0.857,0.843,502181.0
2022-06-01,0.857,0.853,0.859,0.846,455275.0
2022-06-02,0.852,0.859,0.861,0.847,398903.0
2022-06-06,0.857,0.891,0.891,0.857,509189.0
2022-06-07,0.89,0.886,0.895,0.881,807230.0
2022-06-08,0.886,0.894,0.9,0.876,542783.0
2022-06-09,0.894,0.893,0.899,0.883,555430.0
2022-06-10,0.881,0.914,0.919,0.881,1307872.0
2022-06-13,0.915,0.922,0.924,0.901,1249611.0
2022-06-14,0.913,0.932,0.932,0.902,1048377.0
2022-06-15,0.933,0.918,0.944,0.918,513493.0
2022-06-16,0.915,0.907,0.927,0.901,1535416.0
2022-06-17,0.898,0.933,0.933,0.898,633520.0
2022-06-20,0.936,0.923,0.941,0.919,462094.0
2022-06-21,0.921,0.915,0.924,0.901,622308.0
2022-06-22,0.911,0.901,0.92,0.895,2092544.0
2022-06-23,0.901,0.916,0.917,0.887,776120.0
2022-06-24,0.91,0.929,0.932,0.91,503261.0
2022-06-27,0.929,0.935,0.945,0.928,569552.0
2022-06-28,0.93,0.951,0.951,0.93,496985.0
2022-06-29,0.952,0.926,0.952,0.925,502687.0
2022-06-30,0.926,0.937,0.942,0.926,336199.0
2022-07-01,0.931,0.943,0.949,0.931,449620.0
2022-07-04,0.942,0.962,0.962,0.938,496109.0
2022-07-05,0.972,0.972,0.976,0.956,520904.0
2022-07-06,0.963,0.951,0.967,0.94,519560.0
2022-07-07,0.951,0.958,0.964,0.941,462731.0
2022-07-08,0.951,0.941,0.965,0.94,444630.0
2022-07-11,0.932,0.915,0.937,0.907,504622.0
2022-07-12,0.911,0.905,0.92,0.9,418891.0
2022-07-13,0.904,0.911,0.914,0.893,513954.0
2022-07-14,0.905,0.916,0.922,0.903,482892.0
2022-07-15,0.911,0.903,0.923,0.902,587203.0
2022-07-18,0.899,0.911,0.912,0.892,474032.0
2022-07-19,0.911,0.913,0.917,0.906,417942.0
2022-07-20,0.911,0.913,0.921,0.909,455983.0
2022-07-21,0.913,0.895,0.914,0.894,377081.0
2022-07-22,0.895,0.889,0.9,0.88,482234.0
2022-07-25,0.889,0.881,0.893,0.88,298978.0
2022-07-26,0.881,0.894,0.898,0.88,345242.0
2022-07-27,0.9,0.89,0.9,0.882,179611.0
2022-07-28,0.89,0.893,0.898,0.886,320499.0
2022-07-29,0.892,0.88,0.898,0.88,418670.0
2022-08-01,0.88,0.891,0.892,0.868,390613.0
2022-08-02,0.89,0.871,0.89,0.86,524353.0
2022-08-03,0.871,0.858,0.885,0.858,1643351.0
2022-08-04,0.859,0.862,0.871,0.855,637802.0
2022-08-05,0.862,0.878,0.879,0.862,975207.0
2022-08-08,0.88,0.887,0.888,0.871,311754.0
2022-08-09,0.887,0.896,0.9,0.884,292394.0
2022-08-10,0.902,0.898,0.904,0.892,301166.0
2022-08-11,0.898,0.912,0.913,0.894,601564.0
2022-08-12,0.907,0.918,0.92,0.907,399014.0
2022-08-15,0.914,0.925,0.931,0.912,487049.0
2022-08-16,0.926,0.92,0.927,0.918,397505.0
2022-08-17,0.919,0.907,0.92,0.901,476859.0
2022-08-18,0.907,0.895,0.908,0.893,388456.0
2022-08-19,0.891,0.88,0.896,0.878,379144.0
2022-08-22,0.875,0.904,0.905,0.874,1074972.0
2022-08-23,0.899,0.905,0.907,0.895,436260.0
2022-08-24,0.906,0.878,0.907,0.874,437490.0
2022-08-25,0.875,0.876,0.883,0.858,521089.0
2022-08-26,0.874,0.872,0.888,0.871,465801.0
2022-08-29,0.865,0.872,0.873,0.861,391551.0
2022-08-30,0.869,0.864,0.873,0.857,1001457.0
2022-08-31,0.858,0.846,0.861,0.84,388142.0
2022-09-01,0.844,0.839,0.851,0.837,313947.0
2022-09-02,0.838,0.836,0.843,0.833,349414.0
2022-09-05,0.832,0.843,0.843,0.832,308739.0
2022-09-06,0.849,0.867,0.868,0.844,1258716.0
2022-09-07,0.868,0.87,0.875,0.859,955553.0
2022-09-08,0.87,0.861,0.871,0.859,559188.0
2022-09-09,0.86,0.869,0.873,0.858,1124412.0
2022-09-13,0.874,0.863,0.874,0.862,622383.0
2022-09-14,0.848,0.849,0.858,0.846,877024.0
2022-09-15,0.85,0.829,0.856,0.821,805895.0
2022-09-16,0.83,0.812,0.83,0.81,734237.0
2022-09-19,0.815,0.811,0.824,0.808,777241.0
2022-09-20,0.814,0.824,0.831,0.814,451082.0
2022-09-21,0.823,0.82,0.823,0.812,499842.0
2022-09-22,0.818,0.816,0.828,0.812,396455.0
2022-09-23,0.813,0.813,0.825,0.804,1197965.0
2022-09-26,0.8,0.802,0.817,0.8,544890.0
2022-09-27,0.802,0.805,0.806,0.79,471359.0
2022-09-28,0.805,0.781,0.807,0.78,522190.0
2022-09-29,0.785,0.791,0.796,0.785,408012.0
2022-09-30,0.79,0.784,0.8,0.783,470253.0
2022-10-10,0.784,0.764,0.785,0.759,609115.0
2022-10-11,0.766,0.781,0.781,0.763,550823.0
2022-10-12,0.78,0.788,0.789,0.755,689199.0
2022-10-13,0.781,0.78,0.786,0.776,464985.0
2022-10-14,0.785,0.794,0.799,0.778,489534.0
2022-10-17,0.794,0.794,0.795,0.782,503951.0
2022-10-18,0.796,0.793,0.8,0.789,409112.0
2022-10-19,0.791,0.78,0.8,0.778,679778.0
2022-10-20,0.773,0.771,0.784,0.761,793368.0
2022-10-21,0.774,0.765,0.774,0.759,445557.0
2022-10-24,0.768,0.755,0.776,0.749,572070.0
2022-10-25,0.749,0.745,0.752,0.732,492616.0
2022-10-26,0.744,0.753,0.76,0.742,477513.0
2022-10-27,0.756,0.748,0.762,0.747,474052.0
2022-10-28,0.748,0.718,0.748,0.717,488384.0
2022-10-31,0.722,0.709,0.722,0.706,1084411.0
2022-11-01,0.714,0.735,0.735,0.707,468271.0
2022-11-02,0.73,0.742,0.747,0.73,469965.0
2022-11-03,0.738,0.747,0.75,0.737,383197.0
2022-11-04,0.742,0.777,0.778,0.742,632363.0
2022-11-07,0.779,0.784,0.792,0.768,1480090.0
2022-11-08,0.784,0.784,0.793,0.778,558509.0
2022-11-09,0.788,0.78,0.789,0.779,317698.0
2022-11-10,0.771,0.766,0.777,0.761,468021.0
2022-11-11,0.783,0.786,0.79,0.774,787480.0
2022-11-14,0.79,0.778,0.797,0.775,431463.0
2022-11-15,0.783,0.792,0.792,0.772,395006.0
2022-11-16,0.788,0.783,0.793,0.781,442044.0
2022-11-17,0.781,0.775,0.781,0.766,424951.0
2022-11-18,0.772,0.768,0.779,0.766,448068.0
2022-11-21,0.765,0.772,0.772,0.755,350455.0
2022-11-22,0.774,0.757,0.774,0.754,751304.0
2022-11-23,0.757,0.764,0.767,0.756,441263.0
2022-11-24,0.762,0.777,0.777,0.762,580705.0
2022-11-25,0.775,0.768,0.775,0.766,441122.0
2022-11-28,0.762,0.762,0.763,0.748,405355.0
2022-11-29,0.762,0.774,0.777,0.762,443310.0
2022-11-30,0.774,0.773,0.78,0.771,540222.0
2022-12-01,0.78,0.787,0.791,0.78,1015156.0
2022-12-02,0.787,0.79,0.791,0.782,392502.0
2022-12-05,0.791,0.793,0.795,0.785,690514.0
2022-12-06,0.793,0.801,0.806,0.786,1273221.0
2022-12-07,0.798,0.805,0.809,0.797,482800.0
2022-12-08,0.8,0.803,0.811,0.793,555102.0
2022-12-09,0.805,0.811,0.813,0.801,577653.0
2022-12-12,0.806,0.795,0.81,0.794,393912.0
2022-12-13,0.793,0.789,0.796,0.786,300903.0
2022-12-14,0.789,0.789,0.792,0.786,288686.0
2022-12-15,0.789,0.788,0.79,0.778,300625.0
2022-12-16,0.783,0.781,0.787,0.777,288160.0
2022-12-19,0.776,0.775,0.79,0.772,411262.0
2022-12-20,0.773,0.765,0.775,0.762,279979.0
2022-12-21,0.765,0.766,0.773,0.762,196915.0
2022-12-22,0.767,0.752,0.774,0.748,1077871.0
2022-12-23,0.748,0.743,0.754,0.74,376266.0
2022-12-26,0.75,0.758,0.76,0.745,235413.0
2022-12-27,0.762,0.767,0.769,0.761,1064444.0
2022-12-28,0.768,0.758,0.768,0.755,829492.0
2022-12-29,0.757,0.756,0.762,0.754,190880.0
2022-12-30,0.756,0.753,0.764,0.753,339374.0
2023-01-03,0.754,0.76,0.76,0.745,517943.0
2023-01-04,0.756,0.755,0.76,0.751,410581.0
2023-01-05,0.757,0.767,0.77,0.756,396418.0
2023-01-06,0.765,0.781,0.786,0.765,718066.0
2023-01-09,0.781,0.784,0.792,0.781,440757.0
2023-01-10,0.784,0.779,0.784,0.772,435839.0
2023-01-11,0.779,0.776,0.785,0.774,427797.0
2023-01-12,0.776,0.78,0.785,0.776,485161.0
2023-01-13,0.783,0.782,0.786,0.776,1100814.0
2023-01-16,0.783,0.793,0.799,0.779,1832168.0
2023-01-17,0.791,0.799,0.802,0.791,519322.0
2023-01-18,0.802,0.8,0.803,0.798,1035955.0
2023-01-19,0.799,0.804,0.804,0.795,281316.0
2023-01-20,0.806,0.811,0.811,0.802,876211.0
2023-01-30,0.822,0.818,0.83,0.817,443470.0
2023-01-31,0.815,0.823,0.825,0.814,804486.0
2023-02-01,0.822,0.835,0.835,0.822,497686.0
2023-02-02,0.84,0.838,0.84,0.827,373836.0
2023-02-03,0.835,0.83,0.836,0.82,407911.0
2023-02-06,0.826,0.818,0.826,0.814,1191802.0
2023-02-07,0.815,0.816,0.822,0.813,323604.0
2023-02-08,0.816,0.818,0.824,0.816,301798.0
2023-02-09,0.813,0.825,0.826,0.813,1084777.0
2023-02-10,0.819,0.823,0.829,0.818,349012.0
2023-02-13,0.823,0.828,0.829,0.818,321733.0
2023-02-14,0.829,0.835,0.837,0.825,1276826.0
2023-02-15,0.838,0.829,0.838,0.827,899418.0
2023-02-16,0.829,0.814,0.834,0.809,959339.0
2023-02-17,0.811,0.818,0.828,0.811,844478.0
2023-02-20,0.82,0.83,0.831,0.81,513653.0
2023-02-21,0.83,0.839,0.845,0.83,1421964.0
2023-02-22,0.838,0.83,0.838,0.828,378213.0
2023-02-23,0.831,0.827,0.832,0.825,2188516.0
2023-02-24,0.827,0.82,0.827,0.816,317055.0
2023-02-27,0.816,0.826,0.831,0.813,955512.0
2023-02-28,0.825,0.827,0.827,0.817,442276.0
2023-03-01,0.825,0.827,0.829,0.822,599841.0
2023-03-02,0.825,0.827,0.83,0.825,246999.0
2023-03-03,0.823,0.822,0.827,0.817,515500.0
2023-03-06,0.818,0.813,0.821,0.806,717727.0
2023-03-07,0.814,0.802,0.817,0.801,727422.0
2023-03-08,0.801,0.798,0.802,0.794,243748.0
2023-03-09,0.799,0.793,0.8,0.792,375594.0
2023-03-10,0.79,0.781,0.79,0.779,661229.0
2023-03-13,0.78,0.78,0.787,0.776,253488.0
2023-03-14,0.777,0.771,0.779,0.76,400359.0
2023-03-15,0.774,0.773,0.78,0.771,421554.0
2023-03-16,0.77,0.756,0.771,0.754,2150501.0
2023-03-17,0.761,0.757,0.765,0.754,485685.0
2023-03-20,0.759,0.755,0.761,0.753,329436.0
2023-03-21,0.758,0.764,0.765,0.755,464688.0
2023-03-22,0.765,0.764,0.773,0.762,493680.0
2023-03-23,0.763,0.763,0.764,0.758,1207110.0
2023-03-24,0.765,0.76,0.765,0.757,444707.0
2023-03-27,0.76,0.76,0.761,0.752,356525.0
2023-03-28,0.779,0.763,0.783,0.762,1725845.0
2023-03-29,0.763,0.759,0.768,0.759,755066.0
2023-03-30,0.76,0.762,0.762,0.749,734478.0
2023-03-31,0.76,0.766,0.773,0.76,2017501.0
2023-04-03,0.764,0.767,0.768,0.76,1998881.0
2023-04-04,0.768,0.754,0.769,0.751,1389668.0
2023-04-06,0.751,0.756,0.756,0.749,1038644.0
2023-04-07,0.754,0.76,0.761,0.752,765198.0
2023-04-10,0.762,0.763,0.763,0.757,834173.0
2023-04-11,0.764,0.762,0.764,0.758,653890.0
2023-04-12,0.762,0.757,0.763,0.754,740982.0
2023-04-13,0.755,0.748,0.756,0.745,1219280.0
2023-04-14,0.747,0.752,0.756,0.747,737905.0
2023-04-17,0.752,0.769,0.769,0.752,3112034.0
2023-04-18,0.768,0.77,0.774,0.766,1119241.0
2023-04-19,0.77,0.761,0.771,0.759,872222.0
2023-04-20,0.76,0.746,0.76,0.744,1285306.0
2023-04-21,0.744,0.726,0.747,0.726,1423634.0
2023-04-24,0.727,0.716,0.728,0.713,1115299.0
2023-04-25,0.717,0.702,0.718,0.697,1058053.0
2023-04-26,0.702,0.712,0.717,0.697,968599.0
2023-04-27,0.71,0.713,0.717,0.705,742941.0
2023-04-28,0.712,0.709,0.715,0.705,1171424.0
2023-05-04,0.707,0.704,0.707,0.7,884037.0
2023-05-05,0.704,0.696,0.704,0.689,1337621.0
2023-05-08,0.696,0.699,0.701,0.692,917777.0
2023-05-09,0.698,0.691,0.7,0.689,959809.0
2023-05-10,0.691,0.698,0.702,0.689,982111.0
2023-05-11,0.698,0.696,0.701,0.693,812046.0
2023-05-12,0.695,0.686,0.7,0.685,1127596.0
2023-05-15,0.686,0.699,0.7,0.686,1025759.0
2023-05-16,0.702,0.698,0.704,0.695,650134.0
2023-05-17,0.697,0.693,0.7,0.692,821623.0
2023-05-18,0.695,0.685,0.695,0.682,2002537.0
2023-05-19,0.683,0.686,0.688,0.68,858239.0
2023-05-22,0.686,0.694,0.694,0.682,877421.0
2023-05-23,0.694,0.69,0.697,0.689,726332.0
2023-05-24,0.688,0.685,0.692,0.683,676307.0
2023-05-25,0.685,0.677,0.685,0.673,912587.0
2023-05-26,0.678,0.672,0.678,0.668,686335.0
2023-05-29,0.674,0.664,0.676,0.661,1113004.0
2023-05-30,0.663,0.661,0.664,0.651,1322744.0
2023-05-31,0.659,0.656,0.659,0.652,765447.0
2023-06-01,0.656,0.659,0.665,0.654,828464.0
2023-06-02,0.66,0.681,0.681,0.66,3550403.0
2023-06-05,0.681,0.68,0.682,0.675,2462401.0
2023-06-06,0.679,0.672,0.68,0.671,651000.0
2023-06-07,0.672,0.664,0.675,0.662,667223.0
2023-06-08,0.662,0.668,0.671,0.662,718994.0
2023-06-09,0.669,0.664,0.672,0.662,888009.0
2023-06-12,0.665,0.669,0.672,0.659,830389.0
2023-06-13,0.67,0.67,0.67,0.665,1096466.0
2023-06-14,0.671,0.673,0.677,0.669,993078.0
2023-06-15,0.672,0.685,0.686,0.669,1506515.0
2023-06-16,0.684,0.685,0.689,0.679,1872353.0
2023-06-19,0.685,0.676,0.687,0.676,1086932.0
2023-06-20,0.677,0.673,0.679,0.673,751502.0
2023-06-21,0.673,0.667,0.68,0.666,807730.0
2023-06-26,0.664,0.665,0.67,0.659,1279846.0
2023-06-27,0.665,0.675,0.675,0.664,998672.0
2023-06-28,0.674,0.675,0.678,0.67,1023380.0
2023-06-29,0.675,0.666,0.676,0.666,854261.0
2023-06-30,0.665,0.679,0.682,0.664,1726598.0
2023-07-03,0.679,0.683,0.687,0.679,1495726.0
2023-07-04,0.683,0.681,0.684,0.678,896843.0
2023-07-05,0.681,0.68,0.682,0.678,865211.0
2023-07-06,0.68,0.672,0.681,0.669,933644.0
2023-07-07,0.672,0.668,0.672,0.664,1718837.0
2023-07-10,0.668,0.68,0.682,0.667,1357397.0
2023-07-11,0.679,0.682,0.683,0.673,948225.0
2023-07-12,0.683,0.689,0.692,0.68,2318038.0
2023-07-13,0.689,0.691,0.695,0.688,6203346.0
2023-07-14,0.689,0.688,0.692,0.687,1706703.0
2023-07-17,0.688,0.685,0.689,0.68,1098774.0
2023-07-18,0.684,0.69,0.691,0.682,951501.0
2023-07-19,0.688,0.686,0.691,0.684,2750931.0
2023-07-20,0.688,0.692,0.701,0.687,2350425.0
2023-07-21,0.69,0.69,0.696,0.685,1432944.0
2023-07-24,0.691,0.679,0.691,0.678,2063005.0
2023-07-25,0.684,0.695,0.698,0.684,5702194.0
2023-07-26,0.695,0.7,0.703,0.695,2201056.0
2023-07-27,0.7,0.696,0.704,0.695,3212986.0
2023-07-28,0.694,0.706,0.707,0.692,3347585.0
2023-07-31,0.705,0.713,0.72,0.705,3130436.0
2023-08-01,0.712,0.711,0.717,0.707,2591399.0
2023-08-02,0.71,0.705,0.712,0.703,1464454.0
2023-08-03,0.702,0.708,0.708,0.702,1458899.0
2023-08-04,0.711,0.705,0.714,0.704,1888396.0
2023-08-07,0.705,0.701,0.705,0.696,1824399.0
2023-08-08,0.701,0.704,0.705,0.692,1845974.0
2023-08-09,0.701,0.702,0.704,0.698,2077936.0
2023-08-10,0.702,0.705,0.706,0.7,1095973.0
2023-08-11,0.705,0.691,0.705,0.691,1345619.0
2023-08-14,0.687,0.686,0.688,0.678,1987501.0
2023-08-15,0.684,0.68,0.688,0.675,1531316.0
2023-08-16,0.677,0.674,0.682,0.674,1542343.0
2023-08-17,0.672,0.675,0.676,0.666,1704238.0
2023-08-18,0.673,0.668,0.677,0.667,1837740.0
2023-08-21,0.668,0.659,0.669,0.658,1205088.0
2023-08-22,0.659,0.655,0.665,0.649,1299427.0
2023-08-23,0.655,0.644,0.656,0.643,906287.0
2023-08-24,0.644,0.648,0.651,0.64,1596187.0
2023-08-25,0.644,0.647,0.653,0.643,1008620.0
2023-08-28,0.674,0.651,0.677,0.648,1444150.0
2023-08-29,0.649,0.66,0.66,0.648,1169020.0
2023-08-30,0.658,0.659,0.663,0.655,1537167.0
2023-08-31,0.657,0.654,0.66,0.652,826524.0
2023-09-01,0.656,0.66,0.663,0.655,565111.0
2023-09-04,0.663,0.676,0.678,0.663,1933197.0
2023-09-05,0.675,0.672,0.676,0.671,827004.0
2023-09-06,0.672,0.673,0.674,0.668,855753.0
2023-09-07,0.672,0.662,0.673,0.662,1538481.0
2023-09-08,0.662,0.657,0.664,0.656,1139920.0
2023-09-11,0.659,0.662,0.665,0.658,681125.0
2023-09-12,0.662,0.664,0.666,0.66,534839.0
2023-09-13,0.663,0.66,0.668,0.655,1092834.0
2023-09-14,0.658,0.656,0.66,0.653,972352.0
2023-09-15,0.659,0.65,0.66,0.648,732171.0
2023-09-18,0.648,0.652,0.656,0.645,530953.0
2023-09-19,0.651,0.649,0.653,0.647,495191.0
2023-09-20,0.649,0.644,0.649,0.644,775376.0
2023-09-21,0.645,0.644,0.648,0.641,660184.0
2023-09-22,0.642,0.647,0.648,0.638,1109458.0
2023-09-25,0.648,0.643,0.648,0.642,2116270.0
2023-09-26,0.642,0.636,0.644,0.635,829812.0
2023-09-27,0.635,0.638,0.644,0.634,918717.0
2023-09-28,0.638,0.635,0.641,0.633,4272443.0
2023-10-09,0.635,0.633,0.636,0.628,2267983.0
2023-10-10,0.634,0.63,0.638,0.628,2484746.0
2023-10-11,0.63,0.629,0.634,0.626,921496.0
2023-10-12,0.63,0.637,0.638,0.63,1185892.0
2023-10-13,0.632,0.628,0.634,0.627,634187.0
2023-10-16,0.629,0.622,0.631,0.62,754801.0
2023-10-17,0.623,0.626,0.629,0.621,647913.0
2023-10-18,0.627,0.616,0.627,0.615,869146.0
2023-10-19,0.614,0.607,0.616,0.606,736202.0
2023-10-20,0.606,0.609,0.614,0.604,1112195.0
2023-10-23,0.608,0.596,0.609,0.591,1169023.0
2023-10-24,0.595,0.6,0.6,0.593,938979.0
2023-10-25,0.604,0.604,0.61,0.602,753736.0
2023-10-26,0.603,0.604,0.605,0.596,570863.0
2023-10-27,0.603,0.621,0.624,0.6,1411369.0
2023-10-30,0.618,0.631,0.634,0.618,1162065.0
2023-10-31,0.632,0.63,0.633,0.627,626920.0
2023-11-01,0.631,0.626,0.632,0.624,473081.0
2023-11-02,0.626,0.62,0.628,0.619,375763.0
2023-11-03,0.622,0.625,0.628,0.619,561777.0
2023-11-06,0.628,0.633,0.633,0.626,983790.0
2023-11-07,0.633,0.629,0.633,0.627,1299132.0
2023-11-08,0.632,0.622,0.632,0.617,1129816.0
2023-11-09,0.621,0.624,0.628,0.619,637469.0
2023-11-10,0.623,0.621,0.624,0.619,525941.0
2023-11-13,0.622,0.623,0.623,0.616,637799.0
2023-11-14,0.624,0.621,0.626,0.618,479597.0
2023-11-15,0.626,0.627,0.629,0.624,705214.0
2023-11-16,0.627,0.621,0.627,0.619,461764.0
2023-11-17,0.618,0.618,0.619,0.614,574630.0
2023-11-20,0.618,0.619,0.62,0.611,580678.0
2023-11-21,0.619,0.619,0.624,0.617,741654.0
2023-11-22,0.619,0.609,0.619,0.609,581179.0
2023-11-23,0.609,0.613,0.613,0.608,672321.0
2023-11-24,0.612,0.608,0.613,0.607,427172.0
2023-11-27,0.608,0.602,0.608,0.598,559846.0
2023-11-28,0.601,0.606,0.606,0.599,450781.0
2023-11-29,0.604,0.6,0.605,0.599,478867.0
2023-11-30,0.6,0.599,0.603,0.595,585894.0
2023-12-01,0.599,0.594,0.6,0.589,762431.0
2023-12-04,0.593,0.592,0.596,0.591,501793.0
2023-12-05,0.591,0.583,0.594,0.582,632236.0
2023-12-06,0.584,0.589,0.593,0.582,659724.0
2023-12-07,0.588,0.585,0.589,0.58,653828.0
2023-12-08,0.584,0.583,0.586,0.582,403003.0
2023-12-11,0.581,0.588,0.589,0.575,712660.0
2023-12-12,0.586,0.59,0.59,0.584,437165.0
2023-12-13,0.588,0.577,0.588,0.576,585830.0
2023-12-14,0.579,0.574,0.583,0.574,479509.0
2023-12-15,0.576,0.574,0.581,0.572,626988.0
2023-12-18,0.573,0.566,0.573,0.564,809822.0
2023-12-19,0.564,0.566,0.568,0.562,404379.0
2023-12-20,0.566,0.563,0.569,0.561,2283503.0
2023-12-21,0.562,0.564,0.568,0.558,1388683.0
2023-12-22,0.565,0.57,0.574,0.56,961328.0
2023-12-25,0.57,0.572,0.575,0.568,412402.0
2023-12-26,0.572,0.572,0.575,0.569,345094.0
2023-12-27,0.572,0.57,0.572,0.565,430957.0
2023-12-28,0.57,0.587,0.589,0.567,973358.0
2023-12-29,0.585,0.589,0.589,0.584,478164.0
2024-01-02,0.589,0.583,0.589,0.581,382540.0
2024-01-03,0.582,0.585,0.586,0.579,727509.0
2024-01-04,0.585,0.581,0.586,0.576,653066.0
2024-01-05,0.578,0.573,0.584,0.57,763905.0
2024-01-08,0.571,0.562,0.575,0.561,456241.0
2024-01-09,0.563,0.561,0.567,0.557,383265.0
2024-01-10,0.559,0.562,0.568,0.556,318273.0
2024-01-11,0.561,0.564,0.566,0.554,613510.0
2024-01-12,0.562,0.56,0.568,0.559,380871.0
2024-01-15,0.559,0.555,0.561,0.554,478528.0
2024-01-16,0.554,0.555,0.558,0.548,464468.0
2024-01-17,0.553,0.54,0.553,0.539,469294.0
2024-01-18,0.539,0.541,0.544,0.525,688214.0
2024-01-19,0.538,0.541,0.549,0.538,754508.0
2024-01-22,0.542,0.521,0.542,0.517,594975.0
2024-01-23,0.52,0.527,0.531,0.514,625794.0
2024-01-24,0.53,0.532,0.533,0.516,497681.0
2024-01-25,0.531,0.545,0.545,0.53,502379.0
2024-01-26,0.544,0.543,0.549,0.541,535467.0
2024-01-29,0.539,0.533,0.547,0.533,443633.0
2024-01-30,0.531,0.522,0.534,0.521,368104.0
2024-01-31,0.52,0.512,0.526,0.511,553888.0
2024-02-01,0.512,0.511,0.518,0.505,491621.0
2024-02-02,0.512,0.498,0.514,0.484,870555.0
2024-02-05,0.496,0.495,0.507,0.475,881174.0
2024-02-06,0.494,0.528,0.529,0.492,1088033.0
2024-02-07,0.524,0.549,0.55,0.524,1006180.0
2024-02-08,0.55,0.556,0.57,0.55,1029052.0
2024-02-19,0.56,0.556,0.564,0.55,614958.0
2024-02-20,0.555,0.557,0.559,0.551,424578.0
2024-02-21,0.557,0.563,0.574,0.554,495895.0
2024-02-22,0.563,0.569,0.569,0.563,412234.0
2024-02-23,0.57,0.568,0.57,0.563,448483.0
2024-02-26,0.567,0.567,0.573,0.564,511006.0
2024-02-27,0.564,0.574,0.574,0.563,298601.0
2024-02-28,0.574,0.566,0.585,0.566,648244.0
2024-02-29,0.566,0.582,0.582,0.564,1040076.0
2024-03-01,0.58,0.584,0.585,0.578,441688.0
2024-03-04,0.583,0.583,0.588,0.576,933677.0
2024-03-05,0.578,0.578,0.579,0.574,990099.0
2024-03-06,0.575,0.577,0.583,0.573,528967.0
2024-03-07,0.576,0.576,0.585,0.575,655085.0
2024-03-08,0.574,0.578,0.583,0.574,636519.0
2024-03-11,0.577,0.589,0.59,0.577,694971.0
2024-03-12,0.59,0.589,0.592,0.585,590430.0
2024-03-13,0.587,0.585,0.591,0.584,3425450.0
2024-03-14,0.585,0.58,0.591,0.578,677272.0
2024-03-15,0.581,0.591,0.591,0.576,665503.0
2024-03-18,0.59,0.595,0.595,0.586,551846.0
2024-03-19,0.595,0.589,0.596,0.589,503885.0
2024-03-20,0.589,0.589,0.592,0.587,354890.0
2024-03-21,0.588,0.585,0.591,0.583,361357.0
2024-03-22,0.584,0.576,0.585,0.574,735237.0
2024-03-25,0.574,0.573,0.58,0.57,521732.0
2024-03-26,0.571,0.581,0.581,0.569,455361.0
2024-03-27,0.579,0.57,0.581,0.57,490823.0
2024-03-28,0.571,0.574,0.581,0.57,489204.0
2024-03-29,0.575,0.588,0.588,0.573,625386.0
2024-04-01,0.589,0.6,0.603,0.587,1080928.0
2024-04-02,0.6,0.606,0.606,0.597,922816.0
2024-04-03,0.607,0.609,0.611,0.602,1303268.0
2024-04-08,0.609,0.6,0.612,0.599,2038342.0
2024-04-09,0.6,0.609,0.609,0.599,1321809.0
2024-04-10,0.608,0.604,0.609,0.601,1312399.0
2024-04-11,0.601,0.606,0.61,0.596,1030167.0
2024-04-12,0.607,0.599,0.607,0.598,853599.0
2024-04-15,0.597,0.61,0.615,0.595,1524915.0
2024-04-16,0.608,0.591,0.609,0.589,1260113.0
2024-04-17,0.591,0.603,0.604,0.591,731258.0
2024-04-18,0.604,0.603,0.61,0.598,931944.0
2024-04-19,0.604,0.611,0.613,0.601,1198814.0
2024-04-22,0.609,0.602,0.613,0.602,835926.0
2024-04-23,0.602,0.588,0.602,0.587,945587.0
2024-04-24,0.587,0.59,0.591,0.583,621888.0
2024-04-25,0.59,0.592,0.597,0.588,2426796.0
2024-04-26,0.589,0.602,0.602,0.588,839324.0
2024-04-29,0.603,0.618,0.62,0.6,1261668.0
2024-04-30,0.618,0.612,0.618,0.61,839721.0
2024-05-06,0.62,0.636,0.636,0.619,3559814.0
2024-05-07,0.636,0.642,0.642,0.633,3470833.0
2024-05-08,0.64,0.631,0.64,0.63,1877119.0
2024-05-09,0.63,0.637,0.641,0.63,1836635.0
2024-05-10,0.637,0.634,0.639,0.628,1381055.0
2024-05-13,0.628,0.631,0.632,0.624,1135434.0
2024-05-14,0.63,0.626,0.633,0.625,890302.0
2024-05-15,0.624,0.622,0.627,0.619,3782041.0
2024-05-16,0.622,0.621,0.626,0.619,1289416.0
2024-05-17,0.621,0.63,0.631,0.619,1320695.0
2024-05-20,0.631,0.633,0.638,0.626,1698277.0
2024-05-21,0.635,0.622,0.635,0.62,1203777.0
2024-05-22,0.621,0.626,0.629,0.621,1576507.0
2024-05-23,0.622,0.611,0.623,0.609,1701581.0
2024-05-24,0.61,0.608,0.614,0.608,935220.0
2024-05-27,0.612,0.615,0.615,0.605,691776.0
2024-05-28,0.615,0.607,0.616,0.606,938940.0
2024-05-29,0.606,0.608,0.614,0.606,646877.0
2024-05-30,0.61,0.61,0.62,0.608,4078860.0
2024-05-31,0.609,0.604,0.613,0.603,1762857.0
2024-06-03,0.604,0.598,0.604,0.593,1222348.0
2024-06-04,0.598,0.605,0.607,0.594,920127.0
2024-06-05,0.605,0.602,0.608,0.6,638879.0
2024-06-06,0.601,0.6,0.606,0.596,805196.0
2024-06-07,0.602,0.596,0.604,0.592,770699.0
2024-06-11,0.593,0.597,0.597,0.59,1125844.0
2024-06-12,0.596,0.594,0.597,0.59,474947.0
2024-06-13,0.595,0.586,0.596,0.585,776718.0
2024-06-14,0.587,0.586,0.587,0.577,887154.0
2024-06-17,0.582,0.584,0.587,0.58,516962.0
2024-06-18,0.585,0.588,0.59,0.583,593105.0
2024-06-19,0.588,0.58,0.589,0.58,454132.0
2024-06-20,0.582,0.574,0.584,0.573,640448.0
2024-06-21,0.574,0.576,0.58,0.573,616902.0
2024-06-24,0.574,0.568,0.574,0.564,805726.0
2024-06-25,0.568,0.574,0.579,0.568,776046.0
2024-06-26,0.574,0.582,0.582,0.567,590742.0
2024-06-27,0.58,0.567,0.58,0.566,476183.0
2024-06-28,0.567,0.567,0.574,0.565,524455.0
2024-07-01,0.566,0.577,0.579,0.566,576075.0
2024-07-02,0.575,0.566,0.577,0.564,604260.0
2024-07-03,0.566,0.562,0.567,0.561,2166396.0
2024-07-04,0.564,0.556,0.565,0.556,869434.0
2024-07-05,0.556,0.56,0.562,0.553,513757.0
2024-07-08,0.559,0.548,0.56,0.547,610761.0
2024-07-09,0.548,0.551,0.554,0.54,743447.0
2024-07-10,0.549,0.547,0.554,0.546,1210071.0
2024-07-11,0.551,0.564,0.566,0.55,837490.0
2024-07-12,0.563,0.565,0.567,0.562,466376.0
2024-07-15,0.562,0.56,0.565,0.559,602693.0
2024-07-16,0.56,0.558,0.561,0.554,525274.0
2024-07-17,0.56,0.554,0.56,0.549,575205.0
2024-07-18,0.552,0.555,0.557,0.546,810392.0
2024-07-19,0.553,0.558,0.56,0.55,620567.0
2024-07-22,0.559,0.549,0.559,0.546,622667.0
2024-07-23,0.55,0.53,0.551,0.53,748179.0
2024-07-24,0.529,0.525,0.533,0.522,525725.0
2024-07-25,0.523,0.526,0.529,0.522,545070.0
2024-07-26,0.525,0.532,0.536,0.525,512607.0
2024-07-29,0.533,0.525,0.534,0.525,316978.0
2024-07-30,0.525,0.519,0.526,0.516,802527.0
2024-07-31,0.52,0.539,0.54,0.518,845845.0
2024-08-01,0.541,0.529,0.545,0.528,700604.0
2024-08-02,0.528,0.524,0.53,0.523,453183.0
2024-08-05,0.523,0.515,0.531,0.514,684754.0
2024-08-06,0.518,0.519,0.524,0.514,497491.0
2024-08-07,0.519,0.52,0.523,0.514,449372.0
2024-08-08,0.52,0.526,0.53,0.518,646621.0
2024-08-09,0.528,0.521,0.53,0.519,767808.0
2024-08-12,0.519,0.518,0.521,0.516,385872.0
2024-08-13,0.521,0.518,0.522,0.512,527552.0
2024-08-14,0.517,0.504,0.518,0.504,735753.0
2024-08-15,0.504,0.507,0.513,0.502,748709.0
2024-08-16,0.507,0.504,0.509,0.502,590515.0
2024-08-19,0.504,0.504,0.511,0.503,426464.0
2024-08-20,0.505,0.497,0.506,0.496,538838.0
2024-08-21,0.496,0.497,0.5,0.494,433933.0
2024-08-22,0.497,0.494,0.499,0.494,419390.0
2024-08-23,0.494,0.496,0.501,0.493,342078.0
2024-08-26,0.498,0.498,0.501,0.495,334650.0
2024-08-27,0.495,0.497,0.498,0.494,460564.0
2024-08-28,0.494,0.499,0.501,0.494,456298.0
2024-08-29,0.498,0.504,0.507,0.496,594243.0
2024-08-30,0.504,0.514,0.522,0.5,1092606.0
2024-09-02,0.511,0.505,0.514,0.505,535963.0
2024-09-03,0.505,0.512,0.514,0.503,578573.0
2024-09-04,0.509,0.509,0.514,0.506,443172.0
2024-09-05,0.509,0.507,0.515,0.504,654855.0
2024-09-06,0.508,0.498,0.508,0.497,476487.0
2024-09-09,0.5,0.495,0.501,0.493,412313.0
2024-09-10,0.495,0.49,0.496,0.485,615451.0
2024-09-11,0.49,0.495,0.497,0.488,388014.0
2024-09-12,0.494,0.494,0.5,0.492,582642.0
2024-09-13,0.493,0.488,0.494,0.487,318948.0
2024-09-18,0.487,0.49,0.492,0.484,424302.0
2024-09-19,0.494,0.498,0.505,0.487,469297.0
2024-09-20,0.496,0.496,0.499,0.49,443225.0
2024-09-23,0.496,0.495,0.5,0.492,310017.0
2024-09-24,0.499,0.519,0.52,0.498,1139996.0
2024-09-25,0.524,0.521,0.536,0.52,1108404.0
2024-09-26,0.519,0.544,0.546,0.519,1192645.0
2024-09-27,0.552,0.582,0.585,0.551,2104705.0
2024-09-30,0.601,0.639,0.64,0.593,2883952.0
2024-10-08,0.703,0.656,0.703,0.625,4299431.0
2024-10-09,0.638,0.594,0.638,0.593,2406728.0
2024-10-10,0.597,0.599,0.613,0.591,1615207.0
2024-10-11,0.601,0.577,0.601,0.57,1251337.0
2024-10-14,0.579,0.585,0.588,0.571,1162434.0
2024-10-15,0.581,0.573,0.588,0.572,1181817.0
2024-10-16,0.569,0.568,0.578,0.566,840222.0
2024-10-17,0.571,0.56,0.575,0.558,842468.0
2024-10-18,0.56,0.577,0.59,0.556,2076816.0
2024-10-21,0.578,0.578,0.583,0.569,1283180.0
2024-10-22,0.577,0.586,0.586,0.575,983663.0
2024-10-23,0.587,0.595,0.598,0.582,1551762.0
2024-10-24,0.59,0.583,0.592,0.581,1345229.0
2024-10-25,0.584,0.6,0.603,0.582,1764947.0
2024-10-28,0.6,0.604,0.605,0.592,1449196.0
2024-10-29,0.604,0.59,0.604,0.588,1502746.0
2024-10-30,0.588,0.587,0.594,0.583,953362.0
2024-10-31,0.587,0.586,0.59,0.581,1024414.0
2024-11-01,0.585,0.591,0.6,0.584,1358657.0
2024-11-04,0.593,0.597,0.597,0.589,973173.0
2024-11-05,0.597,0.612,0.613,0.595,1820496.0
2024-11-06,0.612,0.615,0.625,0.61,1574884.0
2024-11-07,0.61,0.626,0.627,0.61,1973233.0
2024-11-08,0.629,0.626,0.637,0.622,1834928.0
2024-11-11,0.619,0.635,0.635,0.617,1170440.0
2024-11-12,0.635,0.629,0.648,0.625,1495026.0
2024-11-13,0.626,0.632,0.636,0.622,1049547.0
2024-11-14,0.631,0.616,0.634,0.614,952939.0
2024-11-15,0.615,0.609,0.617,0.607,966095.0
2024-11-18,0.607,0.599,0.615,0.595,736601.0
2024-11-19,0.599,0.612,0.612,0.595,854782.0
2024-11-20,0.611,0.618,0.619,0.609,803231.0
2024-11-21,0.618,0.617,0.621,0.613,1293591.0
2024-11-22,0.615,0.595,0.615,0.594,928476.0
2024-11-25,0.597,0.594,0.601,0.588,845179.0
2024-11-26,0.594,0.589,0.595,0.588,544900.0
2024-11-27,0.587,0.598,0.598,0.581,719113.0
2024-11-28,0.598,0.591,0.598,0.59,478400.0
2024-11-29,0.591,0.598,0.602,0.589,549050.0
2024-12-02,0.597,0.604,0.604,0.594,548622.0
2024-12-03,0.602,0.601,0.604,0.597,519754.0
2024-12-04,0.6,0.593,0.6,0.591,712309.0
2024-12-05,0.592,0.592,0.593,0.589,409780.0
2024-12-06,0.593,0.601,0.601,0.589,743145.0
2024-12-09,0.6,0.6,0.606,0.597,702404.0
2024-12-10,0.615,0.604,0.621,0.602,1065930.0
2024-12-11,0.603,0.605,0.608,0.602,456746.0
2024-12-12,0.605,0.611,0.611,0.602,599719.0
2024-12-13,0.608,0.596,0.609,0.595,752860.0
2024-12-16,0.594,0.589,0.596,0.586,475407.0
2024-12-17,0.588,0.591,0.594,0.587,413567.0
2024-12-18,0.589,0.589,0.594,0.589,374447.0
2024-12-19,0.585,0.586,0.588,0.581,445514.0
2024-12-20,0.585,0.585,0.588,0.582,278717.0
2024-12-23,0.586,0.584,0.591,0.583,628179.0
2024-12-24,0.585,0.59,0.591,0.584,1207488.0
2024-12-25,0.59,0.584,0.591,0.581,638246.0
2024-12-26,0.586,0.586,0.587,0.583,301453.0
2024-12-27,0.586,0.585,0.589,0.583,383337.0
2024-12-30,0.585,0.587,0.589,0.584,362142.0
2024-12-31,0.587,0.578,0.588,0.576,749064.0
2025-01-02,0.576,0.562,0.578,0.558,1098422.0
2025-01-03,0.561,0.56,0.572,0.558,831152.0
2025-01-06,0.56,0.564,0.568,0.559,784480.0
2025-01-07,0.564,0.564,0.567,0.557,372216.0
2025-01-08,0.563,0.556,0.563,0.546,571519.0
2025-01-09,0.554,0.557,0.562,0.553,327173.0
2025-01-10,0.557,0.55,0.562,0.55,423112.0
2025-01-13,0.548,0.553,0.558,0.546,667888.0
2025-01-14,0.554,0.567,0.567,0.552,1175285.0
2025-01-15,0.565,0.563,0.567,0.561,847238.0
2025-01-16,0.565,0.565,0.571,0.56,1031343.0
2025-01-17,0.565,0.573,0.575,0.563,798179.0
2025-01-20,0.576,0.573,0.578,0.57,437109.0
2025-01-21,0.575,0.568,0.575,0.565,525745.0
2025-01-22,0.567,0.564,0.567,0.558,489920.0
2025-01-23,0.567,0.563,0.571,0.562,456005.0
2025-01-24,0.563,0.567,0.567,0.561,382447.0
2025-01-27,0.567,0.572,0.577,0.567,682521.0
2025-02-05,0.574,0.568,0.575,0.566,367051.0
2025-02-06,0.566,0.572,0.572,0.564,363090.0
2025-02-07,0.57,0.58,0.582,0.568,807205.0
2025-02-10,0.582,0.585,0.585,0.578,1722832.0
2025-02-11,0.583,0.585,0.587,0.58,1662881.0
2025-02-12,0.582,0.592,0.592,0.582,1852242.0
2025-02-13,0.591,0.591,0.599,0.59,715905.0
2025-02-14,0.593,0.59,0.593,0.586,1248962.0
2025-02-17,0.589,0.59,0.591,0.584,529839.0
2025-02-18,0.589,0.585,0.595,0.584,908553.0
2025-02-19,0.587,0.59,0.591,0.584,561115.0
2025-02-20,0.59,0.591,0.593,0.587,414576.0
2025-02-21,0.593,0.593,0.596,0.587,826063.0
2025-02-24,0.592,0.593,0.597,0.589,1062237.0
2025-02-25,0.59,0.584,0.59,0.583,495497.0
2025-02-26,0.585,0.592,0.593,0.585,543123.0
2025-02-27,0.592,0.596,0.596,0.589,610726.0
2025-02-28,0.593,0.592,0.601,0.587,821324.0
2025-03-03,0.59,0.598,0.603,0.589,839265.0
2025-03-04,0.596,0.594,0.596,0.589,594993.0
2025-03-05,0.593,0.592,0.595,0.588,433473.0
2025-03-06,0.591,0.597,0.597,0.589,1181349.0
2025-03-07,0.595,0.597,0.601,0.593,941181.0
2025-03-10,0.599,0.599,0.6,0.594,1327797.0
2025-03-11,0.596,0.604,0.604,0.593,1566383.0
2025-03-12,0.604,0.602,0.606,0.601,1455550.0
2025-03-13,0.602,0.599,0.604,0.595,717071.0
2025-03-14,0.598,0.606,0.607,0.596,1124814.0
2025-03-17,0.61,0.608,0.61,0.605,1754881.0
2025-03-18,0.607,0.606,0.609,0.604,713546.0
2025-03-19,0.605,0.603,0.606,0.601,518150.0
2025-03-20,0.602,0.599,0.603,0.598,423260.0
2025-03-21,0.598,0.59,0.602,0.589,783136.0
2025-03-24,0.591,0.592,0.593,0.587,1124049.0
2025-03-25,0.593,0.599,0.6,0.589,1773529.0
2025-03-26,0.599,0.597,0.602,0.597,1136324.0
2025-03-27,0.598,0.598,0.602,0.593,2048619.0
2025-03-28,0.599,0.59,0.599,0.587,2457259.0
2025-03-31,0.586,0.583,0.59,0.579,2122568.0
2025-04-01,0.584,0.586,0.588,0.582,714712.0
2025-04-02,0.585,0.587,0.589,0.584,497788.0
2025-04-03,0.582,0.58,0.585,0.577,1287503.0
2025-04-07,0.56,0.522,0.56,0.522,1533741.0
2025-04-08,0.528,0.536,0.536,0.524,1162645.0
2025-04-09,0.529,0.537,0.54,0.52,1731911.0
2025-04-10,0.543,0.547,0.553,0.542,819162.0
2025-04-11,0.545,0.548,0.552,0.543,767711.0
2025-04-14,0.55,0.55,0.555,0.549,538358.0
2025-04-15,0.551,0.545,0.551,0.542,546587.0
2025-04-16,0.545,0.54,0.545,0.534,487473.0
2025-04-17,0.54,0.541,0.544,0.538,386822.0
2025-04-18,0.54,0.541,0.542,0.538,429852.0
2025-04-21,0.54,0.546,0.547,0.539,473302.0
2025-04-22,0.546,0.547,0.55,0.544,447477.0
2025-04-23,0.548,0.551,0.553,0.548,506398.0
2025-04-24,0.552,0.55,0.553,0.546,608626.0
2025-04-25,0.551,0.555,0.557,0.551,542380.0
2025-04-28,0.552,0.55,0.553,0.548,367823.0
2025-04-29,0.549,0.551,0.554,0.549,373790.0
2025-04-30,0.552,0.553,0.555,0.551,341930.0
2025-05-06,0.553,0.561,0.561,0.553,514062.0
2025-05-07,0.564,0.565,0.568,0.56,555806.0
2025-05-08,0.562,0.563,0.565,0.561,402304.0
2025-05-09,0.564,0.558,0.564,0.557,531074.0
2025-05-12,0.561,0.566,0.567,0.561,527339.0
2025-05-13,0.568,0.567,0.571,0.565,579314.0
2025-05-14,0.567,0.571,0.573,0.565,787008.0
2025-05-15,0.571,0.565,0.572,0.564,507143.0
2025-05-16,0.565,0.564,0.566,0.562,262571.0
2025-05-19,0.564,0.563,0.564,0.559,287763.0
2025-05-20,0.562,0.565,0.566,0.561,303786.0
2025-05-21,0.564,0.567,0.568,0.564,419983.0
2025-05-22,0.567,0.561,0.567,0.56,362496.0
2025-05-23,0.561,0.559,0.565,0.558,485270.0
2025-05-26,0.557,0.556,0.561,0.555,316272.0
2025-05-27,0.556,0.556,0.557,0.552,320778.0
2025-05-28,0.558,0.553,0.558,0.552,295203.0
2025-05-29,0.552,0.558,0.558,0.551,406216.0
2025-05-30,0.558,0.553,0.558,0.552,338813.0
2025-06-03,0.553,0.553,0.554,0.55,281752.0
2025-06-04,0.553,0.558,0.559,0.552,306308.0
2025-06-05,0.558,0.559,0.56,0.555,297483.0
2025-06-06,0.559,0.563,0.566,0.558,593077.0
2025-06-09,0.564,0.567,0.567,0.564,371865.0
2025-06-10,0.566,0.563,0.57,0.56,524035.0
2025-06-11,0.564,0.567,0.569,0.563,391568.0
2025-06-12,0.568,0.567,0.568,0.564,216311.0
2025-06-13,0.566,0.568,0.571,0.565,559529.0
2025-06-16,0.569,0.566,0.571,0.565,344473.0
2025-06-17,0.565,0.565,0.569,0.564,257166.0
2025-06-18,0.566,0.562,0.566,0.561,220494.0
2025-06-19,0.561,0.559,0.565,0.556,379097.0
2025-06-20,0.558,0.557,0.561,0.555,257330.0
2025-06-23,0.556,0.558,0.558,0.553,382550.0
2025-06-24,0.558,0.564,0.564,0.556,491861.0
2025-06-25,0.564,0.568,0.568,0.561,529774.0
2025-06-26,0.568,0.566,0.57,0.565,549034.0
2025-06-27,0.567,0.568,0.572,0.567,509736.0
2025-06-30,0.57,0.572,0.572,0.568,312792.0
2025-07-01,0.572,0.573,0.573,0.567,477970.0
2025-07-02,0.572,0.575,0.576,0.57,760400.0
2025-07-03,0.577,0.578,0.58,0.574,506575.0
2025-07-04,0.578,0.573,0.578,0.571,673266.0
2025-07-07,0.571,0.573,0.574,0.571,428933.0
2025-07-08,0.573,0.581,0.581,0.572,582460.0
2025-07-09,0.581,0.575,0.582,0.573,1436990.0
2025-07-10,0.575,0.581,0.581,0.574,969022.0
2025-07-11,0.582,0.579,0.585,0.578,1339286.0
2025-07-14,0.58,0.582,0.584,0.58,592570.0
2025-07-15,0.58,0.578,0.584,0.575,763788.0
2025-07-16,0.576,0.576,0.579,0.574,619798.0
2025-07-17,0.576,0.58,0.58,0.575,572950.0
2025-07-18,0.581,0.593,0.593,0.58,1173565.0
2025-07-21,0.597,0.608,0.609,0.596,5335277.0
2025-07-22,0.609,0.622,0.622,0.606,14323052.0
2025-07-23,0.629,0.617,0.635,0.616,7639625.0
2025-07-24,0.617,0.624,0.624,0.615,3329054.0
2025-07-25,0.629,0.624,0.632,0.624,4781749.0
2025-07-28,0.62,0.623,0.627,0.615,5824602.0
2025-07-29,0.622,0.623,0.625,0.616,3158396.0
2025-07-30,0.625,0.63,0.637,0.624,9748996.0
2025-07-31,0.625,0.611,0.625,0.609,11283520.0
2025-08-01,0.61,0.61,0.615,0.607,2126531.0
2025-08-04,0.607,0.61,0.61,0.605,1864194.0
2025-08-05,0.611,0.614,0.615,0.611,4644433.0
2025-08-06,0.614,0.618,0.619,0.613,4952618.0
2025-08-07,0.619,0.618,0.623,0.614,6749022.0
2025-08-08,0.617,0.62,0.623,0.616,2664400.0
2025-08-11,0.623,0.63,0.631,0.62,3485890.0
2025-08-12,0.628,0.631,0.633,0.625,4459743.0
2025-08-13,0.631,0.633,0.635,0.63,5991280.0
2025-08-14,0.633,0.624,0.634,0.622,7510986.0
2025-08-15,0.623,0.64,0.64,0.623,7665172.0
2025-08-18,0.643,0.64,0.647,0.639,6995964.0
2025-08-19,0.64,0.636,0.644,0.635,4485725.0
2025-08-20,0.634,0.649,0.649,0.633,7871983.0
2025-08-21,0.655,0.655,0.661,0.65,15130591.0
2025-08-22,0.657,0.665,0.666,0.655,13916307.0
2025-08-25,0.676,0.677,0.682,0.666,25657279.0
2025-08-26,0.677,0.69,0.693,0.673,25276708.0
2025-08-27,0.69,0.675,0.692,0.674,27602518.0
2025-08-28,0.672,0.68,0.681,0.662,14455356.0
2025-08-29,0.682,0.691,0.695,0.68,19414599.0
2025-09-01,0.699,0.693,0.705,0.687,24976835.0
2025-09-02,0.694,0.677,0.695,0.673,17918112.0
2025-09-03,0.68,0.671,0.685,0.667,16477795.0
2025-09-04,0.67,0.665,0.676,0.654,21068635.0
2025-09-05,0.664,0.685,0.689,0.663,19508317.0
2025-09-08,0.69,0.712,0.713,0.683,29008614.0
2025-09-09,0.71,0.706,0.717,0.7,26712593.0
2025-09-10,0.701,0.697,0.704,0.688,16013648.0
2025-09-11,0.694,0.707,0.707,0.694,12916511.0
2025-09-12,0.707,0.704,0.709,0.697,14244201.0
2025-09-15,0.705,0.705,0.71,0.704,14987578.0
2025-09-16,0.707,0.7,0.71,0.689,16925219.0
2025-09-17,0.698,0.704,0.705,0.695,10617655.0
2025-09-18,0.704,0.695,0.706,0.688,14988767.0
2025-09-19,0.694,0.699,0.705,0.693,10853667.0
2025-09-22,0.695,0.69,0.697,0.683,11894880.0
2025-09-23,0.69,0.682,0.691,0.671,10796132.0
2025-09-24,0.678,0.693,0.694,0.678,9384290.0
2025-09-25,0.693,0.692,0.699,0.691,7718270.0
2025-09-26,0.689,0.695,0.702,0.688,7961803.0
2025-09-29,0.698,0.713,0.714,0.698,18896034.0
2025-09-30,0.715,0.725,0.728,0.711,10910034.0
2025-10-09,0.729,0.744,0.745,0.72,16643551.0
2025-10-10,0.737,0.738,0.746,0.735,14731501.0
2025-10-13,0.707,0.728,0.732,0.707,13046254.0
2025-10-14,0.737,0.708,0.742,0.705,10941082.0
2025-10-15,0.707,0.713,0.715,0.702,8703746.0
2025-10-16,0.713,0.7,0.713,0.697,11566647.0
2025-10-17,0.699,0.684,0.707,0.683,17799871.0
2025-10-20,0.69,0.686,0.692,0.682,6289648.0
2025-10-21,0.688,0.693,0.693,0.684,7657732.0
2025-10-22,0.69,0.685,0.69,0.682,5633960.0
2025-10-23,0.684,0.701,0.702,0.679,6455988.0
2025-10-24,0.702,0.699,0.709,0.695,7407266.0
2025-10-27,0.704,0.708,0.713,0.704,8988666.0
2025-10-28,0.709,0.707,0.717,0.706,8590893.0
2025-10-29,0.709,0.729,0.729,0.708,7836013.0
2025-10-30,0.729,0.725,0.733,0.722,10960517.0
2025-10-31,0.725,0.729,0.742,0.725,13218740.0
2025-11-03,0.728,0.724,0.73,0.713,12245512.0
2025-11-04,0.723,0.708,0.727,0.704,7558482.0
2025-11-05,0.698,0.712,0.718,0.698,6022439.0
2025-11-06,0.713,0.731,0.732,0.713,13482377.0
2025-11-07,0.733,0.753,0.761,0.732,24058913.0
2025-11-10,0.763,0.769,0.783,0.763,24818161.0
2025-11-11,0.766,0.77,0.777,0.764,10266942.0
2025-11-12,0.767,0.767,0.77,0.752,15307285.0
2025-11-13,0.766,0.796,0.798,0.766,14053762.0
2025-11-14,0.788,0.781,0.797,0.78,9246126.0
2025-11-17,0.781,0.79,0.797,0.776,15056595.0
2025-11-18,0.79,0.762,0.791,0.759,20058361.0
2025-11-19,0.76,0.773,0.777,0.76,7964450.0
2025-11-20,0.776,0.761,0.788,0.761,8121677.0
2025-11-21,0.747,0.729,0.751,0.729,9345315.0
2025-11-24,0.731,0.724,0.736,0.715,10916733.0
2025-11-25,0.728,0.732,0.734,0.722,10038276.0
2025-11-26,0.73,0.728,0.735,0.726,7121735.0
2025-11-27,0.727,0.737,0.741,0.726,8150042.0
2025-11-28,0.737,0.747,0.747,0.735,5253940.0
2025-12-01,0.751,0.755,0.761,0.749,9221965.0
2025-12-02,0.75,0.747,0.754,0.745,8500424.0
2025-12-03,0.748,0.747,0.755,0.744,7713707.0
2025-12-04,0.749,0.744,0.751,0.74,4801585.0
2025-12-05,0.743,0.755,0.757,0.741,8685847.0
2025-12-08,0.755,0.756,0.759,0.748,9139837.0
2025-12-09,0.753,0.745,0.757,0.741,5303687.0
2025-12-10,0.743,0.747,0.749,0.736,4146078.0
2025-12-11,0.748,0.742,0.755,0.741,3237781.0
2025-12-12,0.744,0.738,0.747,0.733,5024691.0
2025-12-15,0.737,0.741,0.749,0.734,5490873.0
2025-12-16,0.74,0.733,0.741,0.724,5891554.0
2025-12-17,0.733,0.755,0.759,0.732,11851323.0
2025-12-18,0.751,0.754,0.769,0.751,8048402.0
2025-12-19,0.755,0.769,0.769,0.753,6841420.0
2025-12-22,0.771,0.78,0.781,0.77,8913467.0
2025-12-23,0.779,0.783,0.79,0.775,5912133.0
2025-12-24,0.782,0.796,0.797,0.781,7501007.0
2025-12-25,0.796,0.803,0.805,0.791,6170980.0
2025-12-26,0.807,0.82,0.82,0.805,8763930.0
2025-12-29,0.82,0.81,0.821,0.807,9220826.0
2025-12-30,0.801,0.826,0.831,0.801,10906336.0
2025-12-31,0.825,0.824,0.828,0.817,6910780.0
2026-01-05,0.831,0.833,0.84,0.821,11352740.0
2026-01-06,0.835,0.865,0.868,0.833,15546140.0
2026-01-07,0.865,0.861,0.87,0.856,13416619.0
2026-01-08,0.857,0.852,0.86,0.844,12857020.0
2026-01-09,0.848,0.854,0.859,0.846,12365490.0
2026-01-12,0.858,0.846,0.86,0.842,14517145.0
2026-01-13,0.845,0.851,0.86,0.844,12964842.0
2026-01-14,0.852,0.856,0.865,0.844,16102287.0
2026-01-15,0.848,0.865,0.876,0.846,14184670.0
2026-01-16,0.868,0.859,0.877,0.856,11973945.0
2026-01-19,0.855,0.887,0.888,0.854,21678711.0
2026-01-20,0.891,0.9,0.902,0.876,23979612.0
2026-01-21,0.9,0.906,0.91,0.888,18104542.0
2026-01-22,0.908,0.918,0.922,0.904,23588854.0
2026-01-23,0.923,0.926,0.93,0.916,19782590.0
2026-01-26,0.928,0.923,0.939,0.919,25960641.0
2026-01-27,0.92,0.912,0.932,0.902,20759476.0
2026-01-28,0.912,0.934,0.943,0.91,24805764.0
2026-01-29,0.938,0.926,0.945,0.922,27617712.0
2026-01-30,0.916,0.918,0.934,0.885,24640956.0
2026-02-02,0.897,0.854,0.904,0.854,33867020.0
2026-02-03,0.867,0.889,0.89,0.863,23738265.0
2026-02-04,0.891,0.89,0.894,0.877,13552894.0
2026-02-05,0.885,0.871,0.894,0.865,18102541.0
2026-02-06,0.855,0.894,0.904,0.855,27869661.0
2026-02-09,0.903,0.906,0.91,0.896,15753480.0
2026-02-10,0.906,0.905,0.907,0.892,12851698.0
2026-02-11,0.901,0.924,0.933,0.9,16146297.0
2026-02-12,0.92,0.925,0.932,0.919,12895833.0
2026-02-13,0.917,0.907,0.922,0.906,12921557.0
2026-02-24,0.922,0.939,0.94,0.917,15075717.0
2026-02-25,0.941,0.954,0.97,0.94,35226564.0
2026-02-26,0.96,0.956,0.969,0.949,15838622.0
2026-02-27,0.948,0.962,0.971,0.947,13976064.0
2026-03-02,0.979,0.981,0.981,0.955,27126132.0
2026-03-03,0.983,0.949,0.987,0.945,26271722.0
2026-03-04,0.93,0.932,0.951,0.929,20217417.0
2026-03-05,0.946,0.943,0.947,0.929,13621920.0
2026-03-06,0.937,0.961,0.967,0.928,18016710.0
2026-03-09,0.98,0.946,0.98,0.934,24191798.0
2026-03-10,0.931,0.94,0.95,0.931,15385053.0
2026-03-11,0.936,0.963,0.965,0.931,20699383.0
2026-03-12,0.97,0.961,0.975,0.952,16913329.0
2026-03-13,0.959,0.957,0.985,0.955,18517544.0
2026-03-16,0.957,0.925,0.964,0.918,32926336.0
2026-03-17,0.92,0.9,0.934,0.9,23260688.0
2026-03-18,0.901,0.898,0.905,0.883,19858149.0
2026-03-19,0.893,0.859,0.895,0.854,23676656.0
2026-03-20,0.855,0.85,0.872,0.848,26398611.0
2026-03-23,0.836,0.836,0.86,0.83,23028557.0
2026-03-24,0.848,0.844,0.848,0.819,15543694.0
2026-03-25,0.849,0.859,0.868,0.847,14971225.0
2026-03-26,0.86,0.861,0.882,0.857,12226227.0
2026-03-27,0.85,0.881,0.889,0.849,13207157.0
2026-03-30,0.881,0.889,0.892,0.875,10677030.0
2026-03-31,0.885,0.867,0.89,0.862,11252552.0
2026-04-01,0.876,0.874,0.884,0.87,14885718.0
2026-04-02,0.874,0.865,0.882,0.861,9014955.0
2026-04-03,0.869,0.854,0.87,0.848,6809810.0
2026-04-07,0.854,0.884,0.885,0.854,10700043.0
2026-04-08,0.882,0.899,0.901,0.875,21841043.0
2026-04-09,0.894,0.9,0.908,0.887,13446913.0
2026-04-10,0.903,0.907,0.915,0.897,11237560.0
2026-04-13,0.907,0.906,0.914,0.892,13353240.0
2026-04-14,0.91,0.914,0.915,0.896,8968187.0
2026-04-15,0.916,0.896,0.918,0.895,9609824.0
2026-04-16,0.894,0.909,0.911,0.894,8531215.0
2026-04-17,0.908,0.898,0.912,0.895,11133194.0
2026-04-20,0.898,0.897,0.907,0.891,10457742.0
2026-04-21,0.897,0.909,0.911,0.879,10161601.0
2026-04-22,0.909,0.907,0.915,0.903,6230393.0
2026-04-23,0.908,0.897,0.91,0.889,12786281.0
2026-04-24,0.896,0.92,0.927,0.894,14264276.0
2026-04-27,0.92,0.926,0.928,0.917,9058216.0
2026-04-28,0.925,0.927,0.931,0.915,8051977.0
2026-04-29,0.924,0.956,0.96,0.917,12165672.0
2026-04-30,0.955,0.955,0.966,0.947,8944069.0
2026-05-06,0.952,0.968,0.968,0.94,13644074.0
2026-05-07,0.959,0.937,0.968,0.927,18123612.0
2026-05-08,0.931,0.921,0.939,0.916,9359671.0
2026-05-11,0.918,0.924,0.93,0.918,12371702.0
2026-05-12,0.924,0.918,0.926,0.91,10846942.0
2026-05-13,0.918,0.92,0.925,0.915,8922291.0
2026-05-14,0.919,0.896,0.927,0.896,15305305.0
2026-05-15,0.9,0.896,0.913,0.892,14880907.0
2026-05-18,0.894,0.878,0.894,0.871,17221354.0
2026-05-19,0.875,0.868,0.878,0.857,7819480.0
2026-05-20,0.866,0.881,0.888,0.862,11977020.0
2026-05-21,0.882,0.858,0.893,0.856,10368462.0
2026-05-22,0.857,0.868,0.873,0.853,7584522.0
2026-05-25,0.87,0.847,0.874,0.84,10823167.0
2026-05-26,0.844,0.856,0.86,0.833,9546594.0
2026-05-27,0.854,0.841,0.862,0.836,6162765.0
2026-05-28,0.842,0.833,0.847,0.822,9739412.0
2026-05-29,0.834,0.816,0.836,0.813,13637711.0
2026-06-01,0.815,0.828,0.839,0.815,7442408.0
2026-06-02,0.833,0.833,0.837,0.816,8448125.0
2026-06-03,0.827,0.83,0.838,0.823,7638430.0
2026-06-04,0.823,0.814,0.825,0.81,13790729.0
2026-06-05,0.81,0.816,0.834,0.808,6641164.0
2026-06-08,0.803,0.791,0.817,0.785,10367750.0
2026-06-09,0.795,0.804,0.805,0.782,6516010.0
2026-06-10,0.799,0.804,0.814,0.796,6662432.0
2026-06-11,0.81,0.816,0.82,0.798,6464520.0
2026-06-12,0.819,0.844,0.852,0.811,16930748.0
2026-06-15,0.856,0.866,0.87,0.853,15036688.0
2026-06-16,0.86,0.856,0.871,0.854,7952778.0
2026-06-17,0.85,0.858,0.86,0.846,7907403.0
2026-06-18,0.85,0.841,0.86,0.832,14826165.0
2026-06-22,0.837,0.898,0.898,0.835,13478761.0
2026-06-23,0.901,0.865,0.907,0.861,10095323.0
2026-06-24,0.861,0.894,0.895,0.86,10851482.0
2026-06-25,0.883,0.891,0.895,0.874,8693396.0
2026-06-26,0.89,0.856,0.895,0.855,7568488.0
2026-06-29,0.86,0.863,0.87,0.843,7345170.0
2026-06-30,0.858,0.862,0.863,0.847,5535597.0
2026-07-01,0.862,0.887,0.893,0.861,7675446.0
