date,open,close,high,low,volume
2018-01-19,1.001,1.001,1.005,0.997,1242151.88
2018-01-22,1.001,1.023,1.034,0.995,486045.62
2018-01-23,1.024,1.029,1.031,1.02,188954.1
2018-01-24,1.03,1.065,1.07,1.025,449287.0
2018-01-25,1.065,1.065,1.095,1.063,393758.0
2018-01-26,1.069,1.069,1.076,1.06,183199.0
2018-01-29,1.069,1.056,1.073,1.048,209045.0
2018-01-30,1.05,1.046,1.057,1.042,71731.0
2018-01-31,1.042,1.02,1.042,1.017,183846.97
2018-02-01,1.025,0.994,1.025,0.993,178989.0
2018-02-02,0.995,0.999,1.009,0.983,137490.0
2018-02-05,0.985,0.989,0.996,0.983,148085.0
2018-02-06,0.983,0.943,0.983,0.941,205575.03
2018-02-07,0.958,0.95,0.965,0.931,119618.0
2018-02-08,0.948,0.953,0.96,0.946,53029.0
2018-02-09,0.933,0.918,0.934,0.909,132317.0
2018-02-12,0.925,0.943,0.945,0.921,63911.0
2018-02-13,0.949,0.94,0.953,0.935,42894.0
2018-02-14,0.942,0.935,0.942,0.931,82366.0
2018-02-22,0.953,0.953,0.957,0.943,94910.0
2018-02-23,0.951,0.945,0.957,0.94,47865.0
2018-02-26,0.946,0.968,0.975,0.946,113224.0
2018-02-27,0.97,0.989,0.992,0.97,172013.03
2018-02-28,0.985,0.989,1.0,0.973,82322.03
2018-03-01,0.981,1.004,1.005,0.981,66596.03
2018-03-02,0.998,1.001,1.008,0.994,87894.0
2018-03-05,1.0,1.002,1.004,0.99,37547.0
2018-03-06,1.001,1.008,1.014,1.001,106086.0
2018-03-07,1.01,1.002,1.012,0.998,34758.0
2018-03-08,1.002,1.003,1.005,0.997,19907.0
2018-03-09,1.007,1.027,1.03,1.004,99215.0
2018-03-12,1.03,1.044,1.047,1.03,116300.24
2018-03-13,1.046,1.042,1.055,1.038,112106.24
2018-03-14,1.041,1.034,1.042,1.03,53814.0
2018-03-15,1.034,1.025,1.034,1.012,42047.0
2018-03-16,1.025,1.022,1.034,1.02,23064.0
2018-03-19,1.027,1.022,1.034,1.018,43106.0
2018-03-20,1.01,1.022,1.023,1.003,55681.0
2018-03-21,1.022,1.006,1.028,1.004,30751.24
2018-03-22,1.011,1.004,1.016,1.001,48469.0
2018-03-23,0.989,0.955,0.99,0.944,165316.0
2018-03-26,0.956,0.973,0.975,0.94,69878.0
2018-03-27,0.98,1.0,1.006,0.979,57583.0
2018-03-28,0.995,0.995,1.003,0.967,73592.0
2018-03-29,1.007,0.995,1.007,0.989,20033.0
2018-03-30,0.998,1.008,1.009,0.998,24283.0
2018-04-02,1.008,1.011,1.019,1.004,61671.0
2018-04-03,1.004,0.991,1.004,0.982,53213.0
2018-04-04,0.997,0.98,0.997,0.977,24994.0
2018-04-09,0.979,0.977,0.987,0.973,29441.0
2018-04-10,0.98,0.977,0.98,0.963,66135.0
2018-04-11,0.983,0.984,0.989,0.978,29279.0
2018-04-12,0.978,0.974,0.984,0.972,34055.0
2018-04-13,0.98,0.977,0.982,0.973,27831.0
2018-04-16,0.979,0.98,0.986,0.972,27288.0
2018-04-17,0.981,0.952,0.983,0.95,80214.0
2018-04-18,0.96,0.958,0.962,0.932,91678.0
2018-04-19,0.961,0.962,0.969,0.956,33483.0
2018-04-20,0.961,0.939,0.961,0.935,98288.0
2018-04-23,0.939,0.922,0.941,0.913,109694.0
2018-04-24,0.928,0.952,0.953,0.925,51599.0
2018-04-25,0.949,0.956,0.962,0.946,30480.28
2018-04-26,0.96,0.939,0.96,0.938,39118.0
2018-04-27,0.949,0.945,0.949,0.934,106875.0
2018-05-02,0.946,0.938,0.95,0.934,61892.0
2018-05-03,0.942,0.945,0.945,0.922,67468.0
2018-05-04,0.942,0.939,0.946,0.938,38155.0
2018-05-07,0.943,0.95,0.952,0.941,29489.0
2018-05-08,0.95,0.957,0.959,0.948,47839.0
2018-05-09,0.958,0.954,0.958,0.951,15454.0
2018-05-10,0.957,0.959,0.96,0.95,29959.0
2018-05-11,0.959,0.952,0.962,0.949,52013.0
2018-05-14,0.952,0.947,0.956,0.946,30789.0
2018-05-15,0.95,0.96,0.96,0.945,156521.0
2018-05-16,0.96,0.956,0.963,0.953,52857.0
2018-05-17,0.958,0.953,0.958,0.95,55499.0
2018-05-18,0.953,0.959,0.96,0.949,44136.0
2018-05-21,0.96,0.969,0.972,0.96,51820.0
2018-05-22,0.971,0.968,0.971,0.962,45385.0
2018-05-23,0.968,0.96,0.97,0.96,28354.0
2018-05-24,0.96,0.958,0.962,0.955,23713.0
2018-05-25,0.959,0.944,0.959,0.943,51072.0
2018-05-28,0.947,0.935,0.948,0.934,73309.0
2018-05-29,0.936,0.935,0.944,0.933,52305.0
2018-05-30,0.932,0.904,0.932,0.904,191974.0
2018-05-31,0.915,0.917,0.919,0.904,31962.0
2018-06-01,0.916,0.904,0.918,0.904,56850.0
2018-06-04,0.901,0.9,0.909,0.893,89465.0
2018-06-05,0.901,0.912,0.913,0.897,42701.0
2018-06-06,0.914,0.91,0.915,0.908,20751.0
2018-06-07,0.911,0.908,0.914,0.905,34298.0
2018-06-08,0.91,0.893,0.91,0.887,100655.0
2018-06-11,0.893,0.889,0.894,0.882,42418.0
2018-06-12,0.89,0.897,0.9,0.883,41170.0
2018-06-13,0.897,0.884,0.897,0.882,26047.0
2018-06-14,0.884,0.875,0.885,0.873,74712.0
2018-06-15,0.875,0.862,0.877,0.855,78704.0
2018-06-19,0.856,0.81,0.856,0.797,224066.0
2018-06-20,0.81,0.81,0.817,0.795,86822.48
2018-06-21,0.815,0.788,0.815,0.788,75535.0
2018-06-22,0.787,0.8,0.803,0.78,31984.0
2018-06-25,0.806,0.797,0.808,0.795,21771.0
2018-06-26,0.794,0.807,0.809,0.785,32947.0
2018-06-27,0.807,0.799,0.809,0.795,34838.0
2018-06-28,0.799,0.791,0.806,0.79,35446.0
2018-06-29,0.792,0.824,0.824,0.792,56869.0
2018-07-02,0.824,0.814,0.826,0.805,24469.0
2018-07-03,0.815,0.826,0.83,0.802,60737.0
2018-07-04,0.825,0.811,0.826,0.808,53929.0
2018-07-05,0.814,0.8,0.818,0.799,35299.0
2018-07-06,0.801,0.803,0.815,0.789,26655.0
2018-07-09,0.806,0.816,0.817,0.805,33469.0
2018-07-10,0.815,0.815,0.817,0.809,40285.0
2018-07-11,0.8,0.789,0.806,0.779,78574.0
2018-07-12,0.79,0.812,0.815,0.79,47790.0
2018-07-13,0.814,0.816,0.818,0.802,36397.0
2018-07-16,0.817,0.817,0.82,0.812,184703.0
2018-07-17,0.818,0.816,0.818,0.806,104216.0
2018-07-18,0.815,0.805,0.819,0.805,91572.0
2018-07-19,0.808,0.809,0.818,0.805,108562.0
2018-07-20,0.805,0.819,0.822,0.801,48187.0
2018-07-23,0.819,0.827,0.827,0.816,37960.0
2018-07-24,0.83,0.832,0.837,0.822,94430.0
2018-07-25,0.835,0.837,0.843,0.834,47135.0
2018-07-26,0.837,0.83,0.837,0.827,33238.0
2018-07-27,0.829,0.821,0.831,0.82,35591.0
2018-07-30,0.822,0.804,0.822,0.8,74824.0
2018-07-31,0.804,0.804,0.808,0.799,56666.0
2018-08-01,0.806,0.795,0.814,0.793,70986.0
2018-08-02,0.794,0.771,0.794,0.757,139860.0
2018-08-03,0.772,0.758,0.773,0.757,56067.0
2018-08-06,0.759,0.746,0.762,0.741,70659.0
2018-08-07,0.746,0.765,0.767,0.743,36081.0
2018-08-08,0.765,0.755,0.766,0.755,24338.0
2018-08-09,0.755,0.775,0.78,0.754,38361.0
2018-08-10,0.775,0.778,0.779,0.77,34134.0
2018-08-13,0.771,0.779,0.782,0.765,46047.0
2018-08-14,0.778,0.772,0.778,0.768,20645.0
2018-08-15,0.773,0.756,0.773,0.754,37695.0
2018-08-16,0.751,0.745,0.756,0.736,55620.0
2018-08-17,0.747,0.729,0.754,0.728,78840.0
2018-08-20,0.732,0.735,0.736,0.719,232312.0
2018-08-21,0.738,0.743,0.746,0.733,35347.0
2018-08-22,0.746,0.733,0.746,0.733,68328.0
2018-08-23,0.733,0.739,0.745,0.733,60721.0
2018-08-24,0.741,0.736,0.742,0.732,34169.0
2018-08-27,0.74,0.754,0.756,0.738,67577.0
2018-08-28,0.754,0.758,0.759,0.75,50605.0
2018-08-29,0.758,0.754,0.758,0.749,24234.0
2018-08-30,0.755,0.743,0.756,0.741,35969.0
2018-08-31,0.737,0.728,0.737,0.726,61825.0
2018-09-03,0.729,0.728,0.73,0.717,70309.0
2018-09-04,0.728,0.741,0.744,0.728,43398.0
2018-09-05,0.74,0.733,0.747,0.733,39250.0
2018-09-06,0.735,0.731,0.74,0.728,43550.0
2018-09-07,0.731,0.725,0.74,0.721,39017.0
2018-09-10,0.72,0.706,0.723,0.704,106892.0
2018-09-11,0.703,0.703,0.71,0.699,39605.0
2018-09-12,0.702,0.706,0.711,0.7,23720.0
2018-09-13,0.711,0.706,0.713,0.698,25974.0
2018-09-14,0.71,0.7,0.71,0.698,53725.0
2018-09-17,0.699,0.69,0.699,0.686,98764.0
2018-09-18,0.689,0.701,0.702,0.684,51990.0
2018-09-19,0.702,0.708,0.713,0.696,54677.0
2018-09-20,0.708,0.705,0.711,0.705,30015.0
2018-09-21,0.706,0.717,0.719,0.703,40639.0
2018-09-25,0.715,0.715,0.717,0.712,16494.0
2018-09-26,0.718,0.718,0.722,0.713,25446.0
2018-09-27,0.719,0.709,0.719,0.706,39359.0
2018-09-28,0.71,0.714,0.715,0.705,34331.0
2018-10-08,0.705,0.684,0.705,0.683,68662.0
2018-10-09,0.684,0.681,0.69,0.678,46935.0
2018-10-10,0.683,0.679,0.685,0.674,26004.0
2018-10-11,0.666,0.635,0.666,0.633,153694.0
2018-10-12,0.638,0.634,0.638,0.616,69764.0
2018-10-15,0.639,0.621,0.639,0.621,69834.0
2018-10-16,0.628,0.611,0.628,0.609,79711.0
2018-10-17,0.619,0.623,0.625,0.61,60438.0
2018-10-18,0.623,0.614,0.625,0.612,72176.0
2018-10-19,0.607,0.633,0.635,0.606,96267.0
2018-10-22,0.636,0.664,0.671,0.636,67747.0
2018-10-23,0.664,0.649,0.668,0.646,50311.0
2018-10-24,0.649,0.647,0.657,0.642,46763.0
2018-10-25,0.637,0.646,0.648,0.625,54805.0
2018-10-26,0.653,0.642,0.653,0.638,35539.0
2018-10-29,0.642,0.638,0.645,0.635,29527.0
2018-10-30,0.633,0.64,0.649,0.625,65762.0
2018-10-31,0.645,0.647,0.65,0.639,85834.0
2018-11-01,0.651,0.657,0.67,0.651,83835.0
2018-11-02,0.67,0.683,0.685,0.67,98367.0
2018-11-05,0.685,0.682,0.692,0.671,146217.0
2018-11-06,0.68,0.678,0.68,0.668,82300.0
2018-11-07,0.678,0.676,0.692,0.676,55389.0
2018-11-08,0.68,0.668,0.684,0.666,49606.0
2018-11-09,0.667,0.666,0.669,0.662,79001.0
2018-11-12,0.666,0.687,0.688,0.657,79112.0
2018-11-13,0.683,0.713,0.718,0.678,176562.0
2018-11-14,0.71,0.705,0.721,0.704,95782.0
2018-11-15,0.703,0.723,0.724,0.702,115606.0
2018-11-16,0.726,0.729,0.731,0.715,116033.0
2018-11-19,0.722,0.724,0.728,0.715,86771.0
2018-11-20,0.72,0.702,0.72,0.701,84657.0
2018-11-21,0.7,0.704,0.705,0.695,73988.0
2018-11-22,0.705,0.707,0.711,0.701,38695.0
2018-11-23,0.707,0.68,0.707,0.674,76595.0
2018-11-26,0.68,0.677,0.684,0.673,63420.0
2018-11-27,0.681,0.683,0.688,0.677,63853.0
2018-11-28,0.683,0.704,0.705,0.675,117902.0
2018-11-29,0.704,0.68,0.709,0.678,99044.0
2018-11-30,0.67,0.68,0.683,0.665,185037.0
2018-12-03,0.698,0.7,0.705,0.693,69015.0
2018-12-04,0.699,0.704,0.704,0.697,54771.0
2018-12-05,0.698,0.7,0.705,0.687,60692.0
2018-12-06,0.695,0.687,0.696,0.683,69607.0
2018-12-07,0.688,0.689,0.692,0.685,20176.0
2018-12-10,0.687,0.689,0.694,0.683,113088.0
2018-12-11,0.693,0.699,0.702,0.693,36050.0
2018-12-12,0.701,0.696,0.702,0.694,54164.0
2018-12-13,0.698,0.704,0.708,0.694,40768.0
2018-12-14,0.703,0.688,0.703,0.686,39922.0
2018-12-17,0.689,0.684,0.689,0.68,41703.0
2018-12-18,0.683,0.68,0.688,0.674,53204.0
2018-12-19,0.68,0.673,0.685,0.667,81052.0
2018-12-20,0.67,0.674,0.678,0.667,89631.0
2018-12-21,0.674,0.675,0.68,0.669,56304.0
2018-12-24,0.674,0.676,0.677,0.669,48352.0
2018-12-25,0.673,0.665,0.673,0.648,107522.0
2018-12-26,0.668,0.664,0.67,0.663,78983.0
2018-12-27,0.673,0.661,0.675,0.659,76810.0
2018-12-28,0.661,0.655,0.661,0.65,57559.0
2019-01-02,0.653,0.648,0.658,0.646,47076.0
2019-01-03,0.649,0.649,0.658,0.646,32452.0
2019-01-04,0.645,0.665,0.667,0.641,80324.0
2019-01-07,0.668,0.676,0.678,0.666,80279.0
2019-01-08,0.677,0.674,0.679,0.672,31567.0
2019-01-09,0.675,0.675,0.689,0.674,52996.0
2019-01-10,0.675,0.676,0.683,0.672,54589.0
2019-01-11,0.676,0.682,0.682,0.673,66983.0
2019-01-14,0.682,0.669,0.682,0.666,34007.0
2019-01-15,0.671,0.682,0.683,0.669,50312.0
2019-01-16,0.682,0.682,0.686,0.679,128575.0
2019-01-17,0.68,0.675,0.685,0.673,38351.0
2019-01-18,0.675,0.681,0.681,0.673,104395.0
2019-01-21,0.681,0.683,0.688,0.679,130453.0
2019-01-22,0.683,0.672,0.684,0.67,79235.0
2019-01-23,0.67,0.671,0.673,0.667,21487.0
2019-01-24,0.67,0.675,0.681,0.668,55800.0
2019-01-25,0.675,0.677,0.681,0.675,43620.0
2019-01-28,0.682,0.675,0.686,0.671,31618.0
2019-01-29,0.674,0.663,0.674,0.654,62591.0
2019-01-30,0.661,0.65,0.661,0.65,102117.0
2019-01-31,0.651,0.644,0.652,0.639,88600.0
2019-02-01,0.644,0.661,0.661,0.643,160300.0
2019-02-11,0.666,0.675,0.676,0.661,156528.0
2019-02-12,0.675,0.681,0.686,0.672,129876.0
2019-02-13,0.681,0.696,0.699,0.681,116860.0
2019-02-14,0.694,0.7,0.703,0.691,62992.0
2019-02-15,0.7,0.691,0.702,0.69,40071.0
2019-02-18,0.693,0.717,0.718,0.693,91428.0
2019-02-19,0.718,0.719,0.726,0.709,128314.0
2019-02-20,0.718,0.718,0.72,0.708,129120.0
2019-02-21,0.717,0.725,0.742,0.713,195868.0
2019-02-22,0.72,0.756,0.757,0.72,149168.0
2019-02-25,0.771,0.809,0.81,0.771,268098.0
2019-02-26,0.81,0.819,0.838,0.804,416556.48
2019-02-27,0.815,0.814,0.827,0.798,183530.0
2019-02-28,0.814,0.809,0.82,0.8,133141.0
2019-03-01,0.809,0.819,0.821,0.801,162888.0
2019-03-04,0.826,0.844,0.862,0.822,239106.6
2019-03-05,0.838,0.867,0.868,0.835,144980.0
2019-03-06,0.869,0.89,0.894,0.862,219173.0
2019-03-07,0.88,0.905,0.915,0.88,215450.0
2019-03-08,0.876,0.867,0.909,0.862,234595.0
2019-03-11,0.867,0.894,0.897,0.864,180076.0
2019-03-12,0.899,0.939,0.947,0.899,351359.92
2019-03-13,0.939,0.903,0.939,0.896,268856.0
2019-03-14,0.89,0.874,0.902,0.862,255658.15
2019-03-15,0.875,0.866,0.887,0.862,153576.0
2019-03-18,0.871,0.891,0.893,0.861,112060.0
2019-03-19,0.893,0.901,0.91,0.886,161285.0
2019-03-20,0.901,0.906,0.909,0.886,131852.0
2019-03-21,0.906,0.936,0.95,0.906,239873.0
2019-03-22,0.93,0.923,0.936,0.904,165902.0
2019-03-25,0.9,0.897,0.911,0.894,144432.0
2019-03-26,0.897,0.865,0.906,0.862,118254.0
2019-03-27,0.87,0.863,0.875,0.851,140082.0
2019-03-28,0.858,0.847,0.867,0.846,87339.0
2019-03-29,0.85,0.875,0.876,0.836,242502.0
2019-04-01,0.88,0.908,0.91,0.88,191971.0
2019-04-02,0.91,0.905,0.92,0.9,141045.0
2019-04-03,0.901,0.913,0.915,0.898,88111.0
2019-04-04,0.921,0.913,0.921,0.904,164866.0
2019-04-08,0.918,0.894,0.921,0.884,179865.0
2019-04-09,0.895,0.903,0.912,0.886,113409.0
2019-04-10,0.901,0.898,0.901,0.888,101150.88
2019-04-11,0.894,0.871,0.9,0.87,111905.0
2019-04-12,0.875,0.878,0.878,0.869,47061.0
2019-04-15,0.885,0.864,0.899,0.862,120858.0
2019-04-16,0.86,0.88,0.881,0.847,83443.0
2019-04-17,0.872,0.882,0.888,0.872,58958.0
2019-04-18,0.882,0.877,0.886,0.872,81748.0
2019-04-19,0.878,0.883,0.883,0.868,48685.0
2019-04-22,0.882,0.871,0.888,0.868,76387.0
2019-04-23,0.871,0.867,0.881,0.863,64868.0
2019-04-24,0.867,0.874,0.875,0.851,81046.0
2019-04-25,0.87,0.836,0.87,0.836,130244.0
2019-04-26,0.832,0.825,0.839,0.821,461115.0
2019-04-29,0.825,0.798,0.83,0.791,340647.0
2019-04-30,0.798,0.799,0.807,0.791,136913.0
2019-05-06,0.775,0.741,0.776,0.734,412885.0
2019-05-07,0.751,0.751,0.752,0.736,180456.0
2019-05-08,0.736,0.747,0.756,0.731,86967.99
2019-05-09,0.74,0.741,0.749,0.738,64287.0
2019-05-10,0.754,0.769,0.769,0.733,129323.99
2019-05-13,0.756,0.753,0.763,0.748,86808.0
2019-05-14,0.743,0.751,0.76,0.742,77977.0
2019-05-15,0.755,0.762,0.766,0.754,66373.0
2019-05-16,0.763,0.76,0.763,0.753,70989.0
2019-05-17,0.761,0.727,0.762,0.726,143061.0
2019-05-20,0.723,0.726,0.73,0.714,115749.0
2019-05-21,0.727,0.737,0.742,0.726,98161.0
2019-05-22,0.74,0.735,0.745,0.73,66666.93
2019-05-23,0.734,0.717,0.735,0.713,100860.0
2019-05-24,0.718,0.711,0.722,0.71,117744.0
2019-05-27,0.713,0.728,0.733,0.711,114410.44
2019-05-28,0.73,0.727,0.736,0.724,66586.44
2019-05-29,0.727,0.727,0.733,0.725,27533.0
2019-05-30,0.726,0.722,0.727,0.715,56328.0
2019-05-31,0.723,0.722,0.728,0.718,41999.0
2019-06-03,0.727,0.709,0.727,0.704,116976.0
2019-06-04,0.71,0.705,0.712,0.701,136952.0
2019-06-05,0.712,0.711,0.716,0.704,100844.0
2019-06-06,0.713,0.696,0.713,0.694,118165.0
2019-06-10,0.7,0.701,0.703,0.691,52814.0
2019-06-11,0.703,0.727,0.728,0.698,130530.0
2019-06-12,0.725,0.719,0.728,0.717,41415.0
2019-06-13,0.721,0.726,0.731,0.716,64626.0
2019-06-14,0.726,0.711,0.731,0.709,56007.0
2019-06-17,0.712,0.708,0.712,0.705,34551.0
2019-06-18,0.705,0.71,0.714,0.703,72859.0
2019-06-19,0.723,0.721,0.735,0.72,84824.0
2019-06-20,0.722,0.733,0.74,0.716,123502.0
2019-06-21,0.77,0.749,0.77,0.742,187916.0
2019-06-24,0.749,0.745,0.755,0.741,122068.0
2019-06-25,0.742,0.733,0.743,0.725,132068.0
2019-06-26,0.731,0.732,0.737,0.725,52342.0
2019-06-27,0.734,0.734,0.741,0.732,119548.0
2019-06-28,0.735,0.726,0.735,0.718,169676.0
2019-07-01,0.736,0.747,0.749,0.736,170178.0
2019-07-02,0.746,0.747,0.749,0.742,106456.0
2019-07-03,0.745,0.735,0.745,0.732,116493.0
2019-07-04,0.734,0.734,0.739,0.73,63536.0
2019-07-05,0.734,0.736,0.737,0.729,37987.0
2019-07-08,0.733,0.709,0.736,0.707,230229.0
2019-07-09,0.709,0.707,0.71,0.703,121363.0
2019-07-10,0.707,0.699,0.71,0.697,191904.0
2019-07-11,0.703,0.701,0.709,0.698,143247.0
2019-07-12,0.702,0.704,0.705,0.696,126128.0
2019-07-15,0.703,0.715,0.721,0.694,155600.0
2019-07-16,0.714,0.716,0.717,0.713,72847.58
2019-07-17,0.718,0.717,0.721,0.713,80382.98
2019-07-18,0.715,0.705,0.715,0.705,78359.0
2019-07-19,0.706,0.711,0.72,0.706,119444.0
2019-07-22,0.714,0.701,0.714,0.693,112077.0
2019-07-23,0.7,0.704,0.704,0.699,34666.0
2019-07-24,0.703,0.712,0.717,0.703,72262.0
2019-07-25,0.712,0.715,0.718,0.711,77448.0
2019-07-26,0.714,0.716,0.717,0.712,43374.0
2019-07-29,0.716,0.714,0.719,0.712,75934.0
2019-07-30,0.714,0.731,0.735,0.714,272800.0
2019-07-31,0.731,0.726,0.731,0.724,135005.0
2019-08-01,0.72,0.724,0.727,0.719,118239.0
2019-08-02,0.71,0.713,0.714,0.706,135006.0
2019-08-05,0.708,0.7,0.713,0.698,207483.0
2019-08-06,0.69,0.682,0.69,0.668,245484.0
2019-08-07,0.683,0.675,0.686,0.675,135533.0
2019-08-08,0.681,0.681,0.684,0.678,56891.8
2019-08-09,0.683,0.677,0.687,0.676,135965.41
2019-08-12,0.68,0.692,0.692,0.676,128410.0
2019-08-13,0.687,0.685,0.688,0.682,41207.0
2019-08-14,0.692,0.687,0.695,0.686,42447.66
2019-08-15,0.674,0.69,0.692,0.672,162587.02
2019-08-16,0.689,0.696,0.702,0.689,204488.0
2019-08-19,0.699,0.726,0.727,0.699,368453.01
2019-08-20,0.728,0.731,0.74,0.726,265812.0
2019-08-21,0.729,0.728,0.73,0.725,42069.0
2019-08-22,0.728,0.73,0.732,0.726,40590.0
2019-08-23,0.731,0.726,0.735,0.724,54656.0
2019-08-26,0.715,0.717,0.719,0.711,157718.0
2019-08-27,0.719,0.732,0.739,0.719,198236.0
2019-08-28,0.73,0.732,0.736,0.727,156515.0
2019-08-29,0.734,0.74,0.746,0.73,239183.0
2019-08-30,0.748,0.729,0.75,0.725,195354.0
2019-09-02,0.728,0.755,0.757,0.728,351624.0
2019-09-03,0.758,0.762,0.763,0.751,392625.0
2019-09-04,0.758,0.767,0.768,0.756,250013.0
2019-09-05,0.772,0.78,0.795,0.771,485379.0
2019-09-06,0.787,0.782,0.789,0.775,363224.0
2019-09-09,0.788,0.811,0.811,0.786,476878.0
2019-09-10,0.81,0.804,0.811,0.797,237387.0
2019-09-11,0.806,0.798,0.809,0.796,229657.32
2019-09-12,0.8,0.805,0.807,0.794,139940.0
2019-09-16,0.81,0.807,0.813,0.801,193184.31
2019-09-17,0.803,0.785,0.803,0.781,173786.0
2019-09-18,0.787,0.783,0.788,0.78,95970.0
2019-09-19,0.785,0.789,0.789,0.779,103964.0
2019-09-20,0.789,0.786,0.791,0.781,90800.0
2019-09-23,0.783,0.781,0.784,0.771,98809.0
2019-09-24,0.783,0.783,0.792,0.776,80381.0
2019-09-25,0.777,0.771,0.781,0.77,77100.0
2019-09-26,0.771,0.753,0.775,0.751,163919.0
2019-09-27,0.755,0.761,0.764,0.752,77655.0
2019-09-30,0.762,0.752,0.768,0.75,204383.0
2019-10-08,0.753,0.739,0.754,0.736,218621.0
2019-10-09,0.736,0.74,0.74,0.729,86440.0
2019-10-10,0.741,0.748,0.748,0.737,63411.0
2019-10-11,0.747,0.751,0.757,0.74,70062.0
2019-10-14,0.759,0.767,0.775,0.758,105990.0
2019-10-15,0.765,0.758,0.766,0.756,60003.0
2019-10-16,0.76,0.756,0.763,0.755,94626.0
2019-10-17,0.756,0.76,0.767,0.756,79715.0
2019-10-18,0.761,0.752,0.767,0.75,80807.0
2019-10-21,0.751,0.747,0.751,0.737,76025.0
2019-10-22,0.748,0.75,0.753,0.745,98260.0
2019-10-23,0.754,0.749,0.755,0.746,111637.0
2019-10-24,0.749,0.749,0.753,0.744,60794.0
2019-10-25,0.747,0.751,0.754,0.742,51447.0
2019-10-28,0.767,0.777,0.78,0.764,340319.0
2019-10-29,0.777,0.765,0.779,0.763,250926.0
2019-10-30,0.76,0.756,0.762,0.752,149878.0
2019-10-31,0.755,0.748,0.759,0.746,135263.0
2019-11-01,0.747,0.756,0.757,0.745,89374.0
2019-11-04,0.757,0.755,0.764,0.754,98679.0
2019-11-05,0.755,0.756,0.76,0.749,175397.0
2019-11-06,0.756,0.745,0.756,0.743,156419.0
2019-11-07,0.744,0.752,0.753,0.741,147023.0
2019-11-08,0.755,0.754,0.762,0.752,220986.0
2019-11-11,0.751,0.74,0.751,0.738,93147.0
2019-11-12,0.74,0.739,0.741,0.732,96019.0
2019-11-13,0.739,0.736,0.74,0.734,130303.0
2019-11-14,0.736,0.738,0.74,0.733,75247.0
2019-11-15,0.737,0.736,0.746,0.736,286964.0
2019-11-18,0.738,0.743,0.746,0.732,111355.0
2019-11-19,0.744,0.774,0.775,0.744,659030.0
2019-11-20,0.778,0.768,0.787,0.768,458709.0
2019-11-21,0.764,0.768,0.772,0.762,220644.0
2019-11-22,0.768,0.764,0.779,0.758,225773.0
2019-11-25,0.762,0.755,0.762,0.749,208769.0
2019-11-26,0.758,0.755,0.758,0.752,114406.0
2019-11-27,0.755,0.75,0.755,0.747,97090.08
2019-11-28,0.748,0.745,0.75,0.741,166478.0
2019-11-29,0.745,0.747,0.751,0.741,180745.0
2019-12-02,0.749,0.754,0.756,0.746,240316.0
2019-12-03,0.751,0.756,0.756,0.743,184403.07
2019-12-04,0.749,0.756,0.757,0.749,152509.0
2019-12-05,0.754,0.767,0.767,0.754,230326.0
2019-12-06,0.764,0.773,0.774,0.76,516427.0
2019-12-09,0.773,0.776,0.78,0.766,431758.0
2019-12-10,0.775,0.784,0.784,0.768,313619.0
2019-12-11,0.784,0.78,0.791,0.777,267144.0
2019-12-12,0.777,0.775,0.783,0.771,222195.0
2019-12-13,0.782,0.788,0.788,0.777,303646.0
2019-12-16,0.788,0.816,0.816,0.788,413922.44
2019-12-17,0.812,0.815,0.82,0.807,446762.44
2019-12-18,0.812,0.838,0.845,0.812,1017373.44
2019-12-19,0.839,0.843,0.851,0.833,945400.92
2019-12-20,0.843,0.829,0.846,0.826,727626.0
2019-12-23,0.822,0.808,0.827,0.807,454176.0
2019-12-24,0.81,0.832,0.832,0.809,311151.0
2019-12-25,0.83,0.838,0.843,0.823,437183.0
2019-12-26,0.833,0.839,0.841,0.827,222520.93
2019-12-27,0.84,0.826,0.849,0.824,358085.93
2019-12-30,0.827,0.838,0.838,0.813,269063.0
2019-12-31,0.836,0.835,0.839,0.828,219232.0
2020-01-02,0.84,0.883,0.884,0.836,817272.0
2020-01-03,0.882,0.886,0.896,0.877,1915127.63
2020-01-06,0.878,0.905,0.915,0.869,1212207.37
2020-01-07,0.908,0.933,0.935,0.9,1444235.0
2020-01-08,0.925,0.906,0.929,0.904,1808683.0
2020-01-09,0.92,0.92,0.93,0.908,1665220.0
2020-01-10,0.925,0.916,0.929,0.908,529133.0
2020-01-13,0.911,0.929,0.93,0.9,585023.0
2020-01-14,0.93,0.926,0.94,0.925,819805.0
2020-01-15,0.924,0.922,0.93,0.911,452022.0
2020-01-16,0.921,0.912,0.926,0.909,589248.0
2020-01-17,0.913,0.912,0.924,0.907,524429.0
2020-01-20,0.912,0.916,0.918,0.899,641921.83
2020-01-21,0.909,0.897,0.909,0.891,1159591.0
2020-01-22,0.885,0.902,0.907,0.874,1062109.0
2020-01-23,0.89,0.878,0.917,0.865,978983.0
2020-02-03,0.79,0.79,0.83,0.79,836711.0
2020-02-04,0.794,0.832,0.84,0.787,934355.63
2020-02-05,0.84,0.849,0.869,0.833,933840.0
2020-02-06,0.849,0.909,0.91,0.843,880203.0
2020-02-07,0.905,0.931,0.936,0.9,1159448.0
2020-02-10,0.922,0.921,0.936,0.903,522471.63
2020-02-11,0.925,0.912,0.925,0.902,381028.96
2020-02-12,0.913,0.934,0.935,0.909,565670.67
2020-02-13,0.933,0.916,0.933,0.908,1114467.33
2020-02-14,0.909,0.918,0.926,0.904,1019815.0
2020-02-17,0.926,0.947,0.947,0.918,758228.0
2020-02-18,0.956,0.959,0.96,0.934,554064.0
2020-02-19,0.951,0.929,0.953,0.926,950487.67
2020-02-20,0.935,0.947,0.947,0.925,960139.9
2020-02-21,0.946,0.971,0.981,0.943,1095054.81
2020-02-24,0.967,0.982,0.984,0.956,772355.0
2020-02-25,0.955,0.975,0.978,0.92,1090185.0
2020-02-26,0.953,0.936,0.965,0.928,810703.0
2020-02-27,0.94,0.946,0.958,0.921,849175.29
2020-02-28,0.916,0.893,0.932,0.889,1049510.3
2020-03-02,0.9,0.917,0.924,0.887,552327.0
2020-03-03,0.931,0.919,0.949,0.909,628201.51
2020-03-04,0.913,0.918,0.924,0.899,352766.0
2020-03-05,0.935,0.929,0.939,0.918,493103.0
2020-03-06,0.919,0.917,0.929,0.91,367799.0
2020-03-09,0.899,0.871,0.905,0.869,715610.0
2020-03-10,0.866,0.901,0.902,0.859,654528.0
2020-03-11,0.899,0.884,0.906,0.88,674199.0
2020-03-12,0.874,0.865,0.874,0.855,525505.0
2020-03-13,0.821,0.86,0.869,0.817,674549.0
2020-03-16,0.862,0.822,0.865,0.819,472429.67
2020-03-17,0.823,0.826,0.845,0.799,535926.0
2020-03-18,0.834,0.813,0.852,0.81,338743.0
2020-03-19,0.814,0.824,0.825,0.798,564302.33
2020-03-20,0.83,0.839,0.843,0.823,431348.0
2020-03-23,0.811,0.808,0.83,0.801,282195.0
2020-03-24,0.822,0.814,0.831,0.791,261397.0
2020-03-25,0.832,0.836,0.84,0.823,306734.0
2020-03-26,0.83,0.835,0.844,0.824,373674.0
2020-03-27,0.841,0.818,0.843,0.818,298875.0
2020-03-30,0.804,0.789,0.818,0.775,333231.0
2020-03-31,0.795,0.79,0.799,0.788,222267.0
2020-04-01,0.787,0.785,0.801,0.782,244079.0
2020-04-02,0.782,0.805,0.805,0.781,172950.0
2020-04-03,0.803,0.797,0.804,0.79,255102.0
2020-04-07,0.808,0.821,0.824,0.807,207982.0
2020-04-08,0.82,0.823,0.826,0.81,347895.0
2020-04-09,0.828,0.832,0.837,0.823,369840.0
2020-04-10,0.833,0.808,0.836,0.804,203969.0
2020-04-13,0.802,0.788,0.802,0.784,244042.0
2020-04-14,0.789,0.819,0.82,0.789,558414.0
2020-04-15,0.817,0.813,0.824,0.812,251620.0
2020-04-16,0.811,0.825,0.83,0.809,486906.0
2020-04-17,0.833,0.827,0.838,0.823,567950.0
2020-04-20,0.825,0.832,0.833,0.822,98753.0
2020-04-21,0.83,0.832,0.833,0.818,299955.0
2020-04-22,0.824,0.838,0.839,0.823,94623.0
2020-04-23,0.838,0.824,0.841,0.821,194458.0
2020-04-24,0.822,0.813,0.826,0.81,353908.96
2020-04-27,0.813,0.813,0.821,0.811,107077.0
2020-04-28,0.813,0.81,0.816,0.784,191014.04
2020-04-29,0.806,0.817,0.824,0.804,97482.0
2020-04-30,0.825,0.839,0.841,0.823,335861.0
2020-05-06,0.829,0.855,0.857,0.828,233121.0
2020-05-07,0.855,0.851,0.86,0.849,186376.0
2020-05-08,0.854,0.861,0.864,0.853,161367.0
2020-05-11,0.866,0.86,0.871,0.854,382613.0
2020-05-12,0.86,0.86,0.862,0.85,212302.0
2020-05-13,0.854,0.862,0.864,0.851,145564.0
2020-05-14,0.857,0.862,0.872,0.857,307766.0
2020-05-15,0.863,0.858,0.865,0.855,94026.0
2020-05-18,0.858,0.847,0.858,0.838,405745.0
2020-05-19,0.852,0.854,0.855,0.849,412212.0
2020-05-20,0.854,0.851,0.86,0.846,622814.0
2020-05-21,0.853,0.837,0.853,0.835,245380.0
2020-05-22,0.836,0.821,0.84,0.816,161517.0
2020-05-25,0.819,0.816,0.821,0.812,83549.0
2020-05-26,0.818,0.833,0.834,0.818,91161.0
2020-05-27,0.835,0.822,0.835,0.819,77186.0
2020-05-28,0.822,0.822,0.827,0.808,101456.0
2020-05-29,0.821,0.843,0.844,0.819,373024.56
2020-06-01,0.845,0.87,0.872,0.844,342711.18
2020-06-02,0.87,0.867,0.877,0.863,416866.44
2020-06-03,0.869,0.866,0.873,0.865,300770.0
2020-06-04,0.868,0.863,0.869,0.86,86828.0
2020-06-05,0.863,0.877,0.878,0.862,277656.0
2020-06-08,0.882,0.872,0.883,0.87,237681.0
2020-06-09,0.875,0.888,0.889,0.868,385751.0
2020-06-10,0.888,0.884,0.888,0.877,216507.0
2020-06-11,0.883,0.889,0.901,0.881,505132.0
2020-06-12,0.87,0.902,0.904,0.867,425470.0
2020-06-15,0.905,0.907,0.922,0.901,697430.0
2020-06-16,0.915,0.915,0.918,0.903,440027.0
2020-06-17,0.919,0.918,0.919,0.904,328907.0
2020-06-18,0.916,0.915,0.928,0.902,221893.0
2020-06-19,0.911,0.916,0.923,0.906,385638.0
2020-06-22,0.915,0.914,0.917,0.909,348253.37
2020-06-23,0.913,0.94,0.947,0.913,576424.0
2020-06-24,0.941,0.944,0.951,0.94,455801.0
2020-06-29,0.939,0.929,0.942,0.923,257264.0
2020-06-30,0.932,0.948,0.952,0.93,979255.0
2020-07-01,0.949,0.947,0.955,0.933,416835.0
2020-07-02,0.945,0.95,0.958,0.938,448498.0
2020-07-03,0.946,0.956,0.957,0.936,679493.93
2020-07-06,0.96,0.987,0.992,0.945,968514.32
2020-07-07,1.0,1.015,1.021,0.973,925680.32
2020-07-08,1.003,1.016,1.022,0.985,1152635.68
2020-07-09,1.018,1.057,1.063,1.016,1058397.0
2020-07-10,1.046,1.056,1.068,1.038,685835.2
2020-07-13,1.05,1.078,1.079,1.043,549425.0
2020-07-14,1.069,1.07,1.093,1.047,674793.99
2020-07-15,1.07,1.027,1.071,1.017,809239.48
2020-07-16,1.028,0.994,1.059,0.986,1220035.0
2020-07-17,0.995,1.001,1.024,0.98,977543.0
2020-07-20,1.019,1.022,1.023,0.991,657034.0
2020-07-21,1.023,1.026,1.034,1.011,559457.56
2020-07-22,1.026,1.034,1.045,1.013,580644.0
2020-07-23,1.024,1.016,1.028,0.989,760422.0
2020-07-24,1.011,0.963,1.013,0.952,674108.0
2020-07-27,0.958,0.96,0.975,0.951,236179.0
2020-07-28,0.969,0.977,0.978,0.961,321562.0
2020-07-29,0.975,1.007,1.008,0.971,323812.0
2020-07-30,1.01,0.989,1.012,0.989,241183.0
2020-07-31,0.989,1.0,1.01,0.981,410884.0
2020-08-03,1.012,1.018,1.018,0.999,471154.0
2020-08-04,1.019,1.0,1.019,0.993,521016.0
2020-08-05,0.997,1.007,1.014,0.993,403401.0
2020-08-06,1.006,0.988,1.008,0.979,691388.0
2020-08-07,0.982,0.972,0.987,0.955,650955.0
2020-08-10,0.969,0.986,0.99,0.969,690300.0
2020-08-11,0.989,0.966,0.991,0.963,399724.0
2020-08-12,0.962,0.964,0.966,0.941,571966.0
2020-08-13,0.967,0.964,0.97,0.958,327571.0
2020-08-14,0.964,0.978,0.978,0.961,270505.0
2020-08-17,0.987,0.996,0.997,0.978,294230.0
2020-08-18,0.997,0.998,1.0,0.986,384599.0
2020-08-19,0.998,0.971,0.999,0.97,498145.0
2020-08-20,0.967,0.975,0.981,0.961,417874.0
2020-08-21,0.98,1.005,1.01,0.98,777303.0
2020-08-24,1.012,1.026,1.03,1.001,720688.0
2020-08-25,1.024,1.027,1.035,1.021,648381.0
2020-08-26,1.03,1.021,1.035,1.015,511643.0
2020-08-27,1.024,1.025,1.033,1.018,460727.0
2020-08-28,1.025,1.042,1.042,1.018,474711.0
2020-08-31,1.043,1.028,1.055,1.027,590812.0
2020-09-01,1.025,1.032,1.032,1.015,372850.0
2020-09-02,1.03,1.043,1.046,1.025,338952.0
2020-09-03,1.043,1.031,1.043,1.026,811891.0
2020-09-04,1.008,1.028,1.03,1.008,320620.0
2020-09-07,1.028,1.006,1.037,1.0,307491.0
2020-09-08,1.003,1.017,1.018,1.003,242056.0
2020-09-09,1.005,0.978,1.008,0.976,389941.0
2020-09-10,0.981,0.952,0.988,0.948,271423.0
2020-09-11,0.951,0.971,0.972,0.947,277671.0
2020-09-14,0.976,0.983,0.987,0.971,438371.0
2020-09-15,0.983,0.987,0.992,0.981,179338.0
2020-09-16,0.985,0.981,0.986,0.974,200731.0
2020-09-17,0.98,0.978,0.984,0.968,169170.0
2020-09-18,0.974,0.996,0.998,0.974,208003.0
2020-09-21,0.999,0.98,1.001,0.98,175777.0
2020-09-22,0.97,0.968,0.983,0.962,171686.0
2020-09-23,0.972,0.979,0.984,0.97,145006.0
2020-09-24,0.974,0.959,0.986,0.959,302294.0
2020-09-25,0.965,0.961,0.968,0.957,112717.99
2020-09-28,0.963,0.956,0.972,0.952,87544.0
2020-09-29,0.955,0.965,0.968,0.955,115346.66
2020-09-30,0.966,0.962,0.973,0.954,184546.0
2020-10-09,0.98,0.979,0.988,0.967,177048.0
2020-10-12,0.981,0.992,0.993,0.974,397348.0
2020-10-13,0.986,0.991,0.994,0.973,483456.0
2020-10-14,1.002,0.989,1.01,0.985,384530.0
2020-10-15,0.988,0.975,0.992,0.972,294290.0
2020-10-16,0.971,0.976,0.978,0.969,245984.0
2020-10-19,0.977,0.965,0.979,0.961,193518.0
2020-10-20,0.965,0.976,0.976,0.963,165875.0
2020-10-21,0.975,0.969,0.981,0.964,183641.0
2020-10-22,0.968,0.956,0.968,0.952,170673.0
2020-10-23,0.955,0.935,0.961,0.928,272874.0
2020-10-26,0.931,0.937,0.938,0.915,644034.0
2020-10-27,0.933,0.932,0.935,0.927,145555.0
2020-10-28,0.93,0.944,0.947,0.922,223243.0
2020-10-29,0.935,0.941,0.943,0.925,185409.0
2020-10-30,0.941,0.917,0.944,0.913,304613.0
2020-11-02,0.916,0.913,0.925,0.907,130284.0
2020-11-03,0.92,0.928,0.93,0.91,224484.0
2020-11-04,0.93,0.922,0.93,0.912,182327.04
2020-11-05,0.931,0.937,0.938,0.924,451002.73
2020-11-06,0.937,0.932,0.939,0.923,223323.0
2020-11-09,0.936,0.945,0.95,0.933,561734.0
2020-11-10,0.955,0.935,0.958,0.931,431491.0
2020-11-11,0.93,0.914,0.933,0.913,286517.0
2020-11-12,0.916,0.915,0.924,0.908,246891.0
2020-11-13,0.913,0.91,0.913,0.901,305500.0
2020-11-16,0.909,0.916,0.916,0.908,245504.0
2020-11-17,0.918,0.907,0.918,0.9,444873.0
2020-11-18,0.908,0.905,0.91,0.901,320292.0
2020-11-19,0.903,0.909,0.91,0.892,329876.0
2020-11-20,0.91,0.913,0.915,0.906,251432.0
2020-11-23,0.913,0.904,0.914,0.901,746109.0
2020-11-24,0.903,0.901,0.907,0.895,417501.0
2020-11-25,0.903,0.885,0.903,0.881,883100.0
2020-11-26,0.884,0.887,0.89,0.881,262044.0
2020-11-27,0.888,0.891,0.891,0.881,281539.0
2020-11-30,0.889,0.906,0.912,0.881,794633.0
2020-12-01,0.906,0.931,0.934,0.903,1386406.0
2020-12-02,0.932,0.931,0.939,0.925,897509.0
2020-12-03,0.927,0.932,0.936,0.925,792667.0
2020-12-04,0.93,0.93,0.932,0.92,488696.0
2020-12-07,0.928,0.916,0.928,0.915,496549.94
2020-12-08,0.916,0.918,0.928,0.916,407862.94
2020-12-09,0.915,0.898,0.92,0.897,498137.0
2020-12-10,0.896,0.9,0.904,0.891,257892.94
2020-12-11,0.899,0.872,0.903,0.865,1315457.0
2020-12-14,0.872,0.876,0.876,0.863,765428.0
2020-12-15,0.875,0.879,0.885,0.872,515480.0
2020-12-16,0.879,0.864,0.881,0.86,1640454.0
2020-12-17,0.861,0.862,0.864,0.847,659008.0
2020-12-18,0.867,0.864,0.871,0.859,533763.0
2020-12-21,0.864,0.877,0.879,0.86,771782.0
2020-12-22,0.877,0.862,0.877,0.86,698790.0
2020-12-23,0.862,0.858,0.862,0.851,532803.0
2020-12-24,0.856,0.838,0.856,0.837,899517.0
2020-12-25,0.836,0.829,0.837,0.824,705377.01
2020-12-28,0.83,0.817,0.832,0.813,749692.0
2020-12-29,0.816,0.842,0.845,0.814,1142300.96
2020-12-30,0.839,0.85,0.853,0.833,1352364.0
2020-12-31,0.852,0.862,0.864,0.848,721251.0
2021-01-04,0.867,0.874,0.876,0.861,1165122.0
2021-01-05,0.87,0.868,0.877,0.86,896635.1
2021-01-06,0.862,0.862,0.866,0.851,1073130.0
2021-01-07,0.862,0.841,0.863,0.832,1256609.0
2021-01-08,0.834,0.874,0.878,0.834,1436094.0
2021-01-11,0.876,0.88,0.889,0.867,1166097.17
2021-01-12,0.878,0.875,0.879,0.862,1576923.17
2021-01-13,0.871,0.871,0.875,0.866,1063632.0
2021-01-14,0.873,0.87,0.881,0.863,1239436.0
2021-01-15,0.869,0.867,0.872,0.86,1058872.0
2021-01-18,0.869,0.878,0.883,0.864,1232391.1
2021-01-19,0.88,0.875,0.882,0.871,1145662.42
2021-01-20,0.878,0.875,0.88,0.869,954644.1
2021-01-21,0.878,0.895,0.898,0.878,1604426.0
2021-01-22,0.894,0.884,0.894,0.873,1201690.88
2021-01-25,0.883,0.873,0.883,0.866,1011955.0
2021-01-26,0.868,0.862,0.879,0.86,895788.0
2021-01-27,0.863,0.897,0.905,0.863,2342157.21
2021-01-28,0.894,0.887,0.91,0.883,2356450.26
2021-01-29,0.888,0.874,0.891,0.862,1229538.21
2021-02-01,0.877,0.882,0.883,0.869,692000.0
2021-02-02,0.882,0.877,0.887,0.868,816250.04
2021-02-03,0.875,0.871,0.883,0.867,1351218.7
2021-02-04,0.863,0.842,0.869,0.832,1383241.7
2021-02-05,0.842,0.83,0.853,0.828,725765.0
2021-02-08,0.828,0.837,0.839,0.818,1087825.71
2021-02-09,0.837,0.85,0.85,0.831,750553.71
2021-02-10,0.848,0.852,0.853,0.843,1036561.0
2021-02-18,0.888,0.861,0.891,0.859,1762710.02
2021-02-19,0.856,0.885,0.886,0.855,1522933.18
2021-02-22,0.886,0.865,0.889,0.864,1798933.02
2021-02-23,0.859,0.85,0.863,0.848,1068354.0
2021-02-24,0.848,0.851,0.865,0.845,795969.0
2021-02-25,0.854,0.848,0.858,0.844,659327.0
2021-02-26,0.839,0.836,0.843,0.831,799868.33
2021-03-01,0.839,0.86,0.86,0.839,633595.27
2021-03-02,0.861,0.845,0.862,0.84,557828.0
2021-03-03,0.845,0.857,0.858,0.84,442522.0
2021-03-04,0.852,0.846,0.854,0.843,693283.0
2021-03-05,0.839,0.857,0.859,0.833,588684.0
2021-03-08,0.86,0.845,0.873,0.842,829487.0
2021-03-09,0.841,0.835,0.849,0.817,794198.56
2021-03-10,0.837,0.818,0.841,0.818,802466.0
2021-03-11,0.82,0.827,0.831,0.815,763154.0
2021-03-12,0.826,0.817,0.828,0.813,583615.99
2021-03-15,0.812,0.802,0.815,0.798,2099989.0
2021-03-16,0.8,0.805,0.805,0.796,424203.0
2021-03-17,0.803,0.811,0.812,0.799,590581.0
2021-03-18,0.81,0.807,0.813,0.805,902474.0
2021-03-19,0.802,0.794,0.804,0.79,628194.5
2021-03-22,0.792,0.801,0.801,0.79,470527.0
2021-03-23,0.801,0.799,0.802,0.795,469763.0
2021-03-24,0.798,0.803,0.806,0.795,281161.88
2021-03-25,0.801,0.8,0.808,0.796,263420.0
2021-03-26,0.8,0.806,0.808,0.8,355921.0
2021-03-29,0.806,0.794,0.807,0.791,672840.0
2021-03-30,0.794,0.788,0.794,0.786,467021.1
2021-03-31,0.79,0.791,0.793,0.787,424895.01
2021-04-01,0.792,0.794,0.795,0.787,354970.0
2021-04-02,0.796,0.799,0.802,0.791,681025.0
2021-04-06,0.8,0.808,0.809,0.799,482089.0
2021-04-07,0.807,0.806,0.807,0.799,463969.0
2021-04-08,0.804,0.802,0.807,0.8,265637.0
2021-04-09,0.801,0.802,0.804,0.799,268214.33
2021-04-12,0.802,0.787,0.802,0.786,426126.0
2021-04-13,0.786,0.784,0.793,0.781,510003.51
2021-04-14,0.784,0.797,0.798,0.782,586092.0
2021-04-15,0.795,0.791,0.796,0.786,404429.0
2021-04-16,0.79,0.799,0.802,0.789,354860.29
2021-04-19,0.799,0.81,0.811,0.794,512624.0
2021-04-20,0.81,0.814,0.824,0.805,590508.0
2021-04-21,0.81,0.811,0.813,0.808,242817.29
2021-04-22,0.811,0.816,0.819,0.809,227013.29
2021-04-23,0.82,0.813,0.823,0.809,226106.0
2021-04-26,0.813,0.81,0.824,0.809,430402.0
2021-04-27,0.808,0.807,0.817,0.804,421725.0
2021-04-28,0.804,0.815,0.816,0.804,443387.0
2021-04-29,0.812,0.813,0.818,0.807,930976.0
2021-04-30,0.812,0.805,0.817,0.802,647635.0
2021-05-06,0.802,0.796,0.805,0.79,563389.0
2021-05-07,0.796,0.791,0.802,0.791,630298.0
2021-05-10,0.791,0.793,0.794,0.784,517026.0
2021-05-11,0.79,0.787,0.791,0.777,577021.0
2021-05-12,0.784,0.8,0.8,0.779,581657.0
2021-05-13,0.796,0.797,0.803,0.793,256880.0
2021-05-14,0.798,0.806,0.806,0.797,521091.0
2021-05-17,0.807,0.81,0.818,0.802,694389.0
2021-05-18,0.81,0.815,0.818,0.808,495212.13
2021-05-19,0.815,0.814,0.817,0.808,305810.0
2021-05-20,0.813,0.822,0.827,0.807,484859.0
2021-05-21,0.822,0.816,0.829,0.814,341448.0
2021-05-24,0.814,0.825,0.825,0.812,345924.78
2021-05-25,0.825,0.837,0.839,0.822,634384.96
2021-05-26,0.837,0.831,0.84,0.829,390232.51
2021-05-27,0.83,0.838,0.841,0.83,436465.0
2021-05-28,0.836,0.83,0.843,0.825,520802.27
2021-05-31,0.83,0.828,0.83,0.822,268836.51
2021-06-01,0.828,0.828,0.831,0.822,333500.89
2021-06-02,0.83,0.814,0.831,0.814,481137.0
2021-06-03,0.815,0.815,0.827,0.815,308703.0
2021-06-04,0.816,0.821,0.824,0.814,291535.0
2021-06-07,0.821,0.832,0.833,0.818,450862.0
2021-06-08,0.833,0.836,0.836,0.824,565680.0
2021-06-09,0.835,0.83,0.835,0.827,285385.0
2021-06-10,0.831,0.837,0.842,0.831,512737.87
2021-06-11,0.838,0.825,0.841,0.822,365358.13
2021-06-15,0.825,0.822,0.827,0.818,282099.0
2021-06-16,0.821,0.807,0.822,0.806,456294.0
2021-06-17,0.807,0.804,0.81,0.801,451643.0
2021-06-18,0.804,0.811,0.812,0.8,566877.0
2021-06-21,0.81,0.818,0.818,0.803,506363.0
2021-06-22,0.816,0.814,0.82,0.809,285662.0
2021-06-23,0.815,0.816,0.818,0.809,419654.0
2021-06-24,0.816,0.805,0.818,0.802,507015.29
2021-06-25,0.804,0.806,0.806,0.798,1108330.0
2021-06-28,0.806,0.811,0.813,0.803,565094.29
2021-06-29,0.809,0.803,0.81,0.802,349603.0
2021-06-30,0.803,0.802,0.803,0.797,657699.0
2021-07-01,0.804,0.796,0.808,0.795,530402.0
2021-07-02,0.795,0.787,0.799,0.784,879140.86
2021-07-05,0.785,0.772,0.79,0.767,1334003.0
2021-07-06,0.772,0.774,0.774,0.763,754366.0
2021-07-07,0.766,0.773,0.774,0.766,621291.0
2021-07-08,0.772,0.76,0.773,0.758,857191.0
2021-07-09,0.759,0.76,0.761,0.755,531284.0
2021-07-12,0.765,0.765,0.768,0.754,625160.97
2021-07-13,0.765,0.78,0.78,0.761,806868.0
2021-07-14,0.779,0.769,0.78,0.766,804144.0
2021-07-15,0.769,0.765,0.769,0.755,1003655.0
2021-07-16,0.766,0.769,0.77,0.762,457493.0
2021-07-19,0.766,0.759,0.767,0.754,848167.0
2021-07-20,0.754,0.756,0.758,0.752,445318.0
2021-07-21,0.757,0.758,0.762,0.756,384383.0
2021-07-22,0.759,0.759,0.762,0.755,496962.0
2021-07-23,0.759,0.742,0.759,0.741,1645036.0
2021-07-26,0.74,0.712,0.742,0.707,3155344.0
2021-07-27,0.712,0.692,0.715,0.688,1072259.03
2021-07-28,0.692,0.683,0.695,0.679,1434394.0
2021-07-29,0.69,0.693,0.697,0.69,747919.79
2021-07-30,0.692,0.689,0.692,0.683,773757.79
2021-08-02,0.686,0.7,0.701,0.682,549109.0
2021-08-03,0.695,0.691,0.697,0.687,624394.0
2021-08-04,0.691,0.683,0.691,0.681,892851.0
2021-08-05,0.681,0.667,0.682,0.665,1716136.0
2021-08-06,0.668,0.663,0.668,0.658,704971.0
2021-08-09,0.66,0.679,0.679,0.659,752847.0
2021-08-10,0.679,0.69,0.692,0.673,764079.26
2021-08-11,0.689,0.689,0.698,0.684,709014.26
2021-08-12,0.689,0.688,0.697,0.686,570386.26
2021-08-13,0.69,0.685,0.69,0.681,798374.0
2021-08-16,0.687,0.69,0.691,0.683,378331.42
2021-08-17,0.689,0.674,0.689,0.674,513032.29
2021-08-18,0.674,0.677,0.678,0.668,848491.68
2021-08-19,0.677,0.683,0.686,0.675,781185.0
2021-08-20,0.679,0.671,0.679,0.665,889824.0
2021-08-23,0.671,0.687,0.688,0.668,582801.26
2021-08-24,0.685,0.684,0.686,0.68,710546.0
2021-08-25,0.683,0.696,0.696,0.682,969926.86
2021-08-26,0.696,0.689,0.697,0.687,453072.0
2021-08-27,0.687,0.679,0.689,0.672,609549.0
2021-08-30,0.675,0.675,0.679,0.67,1283650.0
2021-08-31,0.673,0.678,0.679,0.668,620228.0
2021-09-01,0.677,0.703,0.706,0.677,2087611.56
2021-09-02,0.704,0.702,0.71,0.699,936693.0
2021-09-03,0.7,0.703,0.708,0.698,1287843.01
2021-09-06,0.704,0.711,0.714,0.701,1192109.42
2021-09-07,0.712,0.727,0.729,0.708,1526785.42
2021-09-08,0.727,0.762,0.763,0.727,4448458.09
2021-09-09,0.75,0.74,0.75,0.736,2380198.42
2021-09-10,0.739,0.735,0.741,0.73,1743307.68
2021-09-13,0.733,0.744,0.754,0.726,1816769.56
2021-09-14,0.742,0.729,0.747,0.727,1353234.0
2021-09-15,0.724,0.734,0.737,0.723,852669.0
2021-09-16,0.734,0.723,0.742,0.721,1017394.4
2021-09-17,0.723,0.717,0.725,0.707,1399227.58
2021-09-22,0.714,0.709,0.715,0.706,851601.0
2021-09-23,0.713,0.72,0.727,0.713,1172246.0
2021-09-24,0.721,0.721,0.73,0.719,914303.74
2021-09-27,0.719,0.709,0.722,0.704,809783.95
2021-09-28,0.71,0.703,0.712,0.701,775496.0
2021-09-29,0.7,0.689,0.701,0.687,1385512.0
2021-09-30,0.689,0.697,0.701,0.689,699270.43
2021-10-08,0.704,0.715,0.716,0.702,789643.43
2021-10-11,0.717,0.72,0.725,0.711,881638.0
2021-10-12,0.719,0.701,0.719,0.694,1309524.0
2021-10-13,0.699,0.704,0.705,0.695,1045400.0
2021-10-14,0.702,0.707,0.708,0.7,809949.93
2021-10-15,0.706,0.701,0.708,0.701,550426.0
2021-10-18,0.702,0.692,0.702,0.688,855947.0
2021-10-19,0.691,0.695,0.697,0.688,752190.93
2021-10-20,0.697,0.695,0.698,0.691,450255.37
2021-10-21,0.692,0.689,0.695,0.685,1349944.99
2021-10-22,0.69,0.696,0.699,0.689,1188357.77
2021-10-25,0.694,0.69,0.696,0.687,1082864.12
2021-10-26,0.689,0.687,0.692,0.685,1090994.0
2021-10-27,0.688,0.679,0.688,0.676,2653971.0
2021-10-28,0.68,0.677,0.68,0.669,1044942.0
2021-10-29,0.678,0.697,0.7,0.675,1892077.0
2021-11-01,0.697,0.708,0.716,0.696,1681471.12
2021-11-02,0.708,0.701,0.714,0.694,877514.0
2021-11-03,0.7,0.713,0.722,0.697,1445083.53
2021-11-04,0.713,0.724,0.724,0.71,1035379.0
2021-11-05,0.724,0.74,0.75,0.722,4426117.71
2021-11-08,0.741,0.745,0.751,0.732,1276079.12
2021-11-09,0.744,0.74,0.747,0.736,1000625.0
2021-11-10,0.743,0.746,0.755,0.739,1791137.05
2021-11-11,0.738,0.758,0.765,0.735,1285632.9
2021-11-12,0.754,0.758,0.765,0.753,1044181.06
2021-11-15,0.757,0.785,0.79,0.757,2933599.0
2021-11-16,0.783,0.791,0.803,0.78,2461979.81
2021-11-17,0.788,0.794,0.802,0.788,1075773.81
2021-11-18,0.792,0.774,0.799,0.769,1691569.06
2021-11-19,0.772,0.776,0.786,0.77,761440.87
2021-11-22,0.774,0.774,0.782,0.769,857018.0
2021-11-23,0.771,0.776,0.776,0.759,1181649.8
2021-11-24,0.773,0.785,0.79,0.768,844796.99
2021-11-25,0.778,0.765,0.783,0.761,978291.0
2021-11-26,0.759,0.755,0.765,0.754,1067694.99
2021-11-29,0.747,0.743,0.751,0.738,2835951.99
2021-11-30,0.743,0.741,0.75,0.736,1241741.28
2021-12-01,0.74,0.753,0.755,0.74,723854.0
2021-12-02,0.747,0.737,0.75,0.737,736488.0
2021-12-03,0.737,0.744,0.746,0.737,888829.0
2021-12-06,0.743,0.736,0.744,0.732,891067.0
2021-12-07,0.739,0.741,0.746,0.735,957310.0
2021-12-08,0.741,0.755,0.758,0.735,1340705.17
2021-12-09,0.755,0.765,0.77,0.754,1001647.0
2021-12-10,0.763,0.776,0.782,0.76,1328323.51
2021-12-13,0.78,0.808,0.809,0.78,3722324.0
2021-12-14,0.805,0.811,0.82,0.799,2021499.0
2021-12-15,0.809,0.812,0.822,0.804,1807660.0
2021-12-16,0.81,0.826,0.834,0.805,1591212.74
2021-12-17,0.825,0.822,0.833,0.814,1426222.0
2021-12-20,0.818,0.796,0.827,0.793,1340742.0
2021-12-21,0.795,0.811,0.815,0.794,1002069.79
2021-12-22,0.812,0.838,0.845,0.81,1567610.79
2021-12-23,0.838,0.828,0.844,0.827,1024112.79
2021-12-24,0.828,0.832,0.842,0.821,974138.25
2021-12-27,0.83,0.816,0.831,0.808,1120483.0
2021-12-28,0.813,0.816,0.826,0.812,1153500.06
2021-12-29,0.814,0.803,0.814,0.802,801496.25
2021-12-30,0.803,0.844,0.849,0.802,2054570.76
2021-12-31,0.849,0.858,0.86,0.839,2551380.5
2022-01-04,0.86,0.891,0.896,0.858,1956733.5
2022-01-05,0.887,0.892,0.903,0.878,2229333.35
2022-01-06,0.887,0.879,0.887,0.865,1625309.49
2022-01-07,0.874,0.864,0.903,0.861,2023769.98
2022-01-10,0.858,0.864,0.867,0.841,1564180.0
2022-01-11,0.859,0.835,0.866,0.831,3023150.0
2022-01-12,0.836,0.843,0.849,0.83,1567111.5
2022-01-13,0.842,0.824,0.846,0.822,1020478.0
2022-01-14,0.817,0.831,0.841,0.816,1432220.25
2022-01-17,0.832,0.86,0.86,0.832,2142141.75
2022-01-18,0.859,0.842,0.865,0.838,1823818.01
2022-01-19,0.843,0.849,0.862,0.841,1061866.83
2022-01-20,0.848,0.827,0.848,0.822,1560149.0
2022-01-21,0.82,0.803,0.83,0.801,1459263.3
2022-01-24,0.797,0.804,0.809,0.795,2024950.0
2022-01-25,0.802,0.754,0.803,0.751,3013523.3
2022-01-26,0.754,0.754,0.764,0.743,1590258.0
2022-01-27,0.749,0.723,0.751,0.721,3305697.0
2022-01-28,0.726,0.727,0.738,0.721,1529381.0
2022-02-07,0.729,0.72,0.73,0.713,1030977.0
2022-02-08,0.72,0.731,0.732,0.711,1791950.0
2022-02-09,0.728,0.753,0.754,0.726,1890580.0
2022-02-10,0.75,0.762,0.763,0.741,1853397.69
2022-02-11,0.755,0.743,0.764,0.74,1879861.78
2022-02-14,0.739,0.745,0.755,0.737,1244152.0
2022-02-15,0.745,0.751,0.758,0.745,1120261.0
2022-02-16,0.755,0.754,0.758,0.749,859756.0
2022-02-17,0.748,0.74,0.75,0.738,962717.0
2022-02-18,0.734,0.745,0.746,0.731,763268.16
2022-02-21,0.745,0.752,0.753,0.742,848812.69
2022-02-22,0.743,0.718,0.743,0.712,1968155.69
2022-02-23,0.718,0.733,0.735,0.718,1091782.26
2022-02-24,0.726,0.701,0.73,0.69,1924276.0
2022-02-25,0.707,0.707,0.715,0.704,1297568.43
2022-02-28,0.704,0.704,0.706,0.691,1807657.0
2022-03-01,0.702,0.712,0.712,0.702,1317102.43
2022-03-02,0.705,0.707,0.712,0.702,1343312.0
2022-03-03,0.71,0.703,0.711,0.698,1568616.57
2022-03-04,0.696,0.701,0.708,0.694,1455298.0
2022-03-07,0.696,0.685,0.697,0.68,1611148.0
2022-03-08,0.681,0.662,0.687,0.66,2039790.42
2022-03-09,0.665,0.655,0.667,0.626,1625500.02
2022-03-10,0.667,0.658,0.672,0.657,1194450.18
2022-03-11,0.649,0.667,0.671,0.645,1032260.92
2022-03-14,0.658,0.647,0.671,0.646,652134.55
2022-03-15,0.64,0.608,0.642,0.589,1268884.0
2022-03-16,0.616,0.635,0.636,0.599,1375847.0
2022-03-17,0.643,0.657,0.67,0.643,1981022.0
2022-03-18,0.656,0.662,0.666,0.65,718702.98
2022-03-21,0.666,0.663,0.67,0.653,613621.0
2022-03-22,0.658,0.667,0.672,0.653,559794.0
2022-03-23,0.67,0.67,0.675,0.664,733304.0
2022-03-24,0.667,0.654,0.667,0.653,563920.0
2022-03-25,0.654,0.655,0.665,0.654,490266.0
2022-03-28,0.654,0.665,0.669,0.651,1028743.0
2022-03-29,0.665,0.656,0.667,0.653,692670.29
2022-03-30,0.656,0.671,0.672,0.655,964519.18
2022-03-31,0.666,0.67,0.675,0.662,754681.47
2022-04-01,0.662,0.691,0.691,0.657,1671171.0
2022-04-06,0.689,0.693,0.7,0.686,1180773.0
2022-04-07,0.69,0.675,0.694,0.673,1460299.0
2022-04-08,0.673,0.658,0.675,0.654,1090835.0
2022-04-11,0.656,0.635,0.656,0.632,1176177.0
2022-04-12,0.653,0.653,0.657,0.635,1152249.0
2022-04-13,0.645,0.63,0.645,0.628,1811796.0
2022-04-14,0.636,0.635,0.641,0.629,1240235.0
2022-04-15,0.631,0.621,0.631,0.618,894855.0
2022-04-18,0.616,0.616,0.618,0.603,1109641.0
2022-04-19,0.615,0.62,0.621,0.611,1569660.0
2022-04-20,0.62,0.617,0.628,0.614,972685.0
2022-04-21,0.611,0.597,0.618,0.594,1439491.0
2022-04-22,0.593,0.589,0.596,0.582,1539055.0
2022-04-25,0.578,0.55,0.581,0.546,2988741.0
2022-04-26,0.553,0.548,0.565,0.543,1519320.0
2022-04-27,0.541,0.561,0.562,0.531,1494001.0
2022-04-28,0.554,0.55,0.557,0.541,1302709.0
2022-04-29,0.552,0.59,0.596,0.551,2081514.0
2022-05-05,0.582,0.587,0.589,0.578,1248384.0
2022-05-06,0.57,0.573,0.578,0.566,988117.0
2022-05-09,0.569,0.58,0.584,0.569,539559.0
2022-05-10,0.572,0.583,0.584,0.567,611796.0
2022-05-11,0.582,0.586,0.601,0.582,1324018.0
2022-05-12,0.58,0.586,0.588,0.577,822654.0
2022-05-13,0.588,0.588,0.59,0.581,611097.0
2022-05-16,0.59,0.59,0.593,0.586,818309.0
2022-05-17,0.589,0.59,0.592,0.58,734686.0
2022-05-18,0.592,0.587,0.599,0.586,674766.0
2022-05-19,0.575,0.585,0.586,0.575,705179.0
2022-05-20,0.588,0.595,0.595,0.586,719641.0
2022-05-23,0.602,0.599,0.611,0.596,1060592.0
2022-05-24,0.598,0.577,0.602,0.576,1044754.0
2022-05-25,0.576,0.6,0.601,0.572,1412083.0
2022-05-26,0.6,0.606,0.61,0.592,1384667.0
2022-05-27,0.608,0.601,0.611,0.594,949716.0
2022-05-30,0.602,0.603,0.604,0.596,1092629.0
2022-05-31,0.601,0.614,0.617,0.598,1481031.0
2022-06-01,0.614,0.615,0.622,0.61,954032.0
2022-06-02,0.613,0.615,0.616,0.606,821394.0
2022-06-06,0.614,0.626,0.627,0.612,1040091.0
2022-06-07,0.626,0.624,0.631,0.62,1004882.0
2022-06-08,0.631,0.629,0.635,0.614,1846942.0
2022-06-09,0.625,0.621,0.631,0.618,974851.0
2022-06-10,0.617,0.629,0.63,0.613,737462.0
2022-06-13,0.623,0.621,0.626,0.613,762455.0
2022-06-14,0.613,0.62,0.621,0.6,759038.0
2022-06-15,0.618,0.626,0.635,0.618,1057490.0
2022-06-16,0.625,0.645,0.649,0.624,1460155.0
2022-06-17,0.645,0.635,0.645,0.624,1497562.0
2022-06-20,0.635,0.641,0.642,0.631,811592.0
2022-06-21,0.639,0.646,0.649,0.636,1501650.0
2022-06-22,0.646,0.625,0.648,0.623,983819.0
2022-06-23,0.624,0.628,0.631,0.616,888926.0
2022-06-24,0.629,0.63,0.635,0.626,1016874.0
2022-06-27,0.631,0.639,0.646,0.631,1296795.0
2022-06-28,0.639,0.644,0.645,0.63,771353.0
2022-06-29,0.641,0.635,0.649,0.633,1447442.0
2022-06-30,0.637,0.643,0.649,0.637,1459741.0
2022-07-01,0.643,0.632,0.644,0.631,900679.0
2022-07-04,0.631,0.632,0.633,0.626,1209459.0
2022-07-05,0.632,0.623,0.634,0.616,1953047.0
2022-07-06,0.621,0.612,0.621,0.606,1105153.0
2022-07-07,0.61,0.609,0.613,0.607,1328257.0
2022-07-08,0.61,0.616,0.623,0.61,1448522.0
2022-07-11,0.615,0.606,0.615,0.602,982489.0
2022-07-12,0.604,0.601,0.607,0.6,627790.0
2022-07-13,0.604,0.604,0.61,0.601,699488.0
2022-07-14,0.6,0.602,0.606,0.599,549186.0
2022-07-15,0.601,0.588,0.602,0.587,759890.0
2022-07-18,0.588,0.604,0.604,0.588,740152.0
2022-07-19,0.601,0.613,0.614,0.601,884065.0
2022-07-20,0.618,0.615,0.62,0.612,740782.0
2022-07-21,0.614,0.621,0.626,0.613,1154042.0
2022-07-22,0.621,0.611,0.622,0.607,958560.0
2022-07-25,0.61,0.605,0.615,0.603,501795.0
2022-07-26,0.606,0.617,0.618,0.606,1092991.0
2022-07-27,0.614,0.611,0.617,0.61,437751.0
2022-07-28,0.613,0.615,0.619,0.612,566837.0
2022-07-29,0.614,0.605,0.617,0.604,596459.0
2022-08-01,0.604,0.605,0.606,0.596,535013.0
2022-08-02,0.599,0.583,0.6,0.575,1335377.0
2022-08-03,0.583,0.577,0.59,0.575,1114603.0
2022-08-04,0.578,0.582,0.583,0.575,607601.0
2022-08-05,0.582,0.599,0.599,0.582,1097340.0
2022-08-08,0.599,0.598,0.6,0.594,481310.0
2022-08-09,0.598,0.594,0.598,0.59,430744.0
2022-08-10,0.594,0.589,0.594,0.587,476653.0
2022-08-11,0.594,0.609,0.609,0.593,783350.0
2022-08-12,0.609,0.615,0.617,0.605,855404.0
2022-08-15,0.613,0.608,0.613,0.606,683799.0
2022-08-16,0.608,0.604,0.611,0.602,604089.0
2022-08-17,0.606,0.613,0.615,0.602,627066.0
2022-08-18,0.612,0.603,0.613,0.601,495542.0
2022-08-19,0.602,0.609,0.619,0.602,1208277.0
2022-08-22,0.607,0.618,0.618,0.598,766987.0
2022-08-23,0.616,0.609,0.618,0.607,706417.0
2022-08-24,0.609,0.602,0.616,0.6,759018.0
2022-08-25,0.605,0.604,0.605,0.592,920475.0
2022-08-26,0.604,0.603,0.611,0.601,607193.0
2022-08-29,0.597,0.6,0.601,0.592,576118.0
2022-08-30,0.6,0.606,0.611,0.598,684764.0
2022-08-31,0.603,0.606,0.616,0.603,1391236.0
2022-09-01,0.603,0.592,0.607,0.592,2311778.0
2022-09-02,0.592,0.603,0.609,0.592,1812356.0
2022-09-05,0.602,0.595,0.603,0.59,2264516.0
2022-09-06,0.594,0.596,0.597,0.59,1710791.0
2022-09-07,0.593,0.585,0.594,0.582,2487325.0
2022-09-08,0.584,0.582,0.588,0.581,694865.0
2022-09-09,0.582,0.585,0.586,0.578,1372788.0
2022-09-13,0.585,0.586,0.59,0.584,666254.0
2022-09-14,0.581,0.579,0.582,0.577,912479.0
2022-09-15,0.581,0.576,0.586,0.57,1074748.0
2022-09-16,0.574,0.565,0.578,0.563,1336829.0
2022-09-19,0.564,0.553,0.564,0.548,1685115.0
2022-09-20,0.554,0.556,0.558,0.553,844138.0
2022-09-21,0.554,0.558,0.56,0.545,930976.0
2022-09-22,0.555,0.55,0.558,0.55,638389.0
2022-09-23,0.55,0.54,0.552,0.537,1213855.0
2022-09-26,0.537,0.531,0.541,0.531,816759.0
2022-09-27,0.533,0.548,0.549,0.533,2141144.0
2022-09-28,0.546,0.539,0.547,0.538,776628.0
2022-09-29,0.542,0.528,0.545,0.526,1089765.0
2022-09-30,0.529,0.528,0.533,0.526,917739.0
2022-10-10,0.528,0.514,0.529,0.513,1400306.0
2022-10-11,0.514,0.513,0.516,0.506,1318737.0
2022-10-12,0.513,0.524,0.525,0.506,1091295.0
2022-10-13,0.521,0.525,0.531,0.519,919089.0
2022-10-14,0.528,0.537,0.54,0.528,1038307.0
2022-10-17,0.536,0.541,0.543,0.534,851747.0
2022-10-18,0.543,0.539,0.544,0.537,522172.0
2022-10-19,0.539,0.531,0.539,0.531,624949.0
2022-10-20,0.53,0.535,0.54,0.528,716270.0
2022-10-21,0.536,0.526,0.536,0.525,700545.0
2022-10-24,0.526,0.51,0.533,0.508,1004823.0
2022-10-25,0.509,0.506,0.511,0.5,681006.0
2022-10-26,0.506,0.515,0.522,0.505,907956.0
2022-10-27,0.518,0.523,0.527,0.515,819911.0
2022-10-28,0.521,0.506,0.522,0.504,714502.0
2022-10-31,0.504,0.511,0.515,0.501,696178.0
2022-11-01,0.51,0.528,0.529,0.509,848326.0
2022-11-02,0.539,0.54,0.545,0.536,1748155.0
2022-11-03,0.533,0.535,0.537,0.531,906003.0
2022-11-04,0.534,0.546,0.548,0.533,1569758.0
2022-11-07,0.542,0.555,0.56,0.54,1266547.0
2022-11-08,0.554,0.555,0.558,0.55,1041087.0
2022-11-09,0.555,0.552,0.558,0.55,757842.0
2022-11-10,0.547,0.567,0.568,0.546,1353388.0
2022-11-11,0.576,0.569,0.58,0.567,1447570.0
2022-11-14,0.568,0.571,0.576,0.562,1357427.0
2022-11-15,0.568,0.579,0.58,0.568,1216704.0
2022-11-16,0.581,0.587,0.592,0.58,1510681.0
2022-11-17,0.6,0.603,0.604,0.59,2298979.0
2022-11-18,0.603,0.601,0.623,0.6,2358891.0
2022-11-21,0.598,0.587,0.601,0.581,1463557.0
2022-11-22,0.583,0.581,0.587,0.577,718799.0
2022-11-23,0.579,0.576,0.581,0.569,767266.0
2022-11-24,0.576,0.571,0.579,0.568,645795.0
2022-11-25,0.57,0.572,0.576,0.568,658705.0
2022-11-28,0.565,0.572,0.574,0.559,958941.0
2022-11-29,0.571,0.588,0.589,0.569,1011510.0
2022-11-30,0.588,0.587,0.592,0.583,949379.0
2022-12-01,0.597,0.595,0.602,0.594,1113219.0
2022-12-02,0.595,0.6,0.608,0.595,960188.0
2022-12-05,0.605,0.614,0.616,0.603,1357942.0
2022-12-06,0.616,0.606,0.617,0.604,1076224.0
2022-12-07,0.605,0.61,0.618,0.601,1000882.0
2022-12-08,0.607,0.609,0.611,0.599,694321.0
2022-12-09,0.608,0.605,0.609,0.595,879340.0
2022-12-12,0.603,0.597,0.606,0.595,565074.0
2022-12-13,0.595,0.6,0.606,0.593,648797.0
2022-12-14,0.596,0.603,0.608,0.594,599012.0
2022-12-15,0.601,0.599,0.607,0.597,816629.0
2022-12-16,0.595,0.595,0.596,0.589,536866.0
2022-12-19,0.592,0.583,0.595,0.58,784612.0
2022-12-20,0.583,0.572,0.586,0.57,1138081.0
2022-12-21,0.572,0.576,0.581,0.571,495588.0
2022-12-22,0.577,0.58,0.591,0.576,746789.0
2022-12-23,0.576,0.59,0.595,0.576,1373804.0
2022-12-26,0.59,0.59,0.596,0.587,1392040.0
2022-12-27,0.593,0.591,0.593,0.586,1267214.0
2022-12-28,0.59,0.593,0.595,0.583,752081.0
2022-12-29,0.594,0.588,0.599,0.588,549892.0
2022-12-30,0.589,0.599,0.601,0.588,920528.0
2023-01-03,0.599,0.615,0.619,0.598,2580830.0
2023-01-04,0.615,0.622,0.627,0.613,1444353.0
2023-01-05,0.622,0.632,0.638,0.622,2046842.0
2023-01-06,0.633,0.617,0.633,0.615,1189401.0
2023-01-09,0.619,0.628,0.63,0.618,843239.0
2023-01-10,0.628,0.636,0.639,0.623,1212197.0
2023-01-11,0.636,0.622,0.637,0.621,1267019.0
2023-01-12,0.624,0.624,0.629,0.619,833563.0
2023-01-13,0.624,0.633,0.634,0.622,623043.0
2023-01-16,0.636,0.632,0.637,0.629,2055813.0
2023-01-17,0.631,0.624,0.633,0.62,1579392.0
2023-01-18,0.625,0.633,0.637,0.625,1066470.0
2023-01-19,0.63,0.64,0.641,0.626,1575702.0
2023-01-20,0.64,0.644,0.645,0.638,1097696.0
2023-01-30,0.651,0.642,0.659,0.641,2781928.0
2023-01-31,0.639,0.645,0.645,0.637,1233002.0
2023-02-01,0.643,0.653,0.654,0.639,1400849.0
2023-02-02,0.653,0.66,0.669,0.653,3154962.0
2023-02-03,0.656,0.668,0.67,0.656,1571668.0
2023-02-06,0.666,0.672,0.677,0.658,1777504.0
2023-02-07,0.671,0.686,0.689,0.667,3683445.0
2023-02-08,0.686,0.671,0.688,0.669,1758383.0
2023-02-09,0.665,0.687,0.688,0.663,1252576.0
2023-02-10,0.685,0.688,0.697,0.682,1544060.0
2023-02-13,0.686,0.694,0.696,0.681,1631313.0
2023-02-14,0.694,0.688,0.698,0.686,1196440.0
2023-02-15,0.687,0.701,0.702,0.685,1195600.0
2023-02-16,0.699,0.698,0.72,0.69,2083259.0
2023-02-17,0.697,0.678,0.7,0.677,1825040.0
2023-02-20,0.679,0.704,0.705,0.679,2140644.0
2023-02-21,0.701,0.694,0.706,0.688,1340821.0
2023-02-22,0.688,0.686,0.692,0.679,1073033.0
2023-02-23,0.686,0.675,0.688,0.67,879140.0
2023-02-24,0.673,0.674,0.678,0.668,737621.0
2023-02-27,0.67,0.663,0.675,0.661,888905.0
2023-02-28,0.665,0.671,0.672,0.662,977367.0
2023-03-01,0.67,0.698,0.7,0.67,1242478.0
2023-03-02,0.697,0.709,0.714,0.696,4249005.0
2023-03-03,0.708,0.706,0.713,0.697,1216066.0
2023-03-06,0.703,0.701,0.708,0.698,887055.0
2023-03-07,0.7,0.684,0.705,0.684,968686.0
2023-03-08,0.683,0.694,0.694,0.682,935635.0
2023-03-09,0.694,0.692,0.695,0.684,827668.0
2023-03-10,0.686,0.68,0.692,0.68,844029.0
2023-03-13,0.68,0.699,0.699,0.675,2064979.0
2023-03-14,0.697,0.695,0.709,0.69,1164258.0
2023-03-15,0.697,0.692,0.703,0.69,804083.0
2023-03-16,0.689,0.697,0.704,0.679,1170378.0
2023-03-17,0.699,0.73,0.733,0.699,2515744.0
2023-03-20,0.745,0.75,0.765,0.73,4640865.0
2023-03-21,0.747,0.766,0.772,0.745,4624484.0
2023-03-22,0.768,0.789,0.789,0.761,2810735.0
2023-03-23,0.783,0.787,0.79,0.775,2085809.0
2023-03-24,0.784,0.82,0.82,0.784,4476459.0
2023-03-27,0.816,0.828,0.839,0.804,3439668.0
2023-03-28,0.818,0.814,0.833,0.808,2691110.0
2023-03-29,0.808,0.806,0.823,0.795,2596787.0
2023-03-30,0.801,0.799,0.81,0.787,1436724.0
2023-03-31,0.793,0.846,0.847,0.791,3236351.0
2023-04-03,0.838,0.887,0.893,0.835,5251119.0
2023-04-04,0.88,0.882,0.905,0.875,5126582.0
2023-04-06,0.86,0.858,0.871,0.842,4691478.0
2023-04-07,0.854,0.89,0.897,0.845,3913229.0
2023-04-10,0.888,0.843,0.896,0.838,3062294.0
2023-04-11,0.841,0.89,0.907,0.841,3632738.0
2023-04-12,0.887,0.939,0.941,0.88,4448584.0
2023-04-13,0.933,0.92,0.954,0.916,3900817.0
2023-04-14,0.911,0.898,0.93,0.875,4617741.0
2023-04-17,0.888,0.863,0.89,0.86,4093982.0
2023-04-18,0.86,0.87,0.873,0.838,3153119.0
2023-04-19,0.86,0.871,0.894,0.859,3498359.0
2023-04-20,0.868,0.922,0.924,0.867,3573317.0
2023-04-21,0.922,0.876,0.934,0.874,3736883.0
2023-04-24,0.868,0.909,0.925,0.868,5236276.0
2023-04-25,0.905,0.933,0.94,0.893,4499339.0
2023-04-26,0.922,0.922,0.952,0.887,4007007.0
2023-04-27,0.908,0.88,0.923,0.864,3228038.0
2023-04-28,0.871,0.961,0.968,0.871,4598667.0
2023-05-04,0.975,1.019,1.028,0.968,4958691.0
2023-05-05,1.004,0.992,1.016,0.98,3181412.0
2023-05-08,0.974,0.984,1.001,0.955,3462705.0
2023-05-09,0.97,0.956,1.0,0.953,2807962.0
2023-05-10,0.946,0.946,0.975,0.923,3252079.0
2023-05-11,0.947,0.966,0.989,0.945,3048442.0
2023-05-12,0.954,0.917,0.966,0.916,2553229.0
2023-05-15,0.92,0.902,0.93,0.876,3277929.0
2023-05-16,0.901,0.866,0.911,0.863,3023479.0
2023-05-17,0.853,0.872,0.889,0.853,2309002.0
2023-05-18,0.868,0.898,0.902,0.86,2214167.0
2023-05-19,0.893,0.877,0.907,0.873,1819914.0
2023-05-22,0.868,0.859,0.878,0.844,2850898.0
2023-05-23,0.86,0.843,0.866,0.842,2452569.0
2023-05-24,0.838,0.85,0.856,0.827,2691580.0
2023-05-25,0.845,0.828,0.857,0.807,2021757.0
2023-05-26,0.823,0.848,0.851,0.819,2907417.0
2023-05-29,0.849,0.86,0.878,0.841,2802562.0
2023-05-30,0.851,0.9,0.904,0.835,3383323.0
2023-05-31,0.895,0.913,0.922,0.895,4159721.0
2023-06-01,0.904,0.934,0.955,0.902,5600509.0
2023-06-02,0.938,0.934,0.949,0.928,3152112.0
2023-06-05,0.929,0.954,0.959,0.925,2320431.0
2023-06-06,0.95,0.927,0.968,0.92,2746523.0
2023-06-07,0.921,0.936,0.946,0.912,1846513.0
2023-06-08,0.929,0.917,0.934,0.9,2105854.0
2023-06-09,0.91,0.955,0.957,0.908,3264561.0
2023-06-12,0.95,0.948,0.963,0.943,2441660.0
2023-06-13,0.945,0.979,0.985,0.945,3112944.0
2023-06-14,0.974,0.992,1.011,0.973,3520048.0
2023-06-15,0.994,0.986,1.015,0.981,2842504.0
2023-06-16,0.974,1.005,1.014,0.967,2418770.0
2023-06-19,1.004,1.012,1.016,0.995,2519560.0
2023-06-20,1.011,1.019,1.035,1.0,2411794.0
2023-06-21,1.005,0.941,1.009,0.94,4376498.0
2023-06-26,0.923,0.89,0.942,0.884,3322840.0
2023-06-27,0.89,0.9,0.914,0.883,1925265.0
2023-06-28,0.889,0.888,0.899,0.856,2541573.0
2023-06-29,0.881,0.9,0.908,0.881,2660404.0
2023-06-30,0.901,0.894,0.906,0.883,2956972.0
2023-07-03,0.895,0.86,0.899,0.845,2808607.0
2023-07-04,0.855,0.867,0.869,0.855,1676299.0
2023-07-05,0.863,0.854,0.87,0.853,2377791.0
2023-07-06,0.854,0.859,0.88,0.851,2140268.0
2023-07-07,0.854,0.852,0.86,0.828,1761827.0
2023-07-10,0.852,0.863,0.863,0.845,1253565.0
2023-07-11,0.861,0.855,0.867,0.846,1612144.0
2023-07-12,0.853,0.836,0.862,0.833,1479586.0
2023-07-13,0.836,0.866,0.868,0.834,2166149.0
2023-07-14,0.869,0.879,0.89,0.868,1713415.0
2023-07-17,0.874,0.858,0.876,0.855,1696610.0
2023-07-18,0.859,0.846,0.862,0.844,2044790.0
2023-07-19,0.847,0.857,0.862,0.844,1421232.0
2023-07-20,0.853,0.837,0.855,0.834,1213098.0
2023-07-21,0.832,0.833,0.844,0.825,1285176.0
2023-07-24,0.828,0.831,0.846,0.824,1116976.0
2023-07-25,0.835,0.842,0.852,0.832,1680812.0
2023-07-26,0.843,0.819,0.843,0.813,2100069.0
2023-07-27,0.817,0.808,0.825,0.807,2276236.0
2023-07-28,0.805,0.806,0.811,0.798,1670707.0
2023-07-31,0.809,0.831,0.839,0.8,2981459.0
2023-08-01,0.824,0.829,0.833,0.817,1721214.0
2023-08-02,0.826,0.827,0.828,0.816,1327493.0
2023-08-03,0.82,0.819,0.829,0.816,1273196.0
2023-08-04,0.821,0.841,0.845,0.819,2778154.0
2023-08-07,0.843,0.851,0.862,0.84,4640426.0
2023-08-08,0.85,0.852,0.865,0.846,3776447.0
2023-08-09,0.846,0.822,0.851,0.821,3686280.0
2023-08-10,0.822,0.825,0.836,0.82,2436632.0
2023-08-11,0.825,0.813,0.837,0.812,2031600.0
2023-08-14,0.808,0.839,0.841,0.802,2294927.0
2023-08-15,0.841,0.817,0.842,0.81,1841402.0
2023-08-16,0.813,0.801,0.818,0.796,1649166.0
2023-08-17,0.797,0.81,0.813,0.793,1438531.0
2023-08-18,0.808,0.784,0.814,0.783,1720339.0
2023-08-21,0.783,0.78,0.799,0.779,1670835.0
2023-08-22,0.784,0.806,0.808,0.778,2588232.0
2023-08-23,0.801,0.794,0.807,0.793,1582371.0
2023-08-24,0.798,0.807,0.826,0.797,3534581.0
2023-08-25,0.8,0.784,0.806,0.778,1866430.0
2023-08-28,0.836,0.799,0.84,0.795,2426050.0
2023-08-29,0.795,0.829,0.831,0.793,2921808.0
2023-08-30,0.829,0.845,0.849,0.826,4130439.0
2023-08-31,0.84,0.832,0.844,0.827,1913183.0
2023-09-01,0.832,0.822,0.833,0.817,1974491.0
2023-09-04,0.822,0.825,0.826,0.812,1903716.0
2023-09-05,0.824,0.807,0.824,0.804,1856403.0
2023-09-06,0.803,0.795,0.803,0.788,1500918.0
2023-09-07,0.792,0.785,0.801,0.782,2926555.0
2023-09-08,0.779,0.765,0.782,0.759,3627878.0
2023-09-11,0.765,0.781,0.789,0.765,2389692.0
2023-09-12,0.777,0.771,0.779,0.769,1272129.0
2023-09-13,0.771,0.76,0.771,0.754,2211795.0
2023-09-14,0.76,0.755,0.76,0.749,1785782.0
2023-09-15,0.757,0.752,0.762,0.747,1201953.0
2023-09-18,0.748,0.755,0.758,0.744,1503813.0
2023-09-19,0.754,0.743,0.754,0.74,1208594.0
2023-09-20,0.742,0.737,0.748,0.736,1165971.0
2023-09-21,0.738,0.731,0.74,0.729,1279637.0
2023-09-22,0.73,0.765,0.765,0.729,2084371.0
2023-09-25,0.761,0.76,0.768,0.756,1325917.0
2023-09-26,0.76,0.77,0.777,0.757,1353994.0
2023-09-27,0.767,0.775,0.779,0.766,1396820.0
2023-09-28,0.776,0.771,0.778,0.769,1208179.0
2023-10-09,0.769,0.76,0.769,0.752,1086098.0
2023-10-10,0.76,0.761,0.768,0.758,823959.0
2023-10-11,0.761,0.769,0.779,0.757,1422952.0
2023-10-12,0.769,0.76,0.772,0.755,950345.0
2023-10-13,0.755,0.744,0.756,0.742,1206001.0
2023-10-16,0.744,0.736,0.747,0.732,1210747.0
2023-10-17,0.736,0.736,0.738,0.728,1032154.0
2023-10-18,0.734,0.719,0.735,0.717,1207590.0
2023-10-19,0.717,0.716,0.725,0.715,1725725.0
2023-10-20,0.714,0.7,0.716,0.698,1344695.0
2023-10-23,0.694,0.68,0.699,0.676,1364618.0
2023-10-24,0.683,0.696,0.701,0.683,1457924.0
2023-10-25,0.7,0.698,0.705,0.691,1299124.0
2023-10-26,0.69,0.694,0.696,0.684,1081228.0
2023-10-27,0.696,0.707,0.707,0.69,1288019.0
2023-10-30,0.706,0.715,0.717,0.701,1506888.0
2023-10-31,0.72,0.717,0.728,0.711,1431286.0
2023-11-01,0.712,0.72,0.738,0.711,1531525.0
2023-11-02,0.721,0.734,0.745,0.72,1989826.0
2023-11-03,0.732,0.735,0.741,0.722,1469963.0
2023-11-06,0.74,0.771,0.773,0.74,2949641.0
2023-11-07,0.772,0.774,0.778,0.764,2459122.0
2023-11-08,0.769,0.798,0.806,0.767,3106893.0
2023-11-09,0.796,0.784,0.798,0.78,2106063.0
2023-11-10,0.78,0.769,0.784,0.767,2069832.0
2023-11-13,0.773,0.779,0.788,0.773,1838683.0
2023-11-14,0.777,0.782,0.783,0.774,1286302.0
2023-11-15,0.789,0.775,0.793,0.771,1453704.0
2023-11-16,0.773,0.779,0.786,0.766,1623162.0
2023-11-17,0.776,0.785,0.788,0.775,1628771.0
2023-11-20,0.782,0.794,0.797,0.78,1672682.0
2023-11-21,0.796,0.803,0.815,0.796,2296177.0
2023-11-22,0.8,0.804,0.813,0.796,2370222.0
2023-11-23,0.8,0.789,0.8,0.781,1753234.0
2023-11-24,0.787,0.777,0.796,0.773,2329029.0
2023-11-27,0.773,0.761,0.773,0.758,1463930.0
2023-11-28,0.759,0.765,0.766,0.752,1143678.0
2023-11-29,0.764,0.757,0.765,0.754,850712.0
2023-11-30,0.754,0.754,0.76,0.747,976953.0
2023-12-01,0.751,0.79,0.793,0.751,2023346.0
2023-12-04,0.79,0.792,0.804,0.786,2164035.0
2023-12-05,0.788,0.77,0.791,0.768,1708667.0
2023-12-06,0.764,0.788,0.799,0.756,2090302.0
2023-12-07,0.79,0.803,0.808,0.79,4360223.0
2023-12-08,0.8,0.798,0.809,0.788,2498003.0
2023-12-11,0.795,0.822,0.824,0.791,2573849.0
2023-12-12,0.823,0.819,0.837,0.816,2313192.0
2023-12-13,0.818,0.812,0.829,0.811,3389477.0
2023-12-14,0.814,0.808,0.826,0.805,2431428.0
2023-12-15,0.806,0.81,0.821,0.793,2303978.0
2023-12-18,0.809,0.79,0.81,0.787,2201511.0
2023-12-19,0.785,0.802,0.804,0.785,2120450.0
2023-12-20,0.802,0.773,0.803,0.772,2301945.0
2023-12-21,0.765,0.783,0.788,0.765,2379045.0
2023-12-22,0.78,0.71,0.781,0.705,6292201.0
2023-12-25,0.706,0.707,0.713,0.69,6426708.0
2023-12-26,0.708,0.699,0.714,0.693,2022937.0
2023-12-27,0.703,0.691,0.708,0.688,1514356.0
2023-12-28,0.685,0.701,0.704,0.68,1711348.0
2023-12-29,0.7,0.722,0.727,0.699,2548144.0
2024-01-02,0.726,0.717,0.738,0.717,1810901.0
2024-01-03,0.715,0.725,0.733,0.705,1733385.0
2024-01-04,0.721,0.718,0.722,0.706,1532639.0
2024-01-05,0.714,0.7,0.716,0.697,1212795.0
2024-01-08,0.701,0.692,0.704,0.692,1239421.0
2024-01-09,0.695,0.692,0.702,0.685,1288625.0
2024-01-10,0.685,0.673,0.69,0.673,1189997.0
2024-01-11,0.673,0.696,0.698,0.672,1230003.0
2024-01-12,0.691,0.681,0.696,0.68,1053524.0
2024-01-15,0.679,0.682,0.69,0.675,1141594.0
2024-01-16,0.678,0.676,0.681,0.666,1100171.0
2024-01-17,0.674,0.658,0.676,0.658,1130542.0
2024-01-18,0.656,0.671,0.673,0.645,1506502.0
2024-01-19,0.668,0.676,0.688,0.667,1530311.0
2024-01-22,0.674,0.638,0.677,0.627,1931844.0
2024-01-23,0.63,0.658,0.665,0.626,1680690.0
2024-01-24,0.66,0.668,0.669,0.645,1521960.0
2024-01-25,0.667,0.69,0.691,0.657,2046971.0
2024-01-26,0.69,0.682,0.704,0.678,2193292.0
2024-01-29,0.681,0.667,0.686,0.663,1913500.0
2024-01-30,0.663,0.644,0.666,0.642,1413576.0
2024-01-31,0.64,0.624,0.654,0.623,2316389.0
2024-02-01,0.615,0.624,0.64,0.606,2524601.0
2024-02-02,0.624,0.616,0.646,0.595,2136950.0
2024-02-05,0.607,0.58,0.607,0.564,2975671.0
2024-02-06,0.569,0.621,0.626,0.564,1987045.0
2024-02-07,0.617,0.637,0.645,0.616,1498400.0
2024-02-08,0.639,0.656,0.664,0.638,1148013.0
2024-02-19,0.696,0.694,0.697,0.671,3031721.0
2024-02-20,0.69,0.692,0.701,0.678,1916220.0
2024-02-21,0.682,0.691,0.71,0.678,1913989.0
2024-02-22,0.694,0.703,0.707,0.69,1460837.0
2024-02-23,0.702,0.72,0.721,0.694,1865273.0
2024-02-26,0.713,0.71,0.721,0.703,1400337.0
2024-02-27,0.706,0.739,0.74,0.705,2014829.0
2024-02-28,0.739,0.706,0.756,0.704,3685289.0
2024-02-29,0.7,0.733,0.735,0.695,2042733.0
2024-03-01,0.733,0.745,0.749,0.727,1705879.0
2024-03-04,0.745,0.755,0.758,0.731,1854905.0
2024-03-05,0.748,0.745,0.759,0.738,1172289.0
2024-03-06,0.736,0.735,0.749,0.731,1142445.0
2024-03-07,0.736,0.714,0.745,0.713,1679806.0
2024-03-08,0.714,0.728,0.73,0.712,1193649.0
2024-03-11,0.725,0.74,0.741,0.72,2151377.0
2024-03-12,0.738,0.744,0.751,0.738,1214586.0
2024-03-13,0.747,0.768,0.773,0.743,2804077.0
2024-03-14,0.759,0.747,0.759,0.735,1741112.0
2024-03-15,0.743,0.748,0.749,0.734,1368806.0
2024-03-18,0.75,0.771,0.771,0.746,1183583.0
2024-03-19,0.765,0.762,0.78,0.761,1643426.0
2024-03-20,0.761,0.789,0.791,0.757,2080887.0
2024-03-21,0.802,0.796,0.812,0.795,3130538.0
2024-03-22,0.791,0.81,0.82,0.78,3633624.0
2024-03-25,0.811,0.774,0.815,0.771,3000252.0
2024-03-26,0.768,0.754,0.776,0.747,2662401.0
2024-03-27,0.751,0.725,0.757,0.724,2906145.0
2024-03-28,0.721,0.744,0.753,0.72,2299904.0
2024-03-29,0.739,0.736,0.74,0.724,1949420.0
2024-04-01,0.739,0.763,0.764,0.739,1658429.0
2024-04-02,0.761,0.748,0.761,0.741,1605769.0
2024-04-03,0.742,0.733,0.745,0.725,2020573.0
2024-04-08,0.73,0.723,0.733,0.72,1648943.0
2024-04-09,0.723,0.728,0.73,0.715,1808146.0
2024-04-10,0.726,0.706,0.726,0.702,1325672.0
2024-04-11,0.702,0.72,0.73,0.701,1380311.0
2024-04-12,0.718,0.707,0.721,0.706,2051330.0
2024-04-15,0.702,0.703,0.716,0.697,1921704.0
2024-04-16,0.701,0.68,0.707,0.678,1439409.0
2024-04-17,0.687,0.708,0.709,0.687,1476688.0
2024-04-18,0.704,0.699,0.709,0.691,1680214.0
2024-04-19,0.695,0.688,0.7,0.685,871541.0
2024-04-22,0.681,0.681,0.688,0.671,1819063.0
2024-04-23,0.683,0.683,0.69,0.681,982101.0
2024-04-24,0.682,0.695,0.696,0.675,1453135.0
2024-04-25,0.688,0.689,0.698,0.684,1149594.0
2024-04-26,0.686,0.707,0.708,0.685,2310283.0
2024-04-29,0.71,0.725,0.728,0.71,2624791.0
2024-04-30,0.722,0.712,0.724,0.705,2951329.0
2024-05-06,0.723,0.717,0.728,0.716,2435439.0
2024-05-07,0.719,0.717,0.731,0.715,2204213.0
2024-05-08,0.713,0.697,0.714,0.695,1686631.0
2024-05-09,0.694,0.704,0.707,0.694,2343117.0
2024-05-10,0.705,0.698,0.712,0.694,1239351.0
2024-05-13,0.692,0.69,0.696,0.685,1185954.0
2024-05-14,0.695,0.702,0.704,0.692,1565666.0
2024-05-15,0.703,0.695,0.703,0.692,943649.0
2024-05-16,0.693,0.693,0.703,0.69,1449395.0
2024-05-17,0.691,0.695,0.696,0.684,900827.0
2024-05-20,0.692,0.696,0.7,0.683,1376517.0
2024-05-21,0.695,0.694,0.704,0.692,1450820.0
2024-05-22,0.691,0.695,0.696,0.686,1241347.0
2024-05-23,0.694,0.677,0.694,0.676,1805778.0
2024-05-24,0.676,0.669,0.682,0.668,1690160.0
2024-05-27,0.671,0.672,0.673,0.658,1690562.0
2024-05-28,0.669,0.656,0.669,0.656,1311999.0
2024-05-29,0.655,0.659,0.664,0.654,1464432.0
2024-05-30,0.656,0.656,0.661,0.65,1720883.0
2024-05-31,0.656,0.662,0.665,0.655,1416448.0
2024-06-03,0.659,0.658,0.663,0.652,1222471.0
2024-06-04,0.656,0.663,0.664,0.651,1089302.0
2024-06-05,0.66,0.651,0.662,0.649,1958484.0
2024-06-06,0.651,0.638,0.656,0.633,2625350.0
2024-06-07,0.64,0.639,0.645,0.629,1796955.0
2024-06-11,0.636,0.641,0.642,0.627,1126035.0
2024-06-12,0.638,0.652,0.655,0.638,1728975.0
2024-06-13,0.651,0.649,0.652,0.644,1016517.0
2024-06-14,0.648,0.652,0.654,0.645,1062003.0
2024-06-17,0.651,0.644,0.651,0.641,893784.0
2024-06-18,0.642,0.643,0.648,0.639,1380695.0
2024-06-19,0.644,0.632,0.645,0.632,1048813.0
2024-06-20,0.631,0.617,0.633,0.616,1311108.0
2024-06-21,0.615,0.619,0.623,0.612,891784.0
2024-06-24,0.616,0.6,0.617,0.598,1294792.0
2024-06-25,0.6,0.593,0.605,0.589,1050047.0
2024-06-26,0.593,0.625,0.626,0.593,2448077.0
2024-06-27,0.62,0.613,0.626,0.612,1666203.0
2024-06-28,0.611,0.612,0.621,0.609,1470881.0
2024-07-01,0.61,0.618,0.619,0.6,1857483.0
2024-07-02,0.616,0.617,0.622,0.613,1628311.0
2024-07-03,0.613,0.614,0.619,0.61,1887723.0
2024-07-04,0.613,0.601,0.616,0.6,2533206.0
2024-07-05,0.599,0.605,0.609,0.595,1330047.0
2024-07-08,0.603,0.589,0.603,0.586,1480401.0
2024-07-09,0.588,0.596,0.597,0.579,2076432.0
2024-07-10,0.592,0.587,0.598,0.585,1238607.0
2024-07-11,0.593,0.593,0.598,0.588,2130962.0
2024-07-12,0.593,0.59,0.597,0.587,1411465.0
2024-07-15,0.587,0.586,0.591,0.583,1037557.0
2024-07-16,0.584,0.589,0.59,0.58,1169822.0
2024-07-17,0.586,0.591,0.598,0.586,1185253.0
2024-07-18,0.586,0.588,0.589,0.576,1227025.0
2024-07-19,0.585,0.593,0.594,0.584,1275205.0
2024-07-22,0.591,0.591,0.593,0.583,1252816.0
2024-07-23,0.591,0.573,0.591,0.573,1722669.0
2024-07-24,0.573,0.565,0.576,0.562,1865389.0
2024-07-25,0.562,0.57,0.575,0.558,932252.0
2024-07-26,0.573,0.578,0.58,0.57,1925318.0
2024-07-29,0.578,0.576,0.58,0.57,778274.0
2024-07-30,0.574,0.576,0.578,0.57,1058538.0
2024-07-31,0.576,0.599,0.6,0.575,2306152.0
2024-08-01,0.598,0.594,0.604,0.592,1152405.0
2024-08-02,0.589,0.586,0.599,0.586,1196466.0
2024-08-05,0.586,0.586,0.605,0.583,1884275.0
2024-08-06,0.593,0.599,0.601,0.589,1536147.0
2024-08-07,0.597,0.596,0.602,0.591,2059844.0
2024-08-08,0.595,0.595,0.599,0.584,1557035.0
2024-08-09,0.596,0.584,0.599,0.582,1271767.0
2024-08-12,0.581,0.583,0.589,0.576,1049563.0
2024-08-13,0.581,0.584,0.585,0.576,849000.0
2024-08-14,0.583,0.588,0.594,0.582,1344181.0
2024-08-15,0.588,0.599,0.607,0.584,1633018.0
2024-08-16,0.598,0.593,0.599,0.59,1108744.0
2024-08-19,0.592,0.594,0.599,0.589,1028375.0
2024-08-20,0.594,0.586,0.598,0.583,820132.0
2024-08-21,0.587,0.581,0.597,0.58,904140.0
2024-08-22,0.58,0.566,0.584,0.564,1081811.0
2024-08-23,0.564,0.565,0.568,0.559,669990.0
2024-08-26,0.565,0.566,0.569,0.557,632636.0
2024-08-27,0.564,0.562,0.571,0.56,718259.0
2024-08-28,0.56,0.567,0.568,0.552,852365.0
2024-08-29,0.565,0.572,0.573,0.562,858002.0
2024-08-30,0.57,0.588,0.594,0.57,1192967.0
2024-09-02,0.587,0.571,0.588,0.571,1042362.0
2024-09-03,0.572,0.578,0.581,0.57,714799.0
2024-09-04,0.575,0.576,0.582,0.571,640424.0
2024-09-05,0.574,0.591,0.595,0.574,1123548.0
2024-09-06,0.59,0.585,0.595,0.584,876201.0
2024-09-09,0.585,0.58,0.589,0.579,654718.0
2024-09-10,0.582,0.59,0.591,0.573,1014165.0
2024-09-11,0.586,0.588,0.592,0.583,601418.0
2024-09-12,0.589,0.581,0.594,0.58,800545.0
2024-09-13,0.58,0.575,0.585,0.574,835034.0
2024-09-18,0.575,0.57,0.577,0.563,872863.0
2024-09-19,0.572,0.583,0.585,0.566,985694.0
2024-09-20,0.579,0.581,0.581,0.575,711607.0
2024-09-23,0.58,0.579,0.585,0.577,616212.0
2024-09-24,0.58,0.602,0.602,0.576,1444357.0
2024-09-25,0.605,0.611,0.63,0.605,2320333.0
2024-09-26,0.61,0.638,0.638,0.607,1758350.0
2024-09-27,0.65,0.671,0.674,0.644,1392190.0
2024-09-30,0.698,0.738,0.738,0.69,4786803.0
2024-10-08,0.812,0.805,0.812,0.746,8820021.0
2024-10-09,0.775,0.725,0.775,0.725,5040157.0
2024-10-10,0.722,0.715,0.74,0.701,4506341.0
2024-10-11,0.71,0.682,0.713,0.671,3790873.0
2024-10-14,0.684,0.698,0.698,0.667,2065904.0
2024-10-15,0.69,0.69,0.714,0.684,1970027.0
2024-10-16,0.678,0.7,0.712,0.678,1392641.0
2024-10-17,0.702,0.705,0.719,0.699,1413575.0
2024-10-18,0.702,0.724,0.74,0.693,2183175.0
2024-10-21,0.72,0.742,0.756,0.715,5527379.0
2024-10-22,0.742,0.76,0.784,0.74,4858316.0
2024-10-23,0.755,0.745,0.758,0.741,5059465.0
2024-10-24,0.738,0.738,0.742,0.728,2297940.0
2024-10-25,0.735,0.757,0.758,0.735,1873220.0
2024-10-28,0.758,0.772,0.779,0.754,4546173.0
2024-10-29,0.788,0.757,0.794,0.754,5801184.0
2024-10-30,0.748,0.753,0.766,0.745,1461255.0
2024-10-31,0.75,0.754,0.762,0.739,1259762.0
2024-11-01,0.75,0.737,0.759,0.734,2284727.0
2024-11-04,0.734,0.749,0.751,0.733,1456205.0
2024-11-05,0.748,0.77,0.771,0.745,3765821.0
2024-11-06,0.768,0.791,0.803,0.767,2725399.0
2024-11-07,0.787,0.803,0.806,0.782,2476926.0
2024-11-08,0.806,0.793,0.811,0.788,3122577.0
2024-11-11,0.783,0.828,0.828,0.781,2615552.0
2024-11-12,0.826,0.799,0.827,0.791,2062143.0
2024-11-13,0.794,0.821,0.828,0.792,1855356.0
2024-11-14,0.821,0.794,0.832,0.791,2399720.0
2024-11-15,0.789,0.797,0.829,0.789,1726365.0
2024-11-18,0.802,0.759,0.803,0.752,2946184.0
2024-11-19,0.753,0.766,0.766,0.743,1662833.0
2024-11-20,0.762,0.794,0.804,0.76,2413660.0
2024-11-21,0.787,0.792,0.805,0.785,1164354.0
2024-11-22,0.787,0.777,0.814,0.773,2122995.0
2024-11-25,0.778,0.787,0.789,0.76,1640525.0
2024-11-26,0.782,0.783,0.811,0.778,1585605.0
2024-11-27,0.775,0.815,0.815,0.763,2437220.0
2024-11-28,0.815,0.803,0.832,0.799,1719460.0
2024-11-29,0.799,0.82,0.827,0.797,1934835.0
2024-12-02,0.822,0.837,0.842,0.82,2263168.0
2024-12-03,0.837,0.833,0.84,0.825,3267228.0
2024-12-04,0.836,0.819,0.836,0.807,2850554.0
2024-12-05,0.817,0.859,0.863,0.816,7682098.0
2024-12-06,0.867,0.884,0.891,0.858,4821436.0
2024-12-09,0.883,0.876,0.883,0.862,2962941.0
2024-12-10,0.899,0.869,0.9,0.866,3758299.0
2024-12-11,0.862,0.87,0.879,0.859,2741583.0
2024-12-12,0.874,0.875,0.881,0.859,2741675.0
2024-12-13,0.865,0.88,0.896,0.863,2779756.0
2024-12-16,0.88,0.858,0.882,0.852,2262130.0
2024-12-17,0.855,0.83,0.858,0.828,1967358.0
2024-12-18,0.833,0.844,0.854,0.826,2239516.0
2024-12-19,0.834,0.849,0.852,0.824,1830565.0
2024-12-20,0.843,0.854,0.856,0.841,1970797.0
2024-12-23,0.855,0.811,0.855,0.809,3172168.0
2024-12-24,0.812,0.812,0.816,0.803,1685333.0
2024-12-25,0.813,0.8,0.815,0.791,2216727.0
2024-12-26,0.8,0.802,0.809,0.797,1741045.0
2024-12-27,0.8,0.799,0.812,0.795,2860563.0
2024-12-30,0.797,0.799,0.805,0.785,1857337.0
2024-12-31,0.799,0.774,0.802,0.774,2238017.0
2025-01-02,0.774,0.756,0.782,0.748,1973316.0
2025-01-03,0.755,0.728,0.765,0.727,3338829.0
2025-01-06,0.725,0.721,0.733,0.715,1260598.0
2025-01-07,0.721,0.734,0.735,0.72,2247888.0
2025-01-08,0.728,0.736,0.742,0.714,2119191.0
2025-01-09,0.731,0.738,0.745,0.73,2051034.0
2025-01-10,0.734,0.717,0.745,0.717,2202066.0
2025-01-13,0.71,0.715,0.721,0.703,1339953.0
2025-01-14,0.722,0.754,0.755,0.714,2762201.0
2025-01-15,0.759,0.759,0.767,0.755,3480685.0
2025-01-16,0.761,0.762,0.779,0.75,4154139.0
2025-01-17,0.754,0.755,0.761,0.747,2667555.0
2025-01-20,0.76,0.757,0.767,0.753,2292480.0
2025-01-21,0.76,0.76,0.763,0.746,3063107.0
2025-01-22,0.755,0.75,0.755,0.743,2030266.0
2025-01-23,0.758,0.755,0.772,0.753,3004671.0
2025-01-24,0.75,0.77,0.771,0.747,1983692.0
2025-01-27,0.787,0.772,0.793,0.771,5149074.0
2025-02-05,0.793,0.805,0.805,0.784,4603392.0
2025-02-06,0.802,0.822,0.827,0.797,3324459.0
2025-02-07,0.82,0.831,0.842,0.817,5069811.0
2025-02-10,0.834,0.859,0.861,0.829,4386675.0
2025-02-11,0.861,0.866,0.873,0.85,5103195.0
2025-02-12,0.861,0.888,0.89,0.861,3348104.0
2025-02-13,0.893,0.897,0.914,0.878,2801535.0
2025-02-14,0.9,0.914,0.917,0.88,3137457.0
2025-02-17,0.926,0.901,0.936,0.893,3297065.0
2025-02-18,0.895,0.862,0.903,0.858,3579369.0
2025-02-19,0.859,0.874,0.876,0.857,2346536.0
2025-02-20,0.872,0.865,0.879,0.861,1494977.0
2025-02-21,0.865,0.891,0.895,0.857,3888983.0
2025-02-24,0.885,0.883,0.892,0.875,1977666.0
2025-02-25,0.868,0.855,0.87,0.851,1901664.0
2025-02-26,0.859,0.859,0.866,0.851,2264774.0
2025-02-27,0.855,0.854,0.864,0.838,2011831.0
2025-02-28,0.846,0.815,0.846,0.813,1841614.0
2025-03-03,0.818,0.826,0.838,0.81,1483216.0
2025-03-04,0.82,0.832,0.832,0.817,1410870.0
2025-03-05,0.831,0.84,0.843,0.821,1882880.0
2025-03-06,0.845,0.882,0.896,0.844,3144096.0
2025-03-07,0.886,0.872,0.891,0.863,2475886.0
2025-03-10,0.868,0.857,0.868,0.853,1609738.0
2025-03-11,0.841,0.866,0.867,0.822,1653760.0
2025-03-12,0.868,0.876,0.888,0.868,2032133.0
2025-03-13,0.871,0.857,0.873,0.85,1671991.0
2025-03-14,0.855,0.875,0.881,0.853,2998050.0
2025-03-17,0.883,0.874,0.886,0.788,1957793.0
2025-03-18,0.873,0.877,0.883,0.869,885954.0
2025-03-19,0.876,0.864,0.876,0.86,1002754.0
2025-03-20,0.865,0.853,0.865,0.852,1476531.0
2025-03-21,0.85,0.838,0.854,0.836,1220186.0
2025-03-24,0.838,0.838,0.842,0.821,1519929.0
2025-03-25,0.835,0.822,0.836,0.82,1577494.0
2025-03-26,0.821,0.823,0.828,0.82,1025934.0
2025-03-27,0.823,0.823,0.829,0.812,1151011.0
2025-03-28,0.822,0.827,0.832,0.821,1652616.0
2025-03-31,0.82,0.814,0.82,0.802,1459831.0
2025-04-01,0.814,0.812,0.825,0.812,2132432.0
2025-04-02,0.812,0.818,0.825,0.811,1068392.0
2025-04-03,0.812,0.817,0.822,0.808,1345068.0
2025-04-07,0.788,0.735,0.793,0.735,1997912.0
2025-04-08,0.728,0.731,0.744,0.716,1368276.0
2025-04-09,0.719,0.75,0.756,0.694,1883285.0
2025-04-10,0.76,0.773,0.782,0.76,1726751.0
2025-04-11,0.771,0.77,0.778,0.764,1516785.0
2025-04-14,0.774,0.778,0.784,0.774,1873753.0
2025-04-15,0.78,0.782,0.787,0.773,1035885.0
2025-04-16,0.78,0.779,0.788,0.77,1618643.0
2025-04-17,0.77,0.775,0.782,0.769,715368.0
2025-04-18,0.775,0.783,0.783,0.77,860794.0
2025-04-21,0.778,0.799,0.8,0.774,1326222.0
2025-04-22,0.799,0.79,0.801,0.787,1423381.0
2025-04-23,0.795,0.787,0.798,0.785,983405.0
2025-04-24,0.788,0.774,0.789,0.771,1013360.0
2025-04-25,0.775,0.777,0.785,0.774,962627.0
2025-04-28,0.777,0.777,0.785,0.771,934101.0
2025-04-29,0.774,0.787,0.79,0.773,953224.0
2025-04-30,0.786,0.796,0.801,0.786,941285.0
2025-05-06,0.799,0.819,0.82,0.794,2160636.0
2025-05-07,0.828,0.813,0.835,0.807,1683982.0
2025-05-08,0.81,0.817,0.821,0.809,858826.0
2025-05-09,0.817,0.801,0.817,0.799,1714932.0
2025-05-12,0.809,0.809,0.81,0.803,566063.0
2025-05-13,0.815,0.806,0.817,0.805,1111529.0
2025-05-14,0.805,0.811,0.816,0.802,1084517.0
2025-05-15,0.809,0.792,0.809,0.791,874087.0
2025-05-16,0.79,0.792,0.796,0.79,777399.0
2025-05-19,0.792,0.794,0.794,0.78,771450.0
2025-05-20,0.791,0.805,0.809,0.786,863516.0
2025-05-21,0.804,0.799,0.804,0.798,804039.0
2025-05-22,0.796,0.803,0.808,0.793,1095222.0
2025-05-23,0.801,0.788,0.803,0.788,1307093.0
2025-05-26,0.788,0.803,0.805,0.788,1094838.0
2025-05-27,0.798,0.796,0.801,0.792,810338.0
2025-05-28,0.794,0.796,0.797,0.788,630078.0
2025-05-29,0.794,0.808,0.808,0.791,1161726.0
2025-05-30,0.805,0.799,0.81,0.797,701802.0
2025-06-03,0.795,0.811,0.822,0.793,1396631.0
2025-06-04,0.806,0.814,0.817,0.806,989049.0
2025-06-05,0.814,0.825,0.827,0.813,1169313.0
2025-06-06,0.824,0.819,0.827,0.816,1414101.0
2025-06-09,0.82,0.826,0.83,0.818,682889.0
2025-06-10,0.826,0.823,0.828,0.808,1125171.0
2025-06-11,0.821,0.832,0.835,0.82,1221377.0
2025-06-12,0.829,0.842,0.848,0.827,1193115.0
2025-06-13,0.837,0.823,0.838,0.82,1795336.0
2025-06-16,0.82,0.844,0.85,0.82,1225408.0
2025-06-17,0.845,0.835,0.847,0.831,917659.0
2025-06-18,0.833,0.827,0.837,0.823,941829.0
2025-06-19,0.826,0.822,0.835,0.818,803969.0
2025-06-20,0.824,0.808,0.827,0.808,2244736.0
2025-06-23,0.803,0.813,0.815,0.801,709882.0
2025-06-24,0.815,0.828,0.832,0.815,1385463.0
2025-06-25,0.83,0.838,0.84,0.823,1060213.0
2025-06-26,0.838,0.837,0.843,0.829,968583.0
2025-06-27,0.837,0.835,0.841,0.828,1045348.0
2025-06-30,0.835,0.859,0.859,0.835,1977906.0
2025-07-01,0.857,0.853,0.86,0.849,1102863.0
2025-07-02,0.853,0.845,0.853,0.841,765895.0
2025-07-03,0.845,0.846,0.852,0.838,918937.0
2025-07-04,0.844,0.854,0.86,0.842,1149789.0
2025-07-07,0.853,0.855,0.862,0.85,727402.0
2025-07-08,0.856,0.869,0.871,0.854,1237168.0
2025-07-09,0.869,0.879,0.884,0.867,1294283.0
2025-07-10,0.877,0.878,0.881,0.868,877461.0
2025-07-11,0.878,0.878,0.881,0.869,1122325.0
2025-07-14,0.877,0.863,0.877,0.858,998349.0
2025-07-15,0.863,0.866,0.87,0.858,996303.0
2025-07-16,0.864,0.866,0.878,0.862,877548.0
2025-07-17,0.863,0.874,0.875,0.861,968915.0
2025-07-18,0.874,0.866,0.877,0.863,1006888.0
2025-07-21,0.867,0.872,0.873,0.864,1541135.0
2025-07-22,0.87,0.866,0.873,0.86,1157216.0
2025-07-23,0.864,0.865,0.869,0.862,961320.0
2025-07-24,0.865,0.875,0.877,0.862,883462.0
2025-07-25,0.875,0.878,0.88,0.87,1750469.0
2025-07-28,0.88,0.877,0.883,0.873,1508160.0
2025-07-29,0.877,0.88,0.881,0.865,2667574.0
2025-07-30,0.878,0.884,0.892,0.873,1964122.0
2025-07-31,0.885,0.878,0.888,0.873,1044311.0
2025-08-01,0.878,0.887,0.888,0.865,1254790.0
2025-08-04,0.884,0.9,0.9,0.88,1136473.0
2025-08-05,0.899,0.904,0.908,0.895,1514581.0
2025-08-06,0.903,0.907,0.909,0.898,1980891.0
2025-08-07,0.908,0.909,0.909,0.901,1345136.0
2025-08-08,0.907,0.899,0.912,0.899,1688027.0
2025-08-11,0.897,0.908,0.912,0.896,854718.0
2025-08-12,0.908,0.909,0.915,0.906,684055.0
2025-08-13,0.909,0.917,0.923,0.906,801871.0
2025-08-14,0.916,0.909,0.925,0.906,1003619.0
2025-08-15,0.908,0.915,0.915,0.901,1209915.0
2025-08-18,0.916,0.935,0.945,0.915,1522285.0
2025-08-19,0.937,0.94,0.948,0.932,1546707.0
2025-08-20,0.939,0.952,0.953,0.934,1389154.0
2025-08-21,0.95,0.95,0.957,0.94,992309.0
2025-08-22,0.949,0.976,0.976,0.948,1003480.0
2025-08-25,0.985,0.99,0.992,0.968,3637241.0
2025-08-26,0.982,1.005,1.012,0.981,1294847.0
2025-08-27,1.008,0.983,1.017,0.982,1627320.0
2025-08-28,0.982,0.997,0.999,0.969,1775713.0
2025-08-29,0.998,1.0,1.007,0.994,1168077.0
2025-09-01,1.002,1.013,1.017,0.991,1269168.0
2025-09-02,1.01,0.988,1.012,0.981,1349075.0
2025-09-03,0.987,0.992,1.016,0.984,1145112.0
2025-09-04,0.984,0.962,0.993,0.951,1333578.0
2025-09-05,0.962,0.996,0.997,0.951,1642047.0
2025-09-08,0.99,1.015,1.016,0.985,1685247.0
2025-09-09,1.011,1.003,1.02,0.993,1019268.0
2025-09-10,0.997,1.023,1.028,0.992,1194299.0
2025-09-11,1.021,1.034,1.035,0.995,1327332.0
2025-09-12,1.034,1.026,1.04,1.022,692851.0
2025-09-15,1.023,1.048,1.05,1.021,824501.0
2025-09-16,1.048,1.056,1.063,1.045,1197649.0
2025-09-17,1.05,1.064,1.067,1.046,1107229.0
2025-09-18,1.062,1.046,1.075,1.032,1367508.0
2025-09-19,1.042,1.054,1.061,1.038,927141.0
2025-09-22,1.051,1.045,1.051,1.035,1362380.0
2025-09-23,1.045,1.033,1.046,1.013,1222742.0
2025-09-24,1.025,1.057,1.061,1.022,1053052.0
2025-09-25,1.057,1.084,1.093,1.057,1076628.0
2025-09-26,1.081,1.046,1.082,1.045,880885.0
2025-09-29,1.038,1.053,1.055,1.036,587155.0
2025-09-30,1.056,1.057,1.061,1.05,620943.0
2025-10-09,1.059,1.046,1.063,1.034,1871675.0
2025-10-10,1.034,1.012,1.037,1.007,960679.0
2025-10-13,0.973,0.994,1.0,0.972,1830972.0
2025-10-14,0.995,0.977,1.008,0.972,2206567.0
2025-10-15,0.977,0.984,0.985,0.962,2402907.0
2025-10-16,0.98,0.965,0.98,0.962,1385540.0
2025-10-17,0.962,0.941,0.972,0.939,926620.0
2025-10-20,0.95,0.957,0.966,0.949,580593.0
2025-10-21,0.955,0.968,0.968,0.954,615706.0
2025-10-22,0.966,0.964,0.975,0.961,671906.0
2025-10-23,0.966,0.97,0.971,0.952,557873.0
2025-10-24,0.968,0.975,0.976,0.964,622509.0
2025-10-27,0.98,0.975,0.985,0.967,1078594.0
2025-10-28,0.975,0.971,0.978,0.965,690413.0
2025-10-29,0.971,0.988,0.988,0.97,731960.0
2025-10-30,0.987,0.972,0.991,0.969,1258560.0
2025-10-31,0.97,0.993,1.005,0.97,2291620.0
2025-11-03,1.0,1.021,1.021,1.0,2247249.0
2025-11-04,1.02,1.009,1.02,0.998,2500040.0
2025-11-05,0.991,1.007,1.01,0.989,1542088.0
2025-11-06,1.005,0.995,1.005,0.987,1526359.0
2025-11-07,0.988,0.984,0.992,0.982,922876.0
2025-11-10,0.985,0.991,0.993,0.983,910833.0
2025-11-11,0.991,0.98,0.992,0.979,940657.0
2025-11-12,0.977,0.974,0.987,0.967,762031.0
2025-11-13,0.968,0.979,0.98,0.968,1022599.0
2025-11-14,0.975,0.96,0.975,0.958,966006.0
2025-11-17,0.958,0.968,0.973,0.953,631251.0
2025-11-18,0.968,0.991,0.997,0.965,1612371.0
2025-11-19,0.992,0.97,0.992,0.965,1823640.0
2025-11-20,0.973,0.957,0.976,0.956,718129.0
2025-11-21,0.948,0.958,0.973,0.945,1252347.0
2025-11-24,0.964,0.99,1.0,0.949,2600878.0
2025-11-25,0.994,1.011,1.021,0.991,3920123.0
2025-11-26,1.009,1.001,1.019,0.998,2170951.0
2025-11-27,0.997,0.989,1.011,0.985,2478281.0
2025-11-28,0.982,0.991,0.999,0.982,1448942.0
2025-12-01,0.994,1.0,1.001,0.988,1197357.0
2025-12-02,0.999,0.977,0.999,0.976,1098817.0
2025-12-03,0.975,0.955,0.979,0.952,1641821.0
2025-12-04,0.951,0.953,0.959,0.947,991162.0
2025-12-05,0.951,0.961,0.961,0.945,971378.0
2025-12-08,0.963,0.968,0.973,0.961,996146.0
2025-12-09,0.966,0.96,0.973,0.957,961757.0
2025-12-10,0.958,0.969,0.969,0.95,653227.0
2025-12-11,0.969,0.951,0.969,0.951,702837.0
2025-12-12,0.951,0.961,0.964,0.948,606975.0
2025-12-15,0.956,0.948,0.966,0.946,622782.0
2025-12-16,0.943,0.924,0.945,0.921,1160580.0
2025-12-17,0.923,0.946,0.948,0.922,1597052.0
2025-12-18,0.944,0.951,0.966,0.94,748247.0
2025-12-19,0.951,0.962,0.966,0.947,889090.0
2025-12-22,0.963,0.959,0.965,0.955,609019.0
2025-12-23,0.961,0.96,0.965,0.952,765219.0
2025-12-24,0.956,0.962,0.963,0.948,657907.0
2025-12-25,0.96,0.966,0.968,0.957,537491.0
2025-12-26,0.963,0.967,0.972,0.958,953263.0
2025-12-29,0.963,0.962,0.97,0.96,936017.0
2025-12-30,0.965,0.972,0.98,0.964,855344.0
2025-12-31,0.972,0.998,1.005,0.97,2471023.0
2026-01-05,1.006,1.043,1.048,1.006,2241194.0
2026-01-06,1.043,1.065,1.069,1.04,2706718.0
2026-01-07,1.063,1.072,1.089,1.061,1957358.0
2026-01-08,1.065,1.093,1.107,1.06,2307401.0
2026-01-09,1.091,1.166,1.167,1.091,6882300.0
2026-01-12,1.218,1.283,1.283,1.202,22376367.0
2026-01-13,1.35,1.289,1.39,1.269,44981811.0
2026-01-14,1.264,1.322,1.37,1.264,32973188.0
2026-01-15,1.284,1.259,1.298,1.24,24452301.0
2026-01-16,1.23,1.189,1.245,1.178,19264308.0
2026-01-19,1.169,1.185,1.2,1.168,9852934.0
2026-01-20,1.198,1.18,1.209,1.17,10876313.0
2026-01-21,1.164,1.179,1.193,1.156,5243217.0
2026-01-22,1.17,1.181,1.191,1.166,4826403.0
2026-01-23,1.192,1.221,1.225,1.176,12317667.0
2026-01-26,1.222,1.186,1.224,1.163,10350689.0
2026-01-27,1.184,1.2,1.202,1.17,7263793.0
2026-01-28,1.2,1.179,1.206,1.177,5903460.0
2026-01-29,1.166,1.232,1.265,1.158,14094599.0
2026-01-30,1.216,1.219,1.237,1.201,8999911.0
2026-02-02,1.208,1.184,1.23,1.182,8803031.0
2026-02-03,1.204,1.225,1.225,1.187,9862584.0
2026-02-04,1.211,1.185,1.23,1.17,8527122.0
2026-02-05,1.159,1.176,1.194,1.159,6535737.0
2026-02-06,1.16,1.159,1.183,1.133,5568844.0
2026-02-09,1.189,1.209,1.215,1.183,7983119.0
2026-02-10,1.225,1.264,1.285,1.214,12956618.0
2026-02-11,1.25,1.228,1.257,1.226,9767864.0
2026-02-12,1.212,1.235,1.245,1.203,7699764.0
2026-02-13,1.226,1.211,1.242,1.21,5283428.0
2026-02-24,1.204,1.174,1.209,1.164,7803821.0
2026-02-25,1.173,1.169,1.181,1.162,6027429.0
2026-02-26,1.172,1.155,1.174,1.152,4584274.0
2026-02-27,1.151,1.166,1.172,1.148,3873606.0
2026-03-02,1.13,1.123,1.149,1.115,7872830.0
2026-03-03,1.123,1.062,1.129,1.061,6927809.0
2026-03-04,1.046,1.057,1.074,1.045,4207269.0
2026-03-05,1.081,1.075,1.084,1.064,6178491.0
2026-03-06,1.068,1.081,1.084,1.067,2059681.0
2026-03-09,1.064,1.081,1.083,1.051,3508196.0
2026-03-10,1.09,1.089,1.106,1.079,2442418.0
2026-03-11,1.085,1.081,1.092,1.075,3151259.0
2026-03-12,1.076,1.062,1.078,1.058,2585463.0
2026-03-13,1.059,1.044,1.065,1.041,3495685.0
2026-03-16,1.036,1.052,1.052,1.034,2134757.0
2026-03-17,1.052,1.04,1.064,1.038,2578227.0
2026-03-18,1.04,1.051,1.051,1.03,2401753.0
2026-03-19,1.033,1.033,1.041,1.023,2018700.0
2026-03-20,1.03,1.002,1.039,1.0,2904441.0
2026-03-23,0.979,0.948,0.99,0.943,4680633.0
2026-03-24,0.962,0.972,0.972,0.949,3899671.0
2026-03-25,0.978,0.991,0.999,0.974,3709543.0
2026-03-26,0.989,0.972,0.996,0.969,2738844.0
2026-03-27,0.959,0.985,0.99,0.959,1865174.0
2026-03-30,0.967,0.985,0.986,0.962,2683684.0
2026-03-31,0.986,0.986,1.005,0.981,2326279.0
2026-04-01,0.999,1.009,1.011,0.99,2655868.0
2026-04-02,1.0,0.979,1.003,0.973,1952118.0
2026-04-03,0.98,0.952,0.983,0.952,1254289.0
2026-04-07,0.952,0.962,0.967,0.952,1598792.0
2026-04-08,0.988,1.039,1.04,0.987,4673486.0
2026-04-09,1.018,1.012,1.024,1.007,4079823.0
2026-04-10,1.016,1.024,1.035,1.016,2672510.0
2026-04-13,1.012,1.005,1.014,1.0,2393196.0
2026-04-14,1.021,1.017,1.022,1.005,2529792.0
2026-04-15,1.022,1.006,1.025,1.002,1723466.0
2026-04-16,1.01,1.032,1.032,1.009,2589608.0
2026-04-17,1.022,1.03,1.032,1.013,1765047.0
2026-04-20,1.03,1.049,1.058,1.026,3631725.0
2026-04-21,1.046,1.037,1.05,1.03,2369528.0
2026-04-22,1.029,1.034,1.034,1.018,2062296.0
2026-04-23,1.034,1.026,1.041,1.021,2184379.0
2026-04-24,1.008,0.998,1.011,0.986,2844664.0
2026-04-27,0.996,0.992,0.996,0.98,1461594.0
2026-04-28,0.985,0.976,0.991,0.973,1599164.0
2026-04-29,0.976,0.998,1.001,0.975,1966473.0
2026-04-30,0.989,0.985,0.996,0.98,1841771.0
2026-05-06,0.99,1.011,1.018,0.988,3011089.0
2026-05-07,1.016,1.038,1.04,1.007,3859533.0
2026-05-08,1.048,1.033,1.055,1.032,3838264.0
2026-05-11,1.028,1.027,1.042,1.021,3583577.0
2026-05-12,1.023,1.007,1.025,1.003,2932829.0
2026-05-13,1.002,1.024,1.025,0.999,2087518.0
2026-05-14,1.031,0.979,1.038,0.977,4063268.0
2026-05-15,0.974,0.982,1.0,0.973,3020840.0
2026-05-18,0.972,0.976,0.986,0.968,2700135.0
2026-05-19,0.979,0.998,1.007,0.974,3269756.0
2026-05-20,0.991,0.969,0.992,0.965,2706104.0
