date,open,close,high,low,volume
2020-03-02,0.315,0.333,0.334,0.315,894356.98
2020-03-03,0.355,0.337,0.355,0.334,838680.0
2020-03-04,0.336,0.342,0.342,0.33,639424.98
2020-03-05,0.344,0.35,0.352,0.344,685694.0
2020-03-06,0.346,0.343,0.346,0.339,312080.0
2020-03-09,0.332,0.324,0.335,0.323,359843.0
2020-03-10,0.318,0.331,0.332,0.315,207078.0
2020-03-11,0.333,0.327,0.335,0.325,214776.0
2020-03-12,0.32,0.318,0.322,0.315,158741.98
2020-03-13,0.302,0.311,0.315,0.298,322338.0
2020-03-16,0.31,0.301,0.316,0.3,256522.0
2020-03-17,0.302,0.301,0.31,0.291,145329.0
2020-03-18,0.298,0.294,0.306,0.294,200870.0
2020-03-19,0.295,0.288,0.295,0.278,202535.0
2020-03-20,0.289,0.294,0.294,0.286,216906.0
2020-03-23,0.29,0.282,0.29,0.28,196762.0
2020-03-24,0.284,0.294,0.295,0.284,202934.0
2020-03-25,0.294,0.299,0.303,0.294,200649.0
2020-03-26,0.295,0.295,0.298,0.294,181719.0
2020-03-27,0.3,0.296,0.3,0.295,147593.0
2020-03-30,0.296,0.295,0.297,0.29,171305.0
2020-03-31,0.296,0.293,0.298,0.292,137123.0
2020-04-01,0.293,0.29,0.296,0.29,203850.0
2020-04-02,0.288,0.299,0.299,0.288,168579.0
2020-04-03,0.299,0.293,0.299,0.292,152880.0
2020-04-07,0.296,0.3,0.301,0.296,182277.0
2020-04-08,0.299,0.302,0.304,0.296,165386.0
2020-04-09,0.305,0.301,0.305,0.3,166484.0
2020-04-10,0.301,0.295,0.301,0.294,245683.0
2020-04-13,0.295,0.293,0.295,0.292,125643.0
2020-04-14,0.291,0.3,0.3,0.291,173832.0
2020-04-15,0.301,0.295,0.301,0.294,146873.0
2020-04-16,0.293,0.294,0.296,0.293,143557.0
2020-04-17,0.295,0.295,0.298,0.294,174424.0
2020-04-20,0.296,0.296,0.296,0.294,127829.0
2020-04-21,0.295,0.287,0.295,0.284,156049.0
2020-04-22,0.282,0.289,0.291,0.282,214724.0
2020-04-23,0.289,0.287,0.289,0.286,164187.0
2020-04-24,0.287,0.289,0.292,0.287,225968.0
2020-04-27,0.288,0.286,0.29,0.285,228588.0
2020-04-28,0.285,0.278,0.285,0.271,217293.0
2020-04-29,0.275,0.28,0.283,0.275,266984.0
2020-04-30,0.28,0.29,0.29,0.28,231458.0
2020-05-06,0.283,0.29,0.291,0.283,231926.0
2020-05-07,0.29,0.287,0.29,0.285,194428.0
2020-05-08,0.288,0.291,0.291,0.287,345073.0
2020-05-11,0.291,0.292,0.294,0.29,265800.0
2020-05-12,0.291,0.289,0.292,0.287,225596.0
2020-05-13,0.289,0.29,0.29,0.285,191928.0
2020-05-14,0.289,0.285,0.289,0.284,189633.0
2020-05-15,0.285,0.286,0.287,0.285,169381.0
2020-05-18,0.286,0.288,0.29,0.284,224705.0
2020-05-19,0.294,0.294,0.295,0.292,204218.0
2020-05-20,0.294,0.29,0.295,0.289,189187.0
2020-05-21,0.29,0.289,0.292,0.288,159048.0
2020-05-22,0.288,0.281,0.288,0.28,229229.0
2020-05-25,0.282,0.286,0.288,0.281,206539.0
2020-05-26,0.286,0.289,0.289,0.283,190999.0
2020-05-27,0.287,0.295,0.296,0.287,240761.0
2020-05-28,0.296,0.293,0.296,0.289,166482.0
2020-05-29,0.291,0.29,0.292,0.289,171881.0
2020-06-01,0.29,0.296,0.297,0.29,208600.0
2020-06-02,0.297,0.298,0.298,0.295,237294.0
2020-06-03,0.303,0.297,0.303,0.297,147663.0
2020-06-04,0.297,0.295,0.298,0.294,269153.1
2020-06-05,0.297,0.296,0.298,0.292,251734.0
2020-06-08,0.296,0.299,0.299,0.296,257344.0
2020-06-09,0.298,0.301,0.301,0.297,274605.0
2020-06-10,0.3,0.298,0.3,0.297,266865.0
2020-06-11,0.299,0.295,0.3,0.294,287558.0
2020-06-12,0.28,0.292,0.293,0.28,262669.0
2020-06-15,0.292,0.289,0.293,0.287,277960.0
2020-06-16,0.291,0.295,0.297,0.289,238012.0
2020-06-17,0.295,0.299,0.301,0.295,269166.0
2020-06-18,0.3,0.317,0.318,0.297,623200.0
2020-06-19,0.316,0.313,0.316,0.311,439931.0
2020-06-22,0.315,0.309,0.315,0.308,397175.0
2020-06-23,0.31,0.309,0.31,0.306,308847.0
2020-06-24,0.308,0.308,0.31,0.307,308988.0
2020-06-29,0.307,0.301,0.307,0.3,253476.0
2020-06-30,0.302,0.305,0.306,0.302,287782.0
2020-07-01,0.306,0.313,0.313,0.305,332356.0
2020-07-02,0.314,0.33,0.33,0.313,573045.0
2020-07-03,0.332,0.358,0.358,0.33,926605.1
2020-07-06,0.37,0.405,0.411,0.365,1839104.0
2020-07-07,0.435,0.381,0.435,0.375,2124259.0
2020-07-08,0.373,0.391,0.395,0.371,1432016.15
2020-07-09,0.392,0.412,0.418,0.381,2173710.0
2020-07-10,0.408,0.387,0.408,0.383,1138430.0
2020-07-13,0.382,0.398,0.401,0.379,1463985.0
2020-07-14,0.398,0.405,0.411,0.386,1252946.0
2020-07-15,0.406,0.385,0.41,0.383,728029.0
2020-07-16,0.386,0.365,0.392,0.362,594535.0
2020-07-17,0.367,0.363,0.373,0.358,504481.0
2020-07-20,0.365,0.393,0.395,0.364,1019621.0
2020-07-21,0.39,0.385,0.397,0.382,438455.0
2020-07-22,0.391,0.385,0.394,0.383,622760.0
2020-07-23,0.379,0.381,0.384,0.368,487944.0
2020-07-24,0.375,0.367,0.389,0.363,741148.0
2020-07-27,0.367,0.368,0.371,0.359,511778.0
2020-07-28,0.371,0.372,0.381,0.368,467956.0
2020-07-29,0.367,0.38,0.38,0.365,526376.0
2020-07-30,0.381,0.378,0.386,0.376,566777.0
2020-07-31,0.375,0.378,0.382,0.37,506720.0
2020-08-03,0.378,0.387,0.388,0.378,658171.99
2020-08-04,0.388,0.384,0.388,0.38,417718.0
2020-08-05,0.386,0.379,0.386,0.373,460676.0
2020-08-06,0.38,0.381,0.382,0.374,505376.0
2020-08-07,0.381,0.371,0.381,0.367,533359.0
2020-08-10,0.37,0.375,0.377,0.368,371682.0
2020-08-11,0.376,0.368,0.379,0.367,444681.0
2020-08-12,0.367,0.372,0.372,0.361,419361.0
2020-08-13,0.372,0.379,0.383,0.372,429835.99
2020-08-14,0.378,0.381,0.381,0.373,312535.99
2020-08-17,0.38,0.395,0.395,0.378,619577.0
2020-08-18,0.4,0.403,0.409,0.393,828828.0
2020-08-19,0.401,0.404,0.412,0.397,733055.15
2020-08-20,0.402,0.395,0.405,0.391,477151.0
2020-08-21,0.395,0.394,0.398,0.391,465889.0
2020-08-24,0.394,0.393,0.398,0.39,563132.15
2020-08-25,0.393,0.387,0.396,0.387,276968.0
2020-08-26,0.387,0.382,0.389,0.381,316959.0
2020-08-27,0.383,0.386,0.387,0.382,269475.0
2020-08-28,0.385,0.393,0.393,0.383,476465.0
2020-08-31,0.393,0.392,0.4,0.392,373924.0
2020-09-01,0.39,0.396,0.396,0.39,384625.0
2020-09-02,0.396,0.392,0.397,0.388,347184.0
2020-09-03,0.391,0.399,0.405,0.391,470046.0
2020-09-04,0.389,0.393,0.395,0.386,280179.0
2020-09-07,0.392,0.389,0.399,0.388,289483.0
2020-09-08,0.389,0.41,0.41,0.388,646506.0
2020-09-09,0.405,0.406,0.418,0.4,735140.0
2020-09-10,0.409,0.396,0.416,0.394,528445.0
2020-09-11,0.386,0.392,0.396,0.386,294591.0
2020-09-14,0.391,0.389,0.394,0.387,281279.0
2020-09-15,0.39,0.391,0.392,0.386,242990.0
2020-09-16,0.39,0.392,0.395,0.386,350799.0
2020-09-17,0.392,0.39,0.396,0.389,331634.0
2020-09-18,0.39,0.413,0.416,0.39,743927.0
2020-09-21,0.424,0.413,0.424,0.409,611015.0
2020-09-22,0.407,0.398,0.41,0.396,471996.0
2020-09-23,0.398,0.394,0.402,0.392,441307.0
2020-09-24,0.393,0.38,0.393,0.379,448661.0
2020-09-25,0.38,0.385,0.389,0.38,489731.0
2020-09-28,0.388,0.397,0.401,0.388,538870.0
2020-09-29,0.399,0.391,0.399,0.39,604133.0
2020-09-30,0.391,0.38,0.393,0.378,518428.0
2020-10-09,0.385,0.395,0.4,0.385,607687.0
2020-10-12,0.398,0.407,0.407,0.395,581289.0
2020-10-13,0.409,0.411,0.413,0.404,570133.0
2020-10-14,0.412,0.404,0.413,0.402,440576.0
2020-10-15,0.403,0.415,0.428,0.403,953995.0
2020-10-16,0.416,0.428,0.434,0.41,1206939.0
2020-10-19,0.428,0.412,0.428,0.412,660815.0
2020-10-20,0.41,0.411,0.413,0.405,419528.0
2020-10-21,0.412,0.405,0.414,0.402,455021.0
2020-10-22,0.401,0.403,0.408,0.4,444100.0
2020-10-23,0.402,0.396,0.404,0.394,438253.0
2020-10-26,0.393,0.392,0.394,0.387,451017.0
2020-10-27,0.388,0.391,0.391,0.386,434457.0
2020-10-28,0.39,0.391,0.393,0.384,426991.0
2020-10-29,0.385,0.386,0.387,0.381,459783.0
2020-10-30,0.384,0.381,0.393,0.379,620409.0
2020-11-02,0.381,0.388,0.39,0.381,521855.0
2020-11-03,0.389,0.398,0.4,0.389,546721.0
2020-11-04,0.396,0.406,0.408,0.396,717665.0
2020-11-05,0.406,0.408,0.409,0.402,513936.0
2020-11-06,0.407,0.411,0.415,0.404,717494.0
2020-11-09,0.413,0.425,0.427,0.413,946253.0
2020-11-10,0.43,0.419,0.43,0.416,550370.01
2020-11-11,0.419,0.431,0.44,0.412,1205242.99
2020-11-12,0.428,0.426,0.43,0.421,592237.0
2020-11-13,0.422,0.421,0.425,0.416,441336.0
2020-11-16,0.422,0.445,0.446,0.422,1007868.0
2020-11-17,0.444,0.437,0.452,0.433,1226977.0
2020-11-18,0.435,0.44,0.443,0.429,819531.0
2020-11-19,0.436,0.433,0.445,0.428,587599.0
2020-11-20,0.43,0.448,0.449,0.426,933782.0
2020-11-23,0.452,0.484,0.493,0.452,1433375.0
2020-11-24,0.483,0.486,0.491,0.471,1507678.0
2020-11-25,0.489,0.476,0.499,0.475,1126064.0
2020-11-26,0.47,0.475,0.48,0.469,783938.0
2020-11-27,0.474,0.479,0.481,0.459,883559.0
2020-11-30,0.477,0.479,0.496,0.474,972997.0
2020-12-01,0.477,0.486,0.488,0.473,777490.0
2020-12-02,0.486,0.497,0.498,0.482,945034.0
2020-12-03,0.492,0.472,0.492,0.47,847061.0
2020-12-04,0.467,0.466,0.468,0.457,1103007.0
2020-12-07,0.467,0.459,0.475,0.459,655231.0
2020-12-08,0.458,0.459,0.465,0.454,661121.0
2020-12-09,0.462,0.473,0.484,0.462,1401708.0
2020-12-10,0.476,0.472,0.481,0.468,895159.0
2020-12-11,0.482,0.474,0.492,0.465,1038685.0
2020-12-14,0.455,0.436,0.465,0.431,1024538.0
2020-12-15,0.434,0.434,0.435,0.425,812155.0
2020-12-16,0.433,0.428,0.441,0.427,850991.0
2020-12-17,0.426,0.448,0.449,0.421,1285321.0
2020-12-18,0.458,0.485,0.489,0.458,1671089.0
2020-12-21,0.491,0.492,0.495,0.477,1207999.0
2020-12-22,0.482,0.456,0.49,0.454,936864.0
2020-12-23,0.451,0.472,0.478,0.45,863402.0
2020-12-24,0.475,0.48,0.483,0.461,801829.0
2020-12-25,0.476,0.497,0.503,0.468,1069557.0
2020-12-28,0.501,0.506,0.513,0.495,881079.0
2020-12-29,0.503,0.477,0.503,0.473,788063.0
2020-12-30,0.472,0.492,0.503,0.468,892422.0
2020-12-31,0.488,0.487,0.496,0.479,839991.0
2021-01-04,0.481,0.502,0.503,0.476,1059101.0
2021-01-05,0.507,0.484,0.507,0.472,1305537.0
2021-01-06,0.484,0.477,0.493,0.47,1119217.0
2021-01-07,0.478,0.489,0.501,0.475,1991071.0
2021-01-08,0.489,0.485,0.496,0.476,1192960.0
2021-01-11,0.48,0.455,0.48,0.453,1102650.0
2021-01-12,0.451,0.463,0.463,0.45,930067.0
2021-01-13,0.461,0.462,0.471,0.452,1106247.0
2021-01-14,0.457,0.446,0.46,0.446,830655.0
2021-01-15,0.451,0.461,0.462,0.45,1191579.0
2021-01-18,0.457,0.472,0.474,0.454,1037459.0
2021-01-19,0.47,0.471,0.486,0.466,986951.0
2021-01-20,0.47,0.47,0.473,0.46,694313.0
2021-01-21,0.467,0.488,0.491,0.467,1209425.0
2021-01-22,0.485,0.473,0.487,0.469,673621.0
2021-01-25,0.47,0.467,0.472,0.459,749099.0
2021-01-26,0.465,0.477,0.485,0.465,976275.0
2021-01-27,0.477,0.475,0.489,0.47,690236.0
2021-01-28,0.465,0.456,0.47,0.453,486377.0
2021-01-29,0.453,0.438,0.462,0.431,510219.0
2021-02-01,0.438,0.454,0.455,0.432,468962.0
2021-02-02,0.455,0.444,0.456,0.437,668435.36
2021-02-03,0.441,0.441,0.448,0.435,509112.0
2021-02-04,0.437,0.441,0.453,0.43,554057.0
2021-02-05,0.441,0.419,0.443,0.418,460728.0
2021-02-08,0.417,0.434,0.436,0.416,427227.0
2021-02-09,0.435,0.45,0.451,0.432,475463.0
2021-02-10,0.452,0.445,0.452,0.438,400537.0
2021-02-18,0.456,0.49,0.492,0.456,883580.0
2021-02-19,0.481,0.508,0.51,0.477,850961.0
2021-02-22,0.508,0.523,0.554,0.507,1052434.0
2021-02-23,0.509,0.497,0.513,0.493,903452.0
2021-02-24,0.494,0.492,0.508,0.482,755612.85
2021-02-25,0.498,0.493,0.508,0.489,625784.15
2021-02-26,0.478,0.469,0.483,0.465,588977.0
2021-03-01,0.471,0.486,0.486,0.47,478400.0
2021-03-02,0.485,0.495,0.51,0.485,592464.0
2021-03-03,0.495,0.531,0.534,0.487,839642.0
2021-03-04,0.517,0.519,0.524,0.51,862494.0
2021-03-05,0.509,0.504,0.513,0.498,578245.0
2021-03-08,0.509,0.501,0.52,0.501,673795.0
2021-03-09,0.495,0.493,0.508,0.474,666055.88
2021-03-10,0.492,0.501,0.507,0.49,578591.0
2021-03-11,0.5,0.516,0.518,0.494,728451.0
2021-03-12,0.515,0.525,0.539,0.507,980204.0
2021-03-15,0.518,0.54,0.542,0.516,1001654.12
2021-03-16,0.53,0.523,0.535,0.51,707585.0
2021-03-17,0.521,0.527,0.527,0.505,883034.0
2021-03-18,0.524,0.518,0.525,0.516,669295.93
2021-03-19,0.51,0.51,0.529,0.505,685090.0
2021-03-22,0.506,0.516,0.519,0.504,690616.0
2021-03-23,0.514,0.488,0.516,0.484,665987.0
2021-03-24,0.481,0.475,0.487,0.469,598931.12
2021-03-25,0.468,0.489,0.495,0.468,570643.17
2021-03-26,0.489,0.49,0.491,0.47,519153.17
2021-03-29,0.502,0.521,0.528,0.501,761126.0
2021-03-30,0.516,0.511,0.516,0.502,732460.0
2021-03-31,0.507,0.509,0.515,0.504,495109.0
2021-04-01,0.508,0.511,0.514,0.497,698971.0
2021-04-02,0.509,0.504,0.511,0.501,585873.0
2021-04-06,0.504,0.51,0.514,0.503,750760.0
2021-04-07,0.51,0.522,0.523,0.506,779042.0
2021-04-08,0.527,0.523,0.536,0.515,1114212.0
2021-04-09,0.52,0.537,0.54,0.515,930193.0
2021-04-12,0.535,0.532,0.544,0.528,696473.0
2021-04-13,0.528,0.515,0.53,0.51,560213.0
2021-04-14,0.513,0.521,0.524,0.51,596956.0
2021-04-15,0.521,0.528,0.53,0.515,789265.0
2021-04-16,0.529,0.548,0.556,0.524,903979.0
2021-04-19,0.549,0.558,0.571,0.549,694870.0
2021-04-20,0.548,0.555,0.559,0.548,722849.0
2021-04-21,0.549,0.552,0.555,0.541,571155.0
2021-04-22,0.555,0.559,0.568,0.555,716558.0
2021-04-23,0.554,0.55,0.556,0.542,619547.0
2021-04-26,0.553,0.565,0.568,0.551,916501.0
2021-04-27,0.561,0.553,0.567,0.538,582299.0
2021-04-28,0.549,0.577,0.582,0.543,1069067.0
2021-04-29,0.576,0.585,0.587,0.565,758172.0
2021-04-30,0.58,0.561,0.58,0.557,664666.0
2021-05-06,0.568,0.6,0.605,0.568,779876.0
2021-05-07,0.602,0.636,0.644,0.601,774863.51
2021-05-10,0.647,0.685,0.691,0.644,1091434.99
2021-05-11,0.655,0.652,0.664,0.622,1552265.0
2021-05-12,0.644,0.661,0.673,0.644,1206889.0
2021-05-13,0.644,0.619,0.648,0.615,1012830.0
2021-05-14,0.614,0.61,0.631,0.6,825557.0
2021-05-17,0.607,0.609,0.62,0.602,1039333.0
2021-05-18,0.614,0.613,0.619,0.608,874270.0
2021-05-19,0.606,0.596,0.608,0.592,881258.0
2021-05-20,0.564,0.566,0.569,0.55,1148069.0
2021-05-21,0.56,0.578,0.586,0.56,1160200.0
2021-05-24,0.574,0.577,0.588,0.572,731194.0
2021-05-25,0.578,0.59,0.594,0.564,941389.0
2021-05-26,0.583,0.589,0.598,0.58,742038.0
2021-05-27,0.593,0.603,0.61,0.591,801453.0
2021-05-28,0.61,0.595,0.616,0.591,671858.0
2021-05-31,0.599,0.6,0.603,0.592,662280.0
2021-06-01,0.601,0.628,0.629,0.585,1133772.43
2021-06-02,0.625,0.629,0.641,0.62,1084382.0
2021-06-03,0.636,0.649,0.655,0.635,1028868.0
2021-06-04,0.624,0.63,0.635,0.611,954636.0
2021-06-07,0.626,0.642,0.656,0.626,776224.43
2021-06-08,0.64,0.636,0.647,0.629,505432.0
2021-06-09,0.641,0.671,0.683,0.635,1033719.0
2021-06-10,0.668,0.663,0.675,0.659,788544.0
2021-06-11,0.67,0.669,0.679,0.664,745170.0
2021-06-15,0.676,0.665,0.689,0.652,691580.0
2021-06-16,0.665,0.661,0.687,0.657,898516.0
2021-06-17,0.654,0.667,0.678,0.645,870231.95
2021-06-18,0.666,0.648,0.667,0.64,847313.44
2021-06-21,0.638,0.634,0.642,0.623,704419.0
2021-06-22,0.631,0.645,0.646,0.628,711987.0
2021-06-23,0.645,0.673,0.676,0.638,953589.44
2021-06-24,0.67,0.676,0.697,0.661,716624.0
2021-06-25,0.685,0.707,0.708,0.683,728165.0
2021-06-28,0.677,0.658,0.678,0.651,1464328.0
2021-06-29,0.65,0.641,0.655,0.64,912073.0
2021-06-30,0.64,0.648,0.655,0.64,683775.0
2021-07-01,0.645,0.633,0.65,0.629,695218.0
2021-07-02,0.626,0.627,0.636,0.624,546813.0
2021-07-05,0.635,0.646,0.647,0.629,729366.0
2021-07-06,0.648,0.647,0.651,0.638,601007.0
2021-07-07,0.636,0.635,0.639,0.626,692763.0
2021-07-08,0.633,0.601,0.633,0.598,985584.0
2021-07-09,0.601,0.618,0.62,0.6,994637.0
2021-07-12,0.618,0.625,0.633,0.618,773148.0
2021-07-13,0.628,0.659,0.662,0.623,1110839.0
2021-07-14,0.655,0.661,0.683,0.651,951132.0
2021-07-15,0.658,0.664,0.665,0.645,966623.0
2021-07-16,0.663,0.684,0.693,0.661,1049077.0
2021-07-19,0.693,0.684,0.707,0.681,791315.0
2021-07-20,0.668,0.693,0.694,0.655,772770.0
2021-07-21,0.695,0.688,0.7,0.677,850658.0
2021-07-22,0.685,0.696,0.7,0.678,837251.17
2021-07-23,0.696,0.707,0.733,0.696,1141441.17
2021-07-26,0.705,0.698,0.713,0.679,853191.0
2021-07-27,0.698,0.673,0.72,0.671,977646.0
2021-07-28,0.663,0.663,0.684,0.64,795684.0
2021-07-29,0.685,0.676,0.685,0.659,956538.0
2021-07-30,0.686,0.7,0.706,0.678,1138720.0
2021-08-02,0.66,0.671,0.673,0.648,1163271.0
2021-08-03,0.663,0.647,0.675,0.642,666981.05
2021-08-04,0.655,0.68,0.681,0.651,921366.05
2021-08-05,0.682,0.686,0.703,0.679,983212.0
2021-08-06,0.687,0.729,0.755,0.683,857002.0
2021-08-09,0.735,0.728,0.74,0.716,666893.98
2021-08-10,0.725,0.734,0.743,0.722,622304.0
2021-08-11,0.741,0.78,0.782,0.736,1042363.35
2021-08-12,0.777,0.792,0.801,0.761,1065359.84
2021-08-13,0.789,0.801,0.809,0.783,713695.0
2021-08-16,0.815,0.802,0.82,0.796,990184.25
2021-08-17,0.798,0.774,0.808,0.77,1376136.25
2021-08-18,0.775,0.775,0.789,0.761,584471.0
2021-08-19,0.767,0.758,0.769,0.743,925322.0
2021-08-20,0.755,0.748,0.76,0.734,735135.0
2021-08-23,0.77,0.784,0.787,0.769,1026071.0
2021-08-24,0.803,0.795,0.81,0.784,906356.0
2021-08-25,0.79,0.832,0.833,0.788,881847.0
2021-08-26,0.832,0.867,0.881,0.829,1105091.49
2021-08-27,0.84,0.868,0.875,0.824,1103222.76
2021-08-30,0.868,0.903,0.907,0.858,1134919.27
2021-08-31,0.909,0.96,0.968,0.885,1234962.48
2021-09-01,0.965,0.921,0.991,0.906,1573525.27
2021-09-02,0.908,0.975,0.981,0.907,1537961.5
2021-09-03,0.967,0.938,0.974,0.861,1328725.0
2021-09-06,0.958,0.965,0.985,0.939,1300560.49
2021-09-07,0.977,1.033,1.038,0.968,1478451.61
2021-09-08,1.024,1.067,1.086,1.011,1592484.0
2021-09-09,1.074,1.148,1.164,1.046,1852739.82
2021-09-10,1.125,1.088,1.138,1.085,2586541.4
2021-09-13,1.088,1.152,1.168,1.088,2450568.57
2021-09-14,1.113,1.116,1.158,1.094,1916162.87
2021-09-15,1.111,1.12,1.149,1.087,1652112.0
2021-09-16,1.168,1.13,1.191,1.121,1905370.48
2021-09-17,1.089,1.044,1.149,1.021,2117590.86
2021-09-22,1.038,1.117,1.118,1.033,1711395.56
2021-09-23,1.147,1.091,1.163,1.059,2261466.62
2021-09-24,1.06,1.0,1.074,0.998,2784017.88
2021-09-27,1.007,0.963,1.015,0.942,2199913.57
2021-09-28,0.966,1.007,1.013,0.965,2298474.23
2021-09-29,1.013,0.947,1.038,0.941,2077862.2
2021-09-30,0.942,0.995,0.997,0.934,1700278.28
2021-10-08,1.019,0.943,1.027,0.927,2178176.36
2021-10-11,0.958,0.985,0.989,0.932,1998535.0
2021-10-12,0.99,0.965,1.027,0.94,2162356.0
2021-10-13,0.955,0.904,0.96,0.875,2820495.0
2021-10-14,0.881,0.898,0.913,0.864,2248286.93
2021-10-15,0.898,0.944,0.948,0.89,2394181.48
2021-10-18,0.944,1.014,1.017,0.939,2470029.69
2021-10-19,1.023,1.014,1.05,0.996,2053262.89
2021-10-20,0.897,0.92,0.927,0.897,2557404.0
2021-10-21,0.905,0.965,0.99,0.905,2409382.62
2021-10-22,0.94,0.904,0.973,0.897,2125882.99
2021-10-25,0.906,0.927,0.941,0.887,1636946.99
2021-10-26,0.924,0.93,0.95,0.911,1389941.68
2021-10-27,0.907,0.885,0.917,0.88,1656452.0
2021-10-28,0.844,0.812,0.884,0.793,3417001.71
2021-10-29,0.812,0.805,0.821,0.796,1652655.88
2021-11-01,0.796,0.82,0.829,0.792,1765577.88
2021-11-02,0.823,0.788,0.829,0.764,1989075.0
2021-11-03,0.795,0.828,0.833,0.787,2311662.45
2021-11-04,0.809,0.816,0.817,0.794,1578531.0
2021-11-05,0.804,0.774,0.804,0.771,2018509.0
2021-11-08,0.776,0.777,0.79,0.773,1109030.0
2021-11-09,0.768,0.767,0.776,0.757,1239121.0
2021-11-10,0.753,0.743,0.755,0.724,1630354.73
2021-11-11,0.745,0.756,0.757,0.74,1417006.84
2021-11-12,0.746,0.739,0.752,0.738,1104368.0
2021-11-15,0.73,0.727,0.736,0.723,1138528.3
2021-11-16,0.727,0.713,0.729,0.712,1224586.9
2021-11-17,0.716,0.721,0.723,0.711,1332216.35
2021-11-18,0.736,0.733,0.75,0.731,2004327.14
2021-11-19,0.726,0.757,0.757,0.718,1900955.72
2021-11-22,0.763,0.763,0.777,0.756,1316363.58
2021-11-23,0.763,0.776,0.785,0.756,1439117.95
2021-11-24,0.786,0.799,0.8,0.781,2058118.88
2021-11-25,0.802,0.783,0.806,0.78,1296311.88
2021-11-26,0.77,0.763,0.778,0.757,1275520.15
2021-11-29,0.749,0.754,0.755,0.732,1123894.17
2021-11-30,0.756,0.755,0.771,0.748,1063389.87
2021-12-01,0.755,0.789,0.79,0.749,1469321.13
2021-12-02,0.784,0.8,0.803,0.78,1260922.6
2021-12-03,0.794,0.838,0.848,0.781,2134813.39
2021-12-06,0.835,0.827,0.855,0.823,1671204.82
2021-12-07,0.837,0.837,0.838,0.813,1181040.0
2021-12-08,0.837,0.831,0.838,0.821,1244567.0
2021-12-09,0.83,0.825,0.838,0.822,1310050.44
2021-12-10,0.824,0.812,0.826,0.809,1015785.12
2021-12-13,0.817,0.829,0.833,0.816,1487999.08
2021-12-14,0.825,0.806,0.826,0.804,1107201.08
2021-12-15,0.806,0.819,0.829,0.803,1331761.06
2021-12-16,0.829,0.89,0.89,0.827,2850244.37
2021-12-17,0.907,0.864,0.911,0.862,2779742.79
2021-12-20,0.862,0.84,0.872,0.836,1138641.4
2021-12-21,0.84,0.853,0.86,0.831,1340761.4
2021-12-22,0.855,0.859,0.863,0.838,901528.11
2021-12-23,0.86,0.884,0.891,0.851,1309265.94
2021-12-24,0.882,0.862,0.887,0.861,1115644.18
2021-12-27,0.861,0.872,0.884,0.858,1351058.0
2021-12-28,0.87,0.839,0.87,0.828,2619331.02
2021-12-29,0.835,0.83,0.846,0.827,876621.0
2021-12-30,0.829,0.825,0.829,0.817,951753.02
2021-12-31,0.819,0.818,0.825,0.813,1088574.0
2022-01-04,0.844,0.835,0.855,0.83,1789784.0
2022-01-05,0.825,0.819,0.83,0.808,957159.52
2022-01-06,0.814,0.822,0.829,0.811,1104314.0
2022-01-07,0.817,0.82,0.834,0.815,987837.94
2022-01-10,0.823,0.84,0.84,0.819,1226005.27
2022-01-11,0.83,0.826,0.834,0.821,1004214.9
2022-01-12,0.827,0.829,0.83,0.815,858998.86
2022-01-13,0.831,0.842,0.859,0.831,1497223.11
2022-01-14,0.827,0.808,0.829,0.787,1238440.0
2022-01-17,0.813,0.817,0.822,0.805,740761.46
2022-01-18,0.818,0.841,0.847,0.812,1105774.58
2022-01-19,0.85,0.843,0.865,0.84,1245835.0
2022-01-20,0.842,0.839,0.845,0.825,1014930.71
2022-01-21,0.843,0.861,0.864,0.841,1074878.9
2022-01-24,0.854,0.855,0.86,0.834,880449.11
2022-01-25,0.847,0.809,0.848,0.807,1002278.31
2022-01-26,0.807,0.808,0.815,0.791,738075.0
2022-01-27,0.808,0.801,0.827,0.8,845735.48
2022-01-28,0.802,0.771,0.807,0.761,951268.74
2022-02-07,0.786,0.81,0.814,0.784,948016.0
2022-02-08,0.831,0.863,0.864,0.83,1135311.27
2022-02-09,0.854,0.865,0.879,0.825,1115973.26
2022-02-10,0.84,0.885,0.887,0.837,1316186.37
2022-02-11,0.885,0.895,0.915,0.876,1185659.4
2022-02-14,0.894,0.883,0.908,0.88,1122889.2
2022-02-15,0.874,0.867,0.876,0.86,846284.53
2022-02-16,0.868,0.88,0.881,0.862,851825.0
2022-02-17,0.876,0.884,0.89,0.865,987366.96
2022-02-18,0.888,0.922,0.928,0.883,1071015.96
2022-02-21,0.923,0.947,0.949,0.919,1472603.56
2022-02-22,0.945,0.948,0.958,0.925,1390400.56
2022-02-23,0.946,0.936,0.946,0.917,1189789.56
2022-02-24,0.923,0.921,0.94,0.905,1180173.0
2022-02-25,0.914,0.901,0.939,0.874,1723183.0
2022-02-28,0.894,0.921,0.922,0.89,946397.32
2022-03-01,0.925,0.945,0.948,0.913,1145950.0
2022-03-02,0.954,0.971,0.972,0.95,1264278.82
2022-03-03,0.973,0.997,1.007,0.973,1454575.55
2022-03-04,0.987,0.999,1.028,0.972,1258807.98
2022-03-07,1.034,1.001,1.045,0.99,1236776.55
2022-03-08,0.982,0.935,0.997,0.933,1223842.55
2022-03-09,0.935,0.972,0.979,0.908,1699627.55
2022-03-10,0.949,0.964,0.979,0.92,1864236.0
2022-03-11,0.958,0.962,0.983,0.933,1878268.9
2022-03-14,0.939,0.92,0.982,0.919,1135669.0
2022-03-15,0.905,0.833,0.909,0.83,2043605.27
2022-03-16,0.843,0.857,0.867,0.813,1498034.27
2022-03-17,0.863,0.879,0.891,0.843,1186935.27
2022-03-18,0.884,0.93,0.932,0.884,1321790.28
2022-03-21,0.924,0.955,0.965,0.918,1337553.88
2022-03-22,0.951,0.99,0.99,0.944,1325844.58
2022-03-23,0.985,0.984,0.999,0.959,1393767.5
2022-03-24,0.988,0.992,1.013,0.984,1238183.24
2022-03-25,0.982,0.987,1.009,0.972,1099311.48
2022-03-28,0.99,1.017,1.027,0.98,1112747.52
2022-03-29,1.005,1.033,1.044,1.002,1137855.52
2022-03-30,1.02,1.001,1.036,0.988,1468187.25
2022-03-31,1.005,1.028,1.029,0.994,1547303.45
2022-04-01,1.014,1.019,1.038,1.003,1214672.0
2022-04-06,1.014,1.005,1.021,0.973,1403341.0
2022-04-07,0.993,1.011,1.028,0.993,1189953.0
2022-04-08,1.011,1.025,1.033,0.996,1126057.0
2022-04-11,1.01,1.004,1.029,0.998,1203082.0
2022-04-12,1.009,1.012,1.034,0.996,1114153.0
2022-04-13,1.01,1.059,1.07,1.007,1232367.0
2022-04-14,1.059,1.124,1.126,1.04,1365336.0
2022-04-15,1.143,1.089,1.181,1.078,2203976.0
2022-04-18,1.053,1.043,1.08,1.04,1527721.0
2022-04-19,1.046,1.076,1.078,1.029,1428514.0
2022-04-20,1.059,1.011,1.069,1.007,2152601.0
2022-04-21,1.01,0.992,1.031,0.979,1556198.0
2022-04-22,0.97,0.993,1.01,0.961,986021.0
2022-04-25,0.965,0.919,0.965,0.914,1468438.0
2022-04-26,0.916,0.87,0.919,0.866,1572639.0
2022-04-27,0.855,0.915,0.916,0.855,1645169.0
2022-04-28,0.924,0.966,0.979,0.921,1769714.0
2022-04-29,0.973,0.975,0.979,0.933,1517365.0
2022-05-05,0.981,0.962,0.985,0.95,1371647.0
2022-05-06,0.94,0.941,0.972,0.931,1624146.0
2022-05-09,0.921,0.926,0.927,0.894,1018908.0
2022-05-10,0.902,0.898,0.905,0.873,1756850.0
2022-05-11,0.891,0.93,0.933,0.89,1557450.0
2022-05-12,0.937,0.902,0.943,0.895,1718927.0
2022-05-13,0.905,0.934,0.936,0.9,1548972.0
2022-05-16,0.942,0.966,0.968,0.933,1170343.0
2022-05-17,0.966,0.98,0.984,0.956,1176653.0
2022-05-18,0.971,0.963,0.979,0.958,960218.0
2022-05-19,0.945,0.967,0.968,0.929,1005925.0
2022-05-20,0.966,1.018,1.018,0.966,1433180.0
2022-05-23,1.019,1.027,1.049,1.01,1609640.0
2022-05-24,1.021,1.02,1.061,1.016,1809010.0
2022-05-25,1.015,1.044,1.049,1.004,1584210.0
2022-05-26,1.045,1.082,1.09,1.035,1554074.0
2022-05-27,1.084,1.096,1.11,1.07,1624482.0
2022-05-30,1.096,1.083,1.101,1.063,1336249.0
2022-05-31,1.083,1.076,1.085,1.057,1149453.0
2022-06-01,1.073,1.098,1.102,1.062,1300641.0
2022-06-02,1.092,1.065,1.092,1.059,1312333.0
2022-06-06,1.066,1.105,1.108,1.066,1391658.0
2022-06-07,1.099,1.106,1.129,1.082,1605484.0
2022-06-08,1.111,1.173,1.175,1.111,2095784.0
2022-06-09,1.168,1.174,1.208,1.152,1836314.0
2022-06-10,1.155,1.195,1.205,1.15,1439744.0
2022-06-13,1.178,1.18,1.202,1.152,1840344.0
2022-06-14,1.161,1.214,1.215,1.156,1485174.0
2022-06-15,1.214,1.176,1.22,1.174,1426832.0
2022-06-16,1.176,1.126,1.185,1.108,2427078.0
2022-06-17,1.11,1.123,1.13,1.1,2512814.0
2022-06-20,1.09,1.05,1.095,1.044,2695255.0
2022-06-21,1.041,1.05,1.067,1.039,1759387.0
2022-06-22,1.06,1.026,1.065,1.023,1759684.0
2022-06-23,1.021,1.055,1.055,1.008,2146961.0
2022-06-24,1.05,1.048,1.07,1.035,2164400.0
2022-06-27,1.049,1.103,1.105,1.045,2804139.0
2022-06-28,1.108,1.129,1.129,1.102,1711206.0
2022-06-29,1.125,1.114,1.15,1.112,1895724.0
2022-06-30,1.105,1.116,1.123,1.098,1183590.0
2022-07-01,1.1,1.115,1.125,1.071,1929144.0
2022-07-04,1.111,1.11,1.134,1.099,1271564.0
2022-07-05,1.12,1.163,1.164,1.119,2506600.0
2022-07-06,1.125,1.082,1.134,1.067,3187830.0
2022-07-07,1.073,1.091,1.096,1.053,1591242.0
2022-07-08,1.107,1.076,1.113,1.074,1646228.0
2022-07-11,1.061,1.044,1.062,1.034,1519247.0
2022-07-12,1.047,1.05,1.063,1.043,1405088.0
2022-07-13,1.04,1.05,1.053,1.028,1395766.0
2022-07-14,1.05,1.05,1.065,1.038,1168659.0
2022-07-15,1.051,1.041,1.088,1.04,1709116.0
2022-07-18,1.049,1.094,1.095,1.049,1964094.0
2022-07-19,1.099,1.09,1.099,1.077,1341203.0
2022-07-20,1.088,1.085,1.098,1.081,937126.0
2022-07-21,1.08,1.045,1.08,1.044,1706731.0
2022-07-22,1.043,1.031,1.05,1.027,1379135.0
2022-07-25,1.037,1.04,1.056,1.033,1263922.0
2022-07-26,1.04,1.06,1.066,1.031,1426573.0
2022-07-27,1.057,1.064,1.072,1.051,924665.0
2022-07-28,1.074,1.09,1.09,1.066,1827008.0
2022-07-29,1.09,1.058,1.099,1.057,1444316.0
2022-08-01,1.056,1.078,1.083,1.049,1333532.0
2022-08-02,1.06,1.041,1.061,1.028,1426610.0
2022-08-03,1.042,1.032,1.058,1.027,1384807.0
2022-08-04,1.03,1.024,1.037,1.005,1692792.0
2022-08-05,1.023,1.014,1.029,0.995,1736994.0
2022-08-08,1.011,1.05,1.053,1.002,1640567.0
2022-08-09,1.05,1.088,1.093,1.045,1994015.0
2022-08-10,1.08,1.073,1.097,1.064,1552891.0
2022-08-11,1.075,1.08,1.087,1.065,1079194.0
2022-08-12,1.085,1.109,1.115,1.085,1382897.0
2022-08-15,1.111,1.132,1.147,1.111,1754626.0
2022-08-16,1.129,1.135,1.144,1.113,1152659.0
2022-08-17,1.137,1.134,1.152,1.128,939487.0
2022-08-18,1.127,1.117,1.145,1.111,990760.0
2022-08-19,1.123,1.141,1.15,1.117,1401314.0
2022-08-22,1.146,1.171,1.175,1.141,1750985.0
2022-08-23,1.171,1.201,1.213,1.155,1795439.0
2022-08-24,1.209,1.193,1.219,1.186,1521008.0
2022-08-25,1.198,1.266,1.269,1.19,2002726.0
2022-08-26,1.247,1.229,1.255,1.22,1843112.0
2022-08-29,1.213,1.255,1.258,1.186,1870512.0
2022-08-30,1.244,1.182,1.245,1.174,2320216.0
2022-08-31,1.17,1.15,1.189,1.147,1611832.0
2022-09-01,1.15,1.184,1.212,1.147,1658993.0
2022-09-02,1.178,1.17,1.191,1.157,1059088.0
2022-09-05,1.182,1.234,1.239,1.174,1920499.0
2022-09-06,1.236,1.262,1.269,1.223,1541106.0
2022-09-07,1.253,1.259,1.272,1.24,1343189.0
2022-09-08,1.24,1.237,1.257,1.216,1257450.0
2022-09-09,1.234,1.251,1.259,1.221,1070306.0
2022-09-13,1.252,1.231,1.256,1.218,1265530.0
2022-09-14,1.213,1.212,1.238,1.207,1108185.0
2022-09-15,1.231,1.218,1.258,1.189,1488879.0
2022-09-16,1.196,1.152,1.22,1.151,2037851.0
2022-09-19,1.145,1.158,1.184,1.14,1365603.0
2022-09-20,1.174,1.177,1.198,1.154,1157233.0
2022-09-21,1.167,1.19,1.199,1.167,953259.0
2022-09-22,1.183,1.229,1.234,1.179,1655355.0
2022-09-23,1.218,1.199,1.237,1.195,1327992.0
2022-09-26,1.175,1.159,1.198,1.152,1130091.0
2022-09-27,1.163,1.154,1.172,1.112,1632006.0
2022-09-28,1.155,1.138,1.168,1.137,1249015.0
2022-09-29,1.153,1.167,1.182,1.148,1383825.0
2022-09-30,1.165,1.169,1.187,1.157,1233384.0
2022-10-10,1.191,1.19,1.218,1.175,1754564.0
2022-10-11,1.181,1.18,1.191,1.152,1364486.0
2022-10-12,1.167,1.186,1.188,1.151,979902.0
2022-10-13,1.181,1.13,1.181,1.124,1656385.0
2022-10-14,1.136,1.14,1.146,1.125,1330475.0
2022-10-17,1.128,1.124,1.128,1.084,1543784.0
2022-10-18,1.125,1.127,1.142,1.115,1388737.0
2022-10-19,1.12,1.126,1.147,1.103,1420422.0
2022-10-20,1.12,1.101,1.12,1.093,1847990.0
2022-10-21,1.103,1.105,1.121,1.094,1121909.0
2022-10-24,1.109,1.078,1.115,1.071,1284518.0
2022-10-25,1.074,1.065,1.078,1.046,1169931.0
2022-10-26,1.059,1.054,1.071,1.038,1407012.0
2022-10-27,1.057,1.056,1.076,1.051,1121244.0
2022-10-28,1.05,1.051,1.073,1.036,1404013.0
2022-10-31,1.039,1.007,1.053,0.999,1417877.0
2022-11-01,1.003,1.014,1.016,0.982,1711572.0
2022-11-02,1.009,1.029,1.035,1.001,1999994.0
2022-11-03,1.019,1.022,1.035,1.009,1610293.0
2022-11-04,1.02,1.066,1.071,1.02,1652670.0
2022-11-07,1.066,1.085,1.097,1.066,1277658.0
2022-11-08,1.09,1.08,1.1,1.073,1271303.0
2022-11-09,1.075,1.062,1.085,1.061,770411.0
2022-11-10,1.05,1.062,1.066,1.034,899657.0
2022-11-11,1.082,1.088,1.093,1.065,1420549.0
2022-11-14,1.086,1.057,1.117,1.052,1743958.0
2022-11-15,1.047,1.068,1.069,1.039,993165.0
2022-11-16,1.068,1.074,1.081,1.065,1226829.0
2022-11-17,1.068,1.031,1.068,1.02,1259678.0
2022-11-18,1.029,1.016,1.029,1.015,1085336.0
2022-11-21,1.006,1.011,1.012,0.995,1074578.0
2022-11-22,1.011,1.015,1.028,1.009,1155552.0
2022-11-23,1.018,1.029,1.035,1.018,1493398.0
2022-11-24,1.031,1.038,1.048,1.021,1433859.0
2022-11-25,1.038,1.066,1.066,1.027,2052997.0
2022-11-28,1.054,1.049,1.063,1.039,1635321.0
2022-11-29,1.052,1.07,1.072,1.05,1495634.0
2022-11-30,1.07,1.085,1.099,1.065,1780468.0
2022-12-01,1.093,1.073,1.098,1.067,2113857.0
2022-12-02,1.069,1.058,1.072,1.051,1418303.0
2022-12-05,1.061,1.078,1.08,1.061,1240226.0
2022-12-06,1.072,1.076,1.08,1.055,1161464.0
2022-12-07,1.073,1.052,1.079,1.046,1415456.0
2022-12-08,1.048,1.049,1.056,1.04,779814.0
2022-12-09,1.05,1.056,1.056,1.043,847560.0
2022-12-12,1.05,1.027,1.07,1.025,1111008.0
2022-12-13,1.022,1.032,1.041,1.022,810131.0
2022-12-14,1.033,1.042,1.045,1.028,1042090.0
2022-12-15,1.039,1.02,1.042,1.013,1023798.0
2022-12-16,1.014,1.022,1.033,1.011,776607.0
2022-12-19,1.018,0.995,1.02,0.988,1074300.0
2022-12-20,0.993,0.988,0.997,0.978,972993.0
2022-12-21,0.988,0.982,0.993,0.977,767415.0
2022-12-22,0.984,0.956,0.99,0.954,1278000.0
2022-12-23,0.95,0.958,0.959,0.941,782527.0
2022-12-26,0.953,0.964,0.964,0.951,642403.0
2022-12-27,0.971,0.985,0.985,0.968,794225.0
2022-12-28,0.978,0.977,0.987,0.972,679546.0
2022-12-29,0.972,0.953,0.972,0.95,887243.0
2022-12-30,0.955,0.955,0.962,0.952,536349.0
2023-01-03,0.95,0.962,0.962,0.944,729979.0
2023-01-04,0.96,0.939,0.96,0.933,1281597.0
2023-01-05,0.937,0.942,0.943,0.932,1105234.0
2023-01-06,0.941,0.955,0.957,0.938,980370.0
2023-01-09,0.96,0.964,0.966,0.947,1334517.0
2023-01-10,0.963,0.953,0.964,0.946,945192.0
2023-01-11,0.956,0.999,1.0,0.954,1930511.0
2023-01-12,0.994,0.995,0.998,0.979,1587075.0
2023-01-13,0.99,0.993,1.01,0.984,971392.0
2023-01-16,0.991,0.995,0.997,0.983,1194970.0
2023-01-17,0.995,0.984,0.995,0.98,887664.0
2023-01-18,0.984,0.994,1.004,0.984,1441732.0
2023-01-19,1.001,1.004,1.015,0.995,1392409.0
2023-01-20,1.006,1.024,1.025,1.006,1169761.0
2023-01-30,1.025,1.009,1.029,1.005,1340835.0
2023-01-31,1.005,1.014,1.017,1.001,1019942.0
2023-02-01,1.012,1.018,1.018,1.005,1187610.0
2023-02-02,1.018,1.024,1.03,1.007,1241048.0
2023-02-03,1.02,1.01,1.02,1.0,1204880.0
2023-02-06,1.001,1.01,1.011,0.999,889811.0
2023-02-07,1.007,1.009,1.021,1.005,739324.0
2023-02-08,1.013,1.002,1.015,1.0,679542.0
2023-02-09,1.0,1.006,1.007,0.997,607645.0
2023-02-10,1.004,0.991,1.004,0.987,923571.0
2023-02-13,0.99,0.987,0.99,0.974,928746.0
2023-02-14,0.987,0.994,0.999,0.983,820837.0
2023-02-15,0.994,0.982,0.998,0.982,700578.0
2023-02-16,0.984,0.966,0.99,0.96,845855.0
2023-02-17,0.966,0.989,0.995,0.966,1160077.0
2023-02-20,0.992,1.015,1.017,0.992,1796261.0
2023-02-21,1.022,1.045,1.052,1.015,1719980.0
2023-02-22,1.042,1.051,1.059,1.033,1454425.0
2023-02-23,1.08,1.059,1.085,1.053,1683967.0
2023-02-24,1.053,1.054,1.063,1.042,979248.0
2023-02-27,1.054,1.06,1.077,1.054,1080138.0
2023-02-28,1.055,1.049,1.058,1.042,993187.0
2023-03-01,1.049,1.053,1.057,1.044,846010.0
2023-03-02,1.055,1.054,1.065,1.048,1118665.0
2023-03-03,1.054,1.055,1.06,1.044,917622.0
2023-03-06,1.049,1.029,1.054,1.023,1292648.0
2023-03-07,1.028,1.033,1.055,1.028,1461281.0
2023-03-08,1.031,1.026,1.031,1.016,916786.0
2023-03-09,1.023,1.02,1.039,1.018,732609.0
2023-03-10,1.02,0.997,1.021,0.995,860574.0
2023-03-13,0.994,1.009,1.009,0.99,796877.0
2023-03-14,1.008,0.991,1.015,0.988,921517.0
2023-03-15,0.997,0.993,0.998,0.986,588805.0
2023-03-16,0.983,0.956,0.983,0.955,992145.0
2023-03-17,0.96,0.964,0.976,0.958,996477.0
2023-03-20,0.965,0.959,0.975,0.957,728808.0
2023-03-21,0.965,0.961,0.965,0.95,592890.0
2023-03-22,0.962,0.966,0.977,0.962,950268.0
2023-03-23,0.966,0.977,0.978,0.961,891892.0
2023-03-24,0.979,0.967,0.979,0.962,970294.0
2023-03-27,0.969,0.977,0.979,0.955,829804.0
2023-03-28,0.981,0.97,0.983,0.968,627789.0
2023-03-29,0.973,0.965,0.974,0.963,632692.0
2023-03-30,0.967,0.998,0.998,0.96,1337507.0
2023-03-31,0.995,0.995,1.0,0.989,642173.0
2023-04-03,0.999,0.997,1.008,0.993,772952.0
2023-04-04,0.993,0.997,1.002,0.984,708933.0
2023-04-06,0.994,0.977,0.994,0.973,874885.0
2023-04-07,0.977,0.973,0.981,0.97,635228.0
2023-04-10,0.972,0.96,0.972,0.958,881396.0
2023-04-11,0.96,0.956,0.961,0.95,816034.0
2023-04-12,0.956,0.965,0.969,0.956,1102124.0
2023-04-13,0.964,0.958,0.97,0.957,793372.0
2023-04-14,0.962,0.963,0.965,0.955,618238.0
2023-04-17,0.963,0.986,0.988,0.959,1615763.0
2023-04-18,0.985,1.018,1.021,0.984,1429001.0
2023-04-19,1.011,1.004,1.014,1.003,849718.0
2023-04-20,0.997,0.997,1.001,0.984,1022561.0
2023-04-21,0.995,0.979,0.997,0.977,816493.0
2023-04-24,0.978,0.964,0.984,0.96,824837.0
2023-04-25,0.964,0.951,0.972,0.938,1238598.0
2023-04-26,0.948,0.965,0.967,0.942,939052.0
2023-04-27,0.974,0.964,0.979,0.95,546151.0
2023-04-28,0.963,0.975,0.977,0.956,689235.0
2023-05-04,0.964,0.978,0.979,0.949,704751.0
2023-05-05,0.973,0.973,0.986,0.962,801101.0
2023-05-08,0.976,1.009,1.011,0.974,1735209.0
2023-05-09,1.012,1.006,1.03,1.005,1312949.0
2023-05-10,1.004,0.999,1.008,0.991,926301.0
2023-05-11,0.999,1.005,1.011,0.987,1152485.0
2023-05-12,1.002,0.987,1.005,0.985,698070.0
2023-05-15,0.989,1.008,1.009,0.98,818420.0
2023-05-16,1.008,1.005,1.022,1.002,806714.0
2023-05-17,1.003,0.996,1.005,0.992,601548.0
2023-05-18,1.0,1.002,1.011,0.998,2688961.0
2023-05-19,0.994,0.993,1.002,0.985,546061.0
2023-05-22,0.988,0.983,0.993,0.98,2381006.0
2023-05-23,0.984,0.975,0.989,0.974,547155.0
2023-05-24,0.971,0.96,0.972,0.958,609797.0
2023-05-25,0.959,0.947,0.96,0.934,1444973.0
2023-05-26,0.942,0.922,0.942,0.914,1674380.0
2023-05-29,0.923,0.92,0.924,0.907,1148424.0
2023-05-30,0.915,0.918,0.923,0.909,793861.0
2023-05-31,0.913,0.886,0.913,0.881,1153240.0
2023-06-01,0.884,0.885,0.894,0.88,723426.0
2023-06-02,0.886,0.898,0.9,0.886,855878.0
2023-06-05,0.898,0.902,0.904,0.895,546836.0
2023-06-06,0.902,0.905,0.919,0.898,924117.0
2023-06-07,0.905,0.895,0.905,0.888,1038261.0
2023-06-08,0.895,0.906,0.909,0.894,1691393.0
2023-06-09,0.909,0.905,0.913,0.901,564195.0
2023-06-12,0.903,0.911,0.913,0.9,388799.0
2023-06-13,0.908,0.9,0.91,0.895,631056.0
2023-06-14,0.901,0.898,0.906,0.897,593460.0
2023-06-15,0.902,0.909,0.909,0.892,759574.0
2023-06-16,0.908,0.91,0.917,0.905,1314904.0
2023-06-19,0.912,0.909,0.92,0.907,519486.0
2023-06-20,0.905,0.898,0.908,0.895,700988.0
2023-06-21,0.896,0.887,0.898,0.886,1509933.0
2023-06-26,0.885,0.878,0.886,0.876,537802.0
2023-06-27,0.88,0.898,0.899,0.878,691654.0
2023-06-28,0.898,0.922,0.926,0.897,1082279.0
2023-06-29,0.919,0.908,0.919,0.906,594375.0
2023-06-30,0.908,0.922,0.925,0.906,579224.0
2023-07-03,0.922,0.944,0.945,0.921,662179.0
2023-07-04,0.943,0.942,0.948,0.935,547981.0
2023-07-05,0.945,0.951,0.954,0.94,693569.0
2023-07-06,0.951,0.95,0.954,0.943,543215.0
2023-07-07,0.948,0.959,0.961,0.947,685530.0
2023-07-10,0.965,0.961,0.968,0.957,934252.0
2023-07-11,0.961,0.951,0.962,0.945,566553.0
2023-07-12,0.952,0.95,0.958,0.944,595217.0
2023-07-13,0.952,0.956,0.96,0.948,554091.0
2023-07-14,0.955,0.961,0.963,0.953,490522.0
2023-07-17,0.958,0.942,0.958,0.937,540233.0
2023-07-18,0.941,0.942,0.947,0.939,353367.0
2023-07-19,0.943,0.943,0.949,0.937,477150.0
2023-07-20,0.946,0.947,0.958,0.943,403513.0
2023-07-21,0.943,0.936,0.946,0.934,421964.0
2023-07-24,0.938,0.925,0.938,0.922,747567.0
2023-07-25,0.935,0.947,0.949,0.932,856774.0
2023-07-26,0.948,0.952,0.954,0.943,767866.0
2023-07-27,0.95,0.945,0.954,0.941,783579.0
2023-07-28,0.944,0.956,0.957,0.937,809745.0
2023-07-31,0.956,0.952,0.969,0.95,564550.0
2023-08-01,0.954,0.96,0.962,0.951,478131.0
2023-08-02,0.961,0.942,0.961,0.94,462828.0
2023-08-03,0.942,0.942,0.946,0.936,364523.0
2023-08-04,0.944,0.938,0.953,0.937,619657.0
2023-08-07,0.939,0.931,0.939,0.928,456154.0
2023-08-08,0.931,0.939,0.941,0.924,452345.0
2023-08-09,0.938,0.93,0.938,0.928,374812.0
2023-08-10,0.931,0.96,0.96,0.93,873419.0
2023-08-11,0.955,0.935,0.958,0.932,506651.0
2023-08-14,0.93,0.925,0.93,0.916,520378.0
2023-08-15,0.927,0.925,0.931,0.919,377330.0
2023-08-16,0.92,0.921,0.927,0.92,285142.0
2023-08-17,0.92,0.919,0.922,0.906,410842.0
2023-08-18,0.922,0.912,0.926,0.911,374343.0
2023-08-21,0.914,0.9,0.915,0.899,388725.0
2023-08-22,0.901,0.91,0.911,0.895,477943.0
2023-08-23,0.908,0.925,0.935,0.905,806460.0
2023-08-24,0.923,0.914,0.93,0.91,547887.0
2023-08-25,0.909,0.904,0.916,0.902,503066.0
2023-08-28,0.94,0.94,0.955,0.931,945925.0
2023-08-29,0.936,0.943,0.945,0.931,755890.0
2023-08-30,0.942,0.932,0.944,0.928,434440.0
2023-08-31,0.933,0.93,0.938,0.925,379397.0
2023-09-01,0.929,0.975,0.977,0.928,1631856.0
2023-09-04,0.982,1.009,1.015,0.982,1352039.0
2023-09-05,1.004,1.012,1.018,0.997,731334.0
2023-09-06,1.006,1.015,1.02,1.0,678115.0
2023-09-07,1.011,1.016,1.03,1.006,1039151.0
2023-09-08,1.005,0.995,1.013,0.995,702309.0
2023-09-11,0.996,1.003,1.025,0.996,628982.0
2023-09-12,1.007,1.001,1.017,1.0,502041.0
2023-09-13,1.002,1.012,1.023,1.0,678882.0
2023-09-14,1.011,1.052,1.057,1.01,2346979.0
2023-09-15,1.053,1.045,1.058,1.038,1118486.0
2023-09-18,1.046,1.052,1.053,1.035,647066.0
2023-09-19,1.054,1.055,1.07,1.051,890344.0
2023-09-20,1.05,1.048,1.058,1.043,539061.0
2023-09-21,1.042,1.038,1.05,1.035,736262.0
2023-09-22,1.035,1.033,1.043,1.022,788622.0
2023-09-25,1.028,1.035,1.048,1.028,736372.0
2023-09-26,1.028,1.021,1.032,1.02,421742.0
2023-09-27,1.02,1.014,1.025,1.012,492650.0
2023-09-28,1.031,1.027,1.034,1.021,585653.0
2023-10-09,1.023,1.039,1.042,1.007,582012.0
2023-10-10,1.035,1.016,1.035,1.014,884030.0
2023-10-11,1.015,1.004,1.019,1.0,543733.0
2023-10-12,1.0,1.004,1.011,1.0,423402.0
2023-10-13,0.999,1.009,1.014,0.994,394730.0
2023-10-16,1.01,1.024,1.025,1.009,602818.0
2023-10-17,1.023,1.028,1.029,1.01,507611.0
2023-10-18,1.026,1.02,1.033,1.018,451090.0
2023-10-19,1.013,1.004,1.018,0.999,409299.0
2023-10-20,1.004,0.998,1.007,0.996,270219.0
2023-10-23,0.994,0.983,0.999,0.974,337206.0
2023-10-24,0.985,0.994,0.997,0.979,407225.0
2023-10-25,1.005,1.009,1.024,1.005,460880.0
2023-10-26,1.006,0.991,1.006,0.975,344932.0
2023-10-27,0.982,0.988,0.995,0.982,433821.0
2023-10-30,0.982,0.977,0.993,0.975,684939.0
2023-10-31,0.975,0.989,0.993,0.972,458721.0
2023-11-01,0.985,0.982,0.988,0.976,357017.0
2023-11-02,0.983,0.981,0.987,0.979,340665.0
2023-11-03,0.984,0.985,0.995,0.981,392123.0
2023-11-06,0.986,0.969,0.99,0.965,738741.0
2023-11-07,0.965,0.977,0.978,0.964,530598.0
2023-11-08,0.968,0.97,0.974,0.965,541952.0
2023-11-09,0.971,1.005,1.009,0.97,969414.0
2023-11-10,1.002,1.019,1.02,0.994,1068054.0
2023-11-13,1.02,1.019,1.022,1.004,645702.0
2023-11-14,1.016,1.007,1.016,1.002,745532.0
2023-11-15,1.011,1.016,1.017,1.005,635025.0
2023-11-16,1.011,1.019,1.023,1.006,1064110.0
2023-11-17,1.017,1.015,1.02,1.008,539505.0
2023-11-20,1.018,1.012,1.019,1.006,370528.0
2023-11-21,1.011,1.016,1.03,1.011,546431.0
2023-11-22,1.014,1.014,1.023,1.008,361013.0
2023-11-23,1.013,1.031,1.031,1.01,449256.0
2023-11-24,1.029,1.046,1.05,1.026,645835.0
2023-11-27,1.052,1.063,1.068,1.05,1047207.0
2023-11-28,1.061,1.065,1.065,1.047,460916.0
2023-11-29,1.065,1.076,1.082,1.064,559373.0
2023-11-30,1.072,1.07,1.074,1.064,408248.0
2023-12-01,1.07,1.081,1.084,1.069,519952.0
2023-12-04,1.08,1.091,1.093,1.078,581001.0
2023-12-05,1.086,1.061,1.09,1.061,525294.0
2023-12-06,1.063,1.067,1.068,1.055,567216.0
2023-12-07,1.066,1.059,1.072,1.058,362872.0
2023-12-08,1.054,1.055,1.067,1.045,448091.0
2023-12-11,1.051,1.08,1.084,1.038,581602.0
2023-12-12,1.08,1.088,1.089,1.069,414947.0
2023-12-13,1.086,1.075,1.087,1.074,308855.0
2023-12-14,1.076,1.083,1.09,1.068,408900.0
2023-12-15,1.082,1.073,1.086,1.07,386479.0
2023-12-18,1.073,1.073,1.079,1.06,494293.0
2023-12-19,1.078,1.067,1.078,1.06,482093.0
2023-12-20,1.067,1.072,1.087,1.067,375667.0
2023-12-21,1.07,1.071,1.077,1.058,315856.0
2023-12-22,1.07,1.082,1.095,1.068,530220.0
2023-12-25,1.08,1.093,1.094,1.07,480903.0
2023-12-26,1.095,1.071,1.117,1.07,1643137.0
2023-12-27,1.072,1.084,1.087,1.065,634881.0
2023-12-28,1.084,1.064,1.087,1.058,599694.0
2023-12-29,1.06,1.072,1.073,1.058,411728.0
2024-01-02,1.07,1.112,1.118,1.07,747834.0
2024-01-03,1.111,1.127,1.134,1.105,694297.0
2024-01-04,1.127,1.138,1.143,1.126,761731.0
2024-01-05,1.138,1.135,1.149,1.129,774884.0
2024-01-08,1.134,1.125,1.134,1.108,449536.0
2024-01-09,1.123,1.142,1.146,1.112,500773.0
2024-01-10,1.138,1.128,1.148,1.125,493702.0
2024-01-11,1.125,1.112,1.125,1.104,697771.0
2024-01-12,1.109,1.118,1.121,1.104,523330.0
2024-01-15,1.111,1.118,1.119,1.106,301802.0
2024-01-16,1.116,1.115,1.121,1.105,486231.0
2024-01-17,1.115,1.097,1.124,1.095,373799.0
2024-01-18,1.092,1.092,1.097,1.058,761884.0
2024-01-19,1.09,1.073,1.09,1.065,555455.0
2024-01-22,1.072,1.037,1.072,1.029,470853.0
2024-01-23,1.036,1.057,1.065,1.027,593883.0
2024-01-24,1.059,1.089,1.09,1.059,640236.0
2024-01-25,1.089,1.129,1.13,1.089,537963.0
2024-01-26,1.123,1.142,1.143,1.118,467148.0
2024-01-29,1.139,1.136,1.147,1.13,499602.0
2024-01-30,1.13,1.129,1.142,1.117,696762.0
2024-01-31,1.119,1.128,1.143,1.113,564651.0
2024-02-01,1.125,1.104,1.126,1.102,478632.0
2024-02-02,1.108,1.101,1.119,1.075,455727.0
2024-02-05,1.098,1.103,1.116,1.075,388834.0
2024-02-06,1.101,1.111,1.119,1.083,613057.0
2024-02-07,1.108,1.143,1.143,1.097,474735.0
2024-02-08,1.14,1.149,1.156,1.135,382071.0
2024-02-19,1.145,1.208,1.209,1.135,477161.0
2024-02-20,1.205,1.212,1.22,1.19,611094.0
2024-02-21,1.206,1.207,1.223,1.2,462806.0
2024-02-22,1.204,1.272,1.276,1.198,748949.0
2024-02-23,1.272,1.253,1.273,1.245,1209089.0
2024-02-26,1.243,1.221,1.259,1.213,847041.0
2024-02-27,1.213,1.228,1.232,1.205,607833.0
2024-02-28,1.223,1.219,1.24,1.201,785906.0
2024-02-29,1.212,1.225,1.226,1.208,591822.0
2024-03-01,1.219,1.242,1.252,1.219,833325.0
2024-03-04,1.236,1.272,1.272,1.235,751318.0
2024-03-05,1.268,1.266,1.281,1.255,907268.0
2024-03-06,1.269,1.277,1.297,1.261,764422.0
2024-03-07,1.267,1.29,1.299,1.267,790554.0
2024-03-08,1.285,1.275,1.285,1.257,1257641.0
2024-03-11,1.273,1.235,1.273,1.22,1002487.0
2024-03-12,1.231,1.194,1.234,1.184,1490471.0
2024-03-13,1.188,1.186,1.188,1.165,1416771.0
2024-03-14,1.179,1.193,1.198,1.173,1327432.0
2024-03-15,1.19,1.175,1.19,1.153,1693629.0
2024-03-18,1.164,1.158,1.164,1.149,1997735.0
2024-03-19,1.154,1.173,1.191,1.154,1869865.0
2024-03-20,1.17,1.176,1.185,1.161,1160527.0
2024-03-21,1.165,1.172,1.18,1.151,1224666.0
2024-03-22,1.172,1.176,1.181,1.17,1093305.0
2024-03-25,1.165,1.166,1.191,1.154,1350582.0
2024-03-26,1.165,1.137,1.171,1.127,2049467.0
2024-03-27,1.134,1.13,1.148,1.129,824126.0
2024-03-28,1.131,1.136,1.142,1.12,892204.0
2024-03-29,1.134,1.158,1.16,1.126,828927.0
2024-04-01,1.154,1.15,1.154,1.129,893764.0
2024-04-02,1.144,1.154,1.166,1.14,945558.0
2024-04-03,1.153,1.187,1.189,1.149,1395473.0
2024-04-08,1.179,1.183,1.207,1.166,1298292.0
2024-04-09,1.181,1.184,1.193,1.17,986277.0
2024-04-10,1.184,1.203,1.212,1.179,1620996.0
2024-04-11,1.196,1.221,1.235,1.188,1109147.0
2024-04-12,1.215,1.212,1.225,1.205,1483571.0
2024-04-15,1.21,1.24,1.24,1.209,2181031.0
2024-04-16,1.24,1.232,1.255,1.216,3013290.0
2024-04-17,1.23,1.249,1.251,1.217,1748955.0
2024-04-18,1.247,1.248,1.274,1.24,3868630.0
2024-04-19,1.24,1.249,1.264,1.238,2288070.0
2024-04-22,1.24,1.188,1.254,1.186,2347089.0
2024-04-23,1.169,1.153,1.177,1.144,1989827.0
2024-04-24,1.152,1.146,1.157,1.135,1639589.0
2024-04-25,1.143,1.16,1.165,1.139,1734319.0
2024-04-26,1.152,1.148,1.166,1.14,2004239.0
2024-04-29,1.143,1.151,1.154,1.126,2758737.0
2024-04-30,1.146,1.159,1.167,1.143,1766193.0
2024-05-06,1.16,1.171,1.172,1.142,2845988.0
2024-05-07,1.168,1.181,1.182,1.164,1466872.0
2024-05-08,1.179,1.211,1.22,1.179,2803102.0
2024-05-09,1.205,1.211,1.22,1.198,1455955.0
2024-05-10,1.21,1.214,1.218,1.203,1251121.0
2024-05-13,1.209,1.199,1.21,1.185,2107862.0
2024-05-14,1.194,1.178,1.202,1.163,1546780.0
2024-05-15,1.173,1.183,1.194,1.169,1278968.0
2024-05-16,1.183,1.179,1.193,1.174,1077835.0
2024-05-17,1.177,1.188,1.189,1.17,775755.0
2024-05-20,1.187,1.232,1.237,1.187,2013644.0
2024-05-21,1.228,1.239,1.24,1.219,1231799.0
2024-05-22,1.241,1.239,1.263,1.236,1433039.0
2024-05-23,1.231,1.217,1.235,1.213,1138439.0
2024-05-24,1.21,1.214,1.237,1.21,856582.0
2024-05-27,1.221,1.243,1.259,1.215,2036601.0
2024-05-28,1.236,1.247,1.258,1.235,1078170.0
2024-05-29,1.243,1.262,1.269,1.237,1384926.0
2024-05-30,1.255,1.232,1.264,1.228,1124962.0
2024-05-31,1.24,1.241,1.249,1.234,902195.0
2024-06-03,1.24,1.233,1.24,1.222,1230833.0
2024-06-04,1.228,1.212,1.228,1.2,1087609.0
2024-06-05,1.21,1.198,1.221,1.197,835021.0
2024-06-06,1.197,1.213,1.225,1.196,1164963.0
2024-06-07,1.213,1.224,1.224,1.209,890617.0
2024-06-11,1.225,1.204,1.227,1.192,778219.0
2024-06-12,1.202,1.25,1.253,1.198,1631582.0
2024-06-13,1.242,1.233,1.251,1.222,927603.0
2024-06-14,1.233,1.222,1.238,1.217,1147280.0
2024-06-17,1.214,1.192,1.223,1.186,1177653.0
2024-06-18,1.19,1.193,1.196,1.178,804032.0
2024-06-19,1.189,1.189,1.207,1.186,1217934.0
2024-06-20,1.188,1.198,1.205,1.184,1246289.0
2024-06-21,1.191,1.186,1.2,1.177,635390.0
2024-06-24,1.183,1.155,1.186,1.148,844509.0
2024-06-25,1.155,1.152,1.161,1.145,1427506.0
2024-06-26,1.147,1.153,1.155,1.133,787971.0
2024-06-27,1.152,1.14,1.159,1.14,754385.0
2024-06-28,1.136,1.151,1.159,1.135,842122.0
2024-07-01,1.151,1.193,1.199,1.15,1342376.0
2024-07-02,1.191,1.186,1.201,1.171,854488.0
2024-07-03,1.183,1.167,1.19,1.163,772160.0
2024-07-04,1.164,1.155,1.176,1.151,730808.0
2024-07-05,1.149,1.151,1.158,1.136,888222.0
2024-07-08,1.149,1.136,1.149,1.133,654232.0
2024-07-09,1.135,1.145,1.147,1.122,762293.0
2024-07-10,1.138,1.089,1.138,1.087,2213351.0
2024-07-11,1.09,1.099,1.1,1.085,1208759.0
2024-07-12,1.095,1.073,1.105,1.066,2647626.0
2024-07-15,1.066,1.093,1.099,1.06,1427477.0
2024-07-16,1.087,1.092,1.093,1.083,652815.0
2024-07-17,1.091,1.073,1.092,1.067,1211000.0
2024-07-18,1.066,1.074,1.074,1.056,987047.0
2024-07-19,1.07,1.072,1.076,1.064,713110.0
2024-07-22,1.069,1.06,1.069,1.036,1596036.0
2024-07-23,1.051,1.039,1.058,1.037,811117.0
2024-07-24,1.035,1.031,1.039,1.015,1244755.0
2024-07-25,1.024,1.017,1.027,1.01,836635.0
2024-07-26,1.016,1.027,1.037,1.015,933488.0
2024-07-29,1.022,1.017,1.028,1.012,969335.0
2024-07-30,1.017,1.001,1.018,0.996,1967054.0
2024-07-31,0.999,1.037,1.038,0.997,1660538.0
2024-08-01,1.041,1.027,1.052,1.025,1149324.0
2024-08-02,1.021,1.019,1.027,1.011,681693.0
2024-08-05,1.013,1.009,1.023,1.002,806613.0
2024-08-06,1.009,1.015,1.023,1.006,881496.0
2024-08-07,1.015,1.03,1.037,1.007,1085028.0
2024-08-08,1.031,1.028,1.038,1.023,993062.0
2024-08-09,1.03,1.03,1.042,1.025,1201811.0
2024-08-12,1.024,1.038,1.043,1.018,954377.0
2024-08-13,1.036,1.032,1.041,1.023,668138.0
2024-08-14,1.03,1.016,1.03,1.015,623034.0
2024-08-15,1.015,1.041,1.049,1.013,1308258.0
2024-08-16,1.037,1.042,1.047,1.036,737443.0
2024-08-19,1.041,1.038,1.057,1.035,914598.0
2024-08-20,1.038,1.001,1.039,0.995,1493461.0
2024-08-21,0.996,0.996,1.007,0.978,1125360.0
2024-08-22,0.993,0.988,0.997,0.985,743245.0
2024-08-23,0.987,0.994,1.008,0.984,876555.0
2024-08-26,0.993,0.995,0.997,0.98,665931.0
2024-08-27,0.994,1.012,1.012,0.988,1129847.0
2024-08-28,1.01,1.011,1.023,1.006,999393.0
2024-08-29,1.01,1.011,1.017,0.998,710608.0
2024-08-30,1.007,1.022,1.035,1.002,1115112.0
2024-09-02,1.015,1.034,1.046,1.011,1632546.0
2024-09-03,1.028,1.022,1.044,1.014,1246174.0
2024-09-04,1.017,1.006,1.017,0.998,861991.0
2024-09-05,1.002,0.993,1.018,0.988,1136453.0
2024-09-06,0.989,0.972,0.991,0.971,1035355.0
2024-09-09,0.969,0.946,0.969,0.938,1066009.0
2024-09-10,0.943,0.946,0.958,0.937,982718.0
2024-09-11,0.928,0.931,0.94,0.919,1167258.0
2024-09-12,0.933,0.941,0.948,0.932,1203200.0
2024-09-13,0.942,0.932,0.949,0.931,1098144.0
2024-09-18,0.927,0.957,0.959,0.927,1086069.0
2024-09-19,0.959,0.966,0.971,0.942,1067302.0
2024-09-20,0.964,0.971,0.977,0.958,957565.0
2024-09-23,0.965,0.991,0.997,0.963,905194.0
2024-09-24,0.993,1.049,1.05,0.993,1665853.0
2024-09-25,1.07,1.055,1.086,1.052,2027919.0
2024-09-26,1.051,1.104,1.106,1.049,1357652.0
2024-09-27,1.125,1.154,1.155,1.106,1099618.0
2024-09-30,1.203,1.229,1.232,1.145,4269135.0
2024-10-08,1.355,1.208,1.355,1.153,5684045.0
2024-10-09,1.165,1.096,1.171,1.086,2735395.0
2024-10-10,1.096,1.17,1.199,1.096,4531242.0
2024-10-11,1.171,1.128,1.171,1.114,2454892.0
2024-10-14,1.129,1.152,1.161,1.118,1931438.0
2024-10-15,1.14,1.116,1.148,1.115,1522101.0
2024-10-16,1.11,1.11,1.125,1.099,1128726.0
2024-10-17,1.115,1.096,1.132,1.095,1105225.0
2024-10-18,1.093,1.115,1.13,1.086,2667293.0
2024-10-21,1.115,1.114,1.126,1.103,2157600.0
2024-10-22,1.117,1.12,1.121,1.104,2144868.0
2024-10-23,1.12,1.126,1.129,1.111,2897745.0
2024-10-24,1.124,1.116,1.124,1.111,1879642.0
2024-10-25,1.118,1.121,1.125,1.114,2327241.0
2024-10-28,1.121,1.148,1.149,1.12,3376226.0
2024-10-29,1.146,1.109,1.146,1.108,3319735.0
2024-10-30,1.104,1.099,1.114,1.092,1985209.0
2024-10-31,1.095,1.097,1.107,1.087,1882096.0
2024-11-01,1.097,1.111,1.12,1.096,2619988.0
2024-11-04,1.111,1.114,1.115,1.097,1656137.0
2024-11-05,1.114,1.136,1.137,1.105,3005759.0
2024-11-06,1.136,1.133,1.145,1.126,2318684.0
2024-11-07,1.126,1.166,1.167,1.123,3455987.0
2024-11-08,1.188,1.157,1.189,1.145,4415085.0
2024-11-11,1.151,1.143,1.152,1.126,2182204.0
2024-11-12,1.139,1.123,1.146,1.118,2196184.0
2024-11-13,1.116,1.129,1.131,1.115,1525623.0
2024-11-14,1.123,1.108,1.131,1.106,1529257.0
2024-11-15,1.107,1.106,1.12,1.099,3324008.0
2024-11-18,1.11,1.138,1.151,1.11,3536343.0
2024-11-19,1.138,1.131,1.138,1.11,2671676.0
2024-11-20,1.127,1.137,1.137,1.118,1854738.0
2024-11-21,1.132,1.136,1.142,1.129,1755235.0
2024-11-22,1.137,1.095,1.141,1.093,1909769.0
2024-11-25,1.095,1.088,1.101,1.079,1422973.0
2024-11-26,1.089,1.084,1.093,1.08,1104186.0
2024-11-27,1.081,1.094,1.095,1.063,1492402.0
2024-11-28,1.09,1.084,1.093,1.081,1111848.0
2024-11-29,1.082,1.09,1.095,1.076,1205403.0
2024-12-02,1.089,1.104,1.106,1.082,1290969.0
2024-12-03,1.104,1.113,1.114,1.096,1396428.0
2024-12-04,1.106,1.134,1.139,1.106,2194580.0
2024-12-05,1.131,1.134,1.138,1.126,1131136.0
2024-12-06,1.133,1.155,1.16,1.133,1942719.0
2024-12-09,1.162,1.158,1.172,1.15,1635825.0
2024-12-10,1.175,1.156,1.18,1.152,2183027.0
2024-12-11,1.151,1.176,1.177,1.149,1401548.0
2024-12-12,1.176,1.169,1.177,1.162,1083904.0
2024-12-13,1.159,1.136,1.162,1.131,1356135.0
2024-12-16,1.13,1.143,1.15,1.13,944889.0
2024-12-17,1.141,1.133,1.153,1.13,771072.0
2024-12-18,1.135,1.151,1.161,1.134,1202524.0
2024-12-19,1.142,1.124,1.144,1.117,1089198.0
2024-12-20,1.124,1.095,1.124,1.095,1621345.0
2024-12-23,1.091,1.081,1.097,1.081,1419413.0
2024-12-24,1.082,1.088,1.089,1.077,2122499.0
2024-12-25,1.088,1.095,1.097,1.079,1567551.0
2024-12-26,1.093,1.086,1.094,1.082,1101660.0
2024-12-27,1.087,1.086,1.087,1.077,1013169.0
2024-12-30,1.088,1.097,1.099,1.085,1264664.0
2024-12-31,1.095,1.093,1.107,1.088,1506080.0
2025-01-02,1.091,1.06,1.095,1.054,1559577.0
2025-01-03,1.057,1.06,1.078,1.056,1789300.0
2025-01-06,1.058,1.059,1.069,1.044,1368545.0
2025-01-07,1.059,1.05,1.061,1.037,1098677.0
2025-01-08,1.047,1.037,1.048,1.024,1195653.0
2025-01-09,1.036,1.026,1.036,1.02,985962.0
2025-01-10,1.024,1.006,1.03,1.006,902643.0
2025-01-13,1.002,1.003,1.011,1.0,794016.0
2025-01-14,1.005,1.025,1.025,1.0,1066796.0
2025-01-15,1.021,1.018,1.026,1.015,746073.0
2025-01-16,1.023,1.035,1.044,1.022,1394666.0
2025-01-17,1.031,1.031,1.036,1.027,827645.0
2025-01-20,1.032,1.018,1.032,1.015,1051273.0
2025-01-21,1.02,1.003,1.021,0.999,1095669.0
2025-01-22,1.001,0.992,1.002,0.99,1244639.0
2025-01-23,0.998,1.0,1.011,0.997,1296041.0
2025-01-24,1.001,1.007,1.011,0.992,1431511.0
2025-01-27,1.006,1.015,1.02,1.006,984856.0
2025-02-05,1.021,0.998,1.021,0.993,943818.0
2025-02-06,0.999,1.003,1.004,0.988,1231897.0
2025-02-07,1.0,1.016,1.019,0.995,1346777.0
2025-02-10,1.012,1.014,1.019,1.01,1148640.0
2025-02-11,1.014,1.008,1.015,1.002,922828.0
2025-02-12,1.007,1.004,1.007,0.998,873524.0
2025-02-13,1.004,1.007,1.012,1.001,2229038.0
2025-02-14,1.002,1.001,1.007,0.997,1416659.0
2025-02-17,1.0,0.99,1.001,0.988,1774309.0
2025-02-18,0.99,0.976,0.99,0.973,2691994.0
2025-02-19,0.976,0.971,0.977,0.966,1659113.0
2025-02-20,0.97,0.972,0.975,0.965,1718769.0
2025-02-21,0.975,0.966,0.975,0.964,2832978.0
2025-02-24,0.964,0.968,0.969,0.958,2943740.0
2025-02-25,0.965,0.964,0.977,0.958,2897760.0
2025-02-26,0.963,0.974,0.975,0.961,3620686.0
2025-02-27,0.974,0.966,0.974,0.961,2768485.0
2025-02-28,0.965,0.953,0.968,0.952,3636995.0
2025-03-03,0.953,0.958,0.963,0.953,1858751.0
2025-03-04,0.955,0.945,0.955,0.943,1949217.0
2025-03-05,0.943,0.939,0.944,0.932,2032522.0
2025-03-06,0.938,0.945,0.946,0.934,1797258.0
2025-03-07,0.944,0.954,0.959,0.942,3055251.0
2025-03-10,0.955,0.969,0.97,0.952,3186056.0
2025-03-11,0.964,0.967,0.969,0.958,1917382.0
2025-03-12,0.967,0.962,0.968,0.96,1973987.0
2025-03-13,0.962,1.006,1.007,0.961,6498145.0
2025-03-14,1.0,1.003,1.004,0.992,4724929.0
2025-03-17,1.002,1.0,1.009,0.998,1863307.0
2025-03-18,1.0,0.993,1.001,0.988,2861945.0
2025-03-19,0.99,0.991,0.998,0.985,2020112.0
2025-03-20,0.991,0.997,1.01,0.99,2881923.0
2025-03-21,0.99,0.993,1.002,0.987,4439600.0
2025-03-24,0.991,0.994,1.004,0.985,2831330.0
2025-03-25,0.995,1.017,1.018,0.99,4420390.0
2025-03-26,1.017,1.015,1.018,1.006,2613576.0
2025-03-27,1.013,1.003,1.017,1.002,2546918.0
2025-03-28,1.002,0.986,1.002,0.982,3095560.0
2025-03-31,0.983,0.973,0.987,0.97,2964007.0
2025-04-01,0.973,0.988,0.989,0.973,2246199.0
2025-04-02,0.984,0.984,0.992,0.981,1782143.0
2025-04-03,0.979,0.985,0.985,0.977,1289543.0
2025-04-07,0.958,0.893,0.958,0.883,3620705.0
2025-04-08,0.897,0.927,0.929,0.897,2901065.0
2025-04-09,0.917,0.928,0.929,0.9,1801798.0
2025-04-10,0.932,0.934,0.94,0.926,1645425.0
2025-04-11,0.933,0.928,0.933,0.924,1631505.0
2025-04-14,0.929,0.952,0.953,0.928,2055261.0
2025-04-15,0.948,0.951,0.953,0.943,1229225.0
2025-04-16,0.95,0.951,0.953,0.942,1119649.0
2025-04-17,0.949,0.95,0.953,0.944,1001336.0
2025-04-18,0.949,0.945,0.949,0.941,943119.0
2025-04-21,0.943,0.946,0.948,0.941,1209383.0
2025-04-22,0.942,0.944,0.952,0.942,1152285.0
2025-04-23,0.946,0.943,0.948,0.94,1092802.0
2025-04-24,0.943,0.945,0.952,0.941,1425218.0
2025-04-25,0.947,0.943,0.947,0.934,1310565.0
2025-04-28,0.937,0.931,0.938,0.921,1681714.0
2025-04-29,0.926,0.923,0.929,0.918,1275415.0
2025-04-30,0.921,0.918,0.924,0.918,961965.0
2025-05-06,0.922,0.928,0.928,0.918,1333043.0
2025-05-07,0.93,0.934,0.936,0.927,2024589.0
2025-05-08,0.931,0.935,0.937,0.928,1283503.0
2025-05-09,0.935,0.931,0.936,0.928,1097326.0
2025-05-12,0.934,0.933,0.935,0.927,989360.0
2025-05-13,0.934,0.94,0.943,0.934,2136246.0
2025-05-14,0.94,0.951,0.951,0.936,2307909.0
2025-05-15,0.947,0.951,0.966,0.947,1928195.0
2025-05-16,0.946,0.946,0.952,0.942,1436202.0
2025-05-19,0.945,0.948,0.949,0.944,907267.0
2025-05-20,0.948,0.946,0.949,0.943,1130649.0
2025-05-21,0.946,0.97,0.974,0.945,3383182.0
2025-05-22,0.965,0.962,0.969,0.96,1525491.0
2025-05-23,0.961,0.953,0.972,0.952,2220490.0
2025-05-26,0.951,0.949,0.954,0.945,1271053.0
2025-05-27,0.95,0.94,0.952,0.936,1515796.0
2025-05-28,0.94,0.946,0.949,0.937,1036789.0
2025-05-29,0.945,0.952,0.955,0.944,1083784.0
2025-05-30,0.951,0.946,0.952,0.945,1067999.0
2025-06-03,0.945,0.939,0.945,0.934,1479058.0
2025-06-04,0.942,0.949,0.95,0.935,2135363.0
2025-06-05,0.949,0.943,0.954,0.94,1470058.0
2025-06-06,0.946,0.947,0.954,0.945,1880775.0
2025-06-09,0.943,0.951,0.952,0.942,1287446.0
2025-06-10,0.95,0.946,0.954,0.94,1578985.0
2025-06-11,0.946,0.955,0.959,0.945,1620573.0
2025-06-12,0.953,0.947,0.954,0.945,1087136.0
2025-06-13,0.949,0.945,0.95,0.943,1147556.0
2025-06-16,0.948,0.946,0.951,0.944,2062512.0
2025-06-17,0.946,0.954,0.955,0.939,1727719.0
2025-06-18,0.952,0.946,0.954,0.942,1739982.0
2025-06-19,0.945,0.932,0.945,0.929,1957471.0
2025-06-20,0.932,0.933,0.943,0.932,1226150.0
2025-06-23,0.934,0.95,0.951,0.93,2086091.0
2025-06-24,0.944,0.945,0.947,0.936,1672456.0
2025-06-25,0.945,0.945,0.946,0.937,1963228.0
2025-06-26,0.945,0.94,0.951,0.939,1450671.0
2025-06-27,0.945,0.95,0.953,0.941,2071551.0
2025-06-30,0.952,0.951,0.953,0.947,1667021.0
2025-07-01,0.948,0.951,0.951,0.944,1240185.0
2025-07-02,0.949,0.969,0.969,0.947,2634931.0
2025-07-03,0.969,0.963,0.978,0.958,3856267.0
2025-07-04,0.963,0.963,0.975,0.962,3537723.0
2025-07-07,0.964,0.963,0.966,0.956,1813347.0
2025-07-08,0.963,0.967,0.968,0.958,1680653.0
2025-07-09,0.967,0.975,0.977,0.967,2337128.0
2025-07-10,0.974,0.993,0.995,0.973,9617115.0
2025-07-11,0.996,0.989,0.997,0.986,8169144.0
2025-07-14,0.987,0.991,1.0,0.984,4830504.0
2025-07-15,0.989,0.967,0.989,0.964,4991492.0
2025-07-16,0.967,0.963,0.967,0.959,2541830.0
2025-07-17,0.963,0.965,0.965,0.959,2561058.0
2025-07-18,0.968,0.976,0.982,0.968,4609031.0
2025-07-21,0.98,1.003,1.003,0.979,5519180.0
2025-07-22,1.008,1.089,1.091,0.997,14724894.0
2025-07-23,1.12,1.072,1.12,1.066,12202957.0
2025-07-24,1.066,1.09,1.094,1.052,6978278.0
2025-07-25,1.088,1.075,1.108,1.072,5669811.0
2025-07-28,1.05,1.043,1.06,1.035,7466799.0
2025-07-29,1.039,1.053,1.053,1.03,3979175.0
2025-07-30,1.058,1.05,1.069,1.047,4984976.0
2025-07-31,1.035,1.017,1.042,1.01,7967904.0
2025-08-01,1.019,1.018,1.025,1.015,4367560.0
2025-08-04,1.012,1.025,1.025,1.009,3196958.0
2025-08-05,1.026,1.038,1.04,1.023,4969978.0
2025-08-06,1.038,1.061,1.064,1.036,6825691.0
2025-08-07,1.057,1.062,1.069,1.046,5754623.0
2025-08-08,1.057,1.058,1.066,1.053,4607798.0
2025-08-11,1.059,1.058,1.065,1.054,4370296.0
2025-08-12,1.062,1.072,1.078,1.059,5680421.0
2025-08-13,1.07,1.06,1.07,1.059,6084183.0
2025-08-14,1.057,1.043,1.058,1.04,7106207.0
2025-08-15,1.039,1.053,1.054,1.038,5452387.0
2025-08-18,1.06,1.047,1.067,1.043,8390674.0
2025-08-19,1.045,1.042,1.046,1.039,4656354.0
2025-08-20,1.039,1.046,1.046,1.034,3207024.0
2025-08-21,1.048,1.055,1.058,1.043,4951089.0
2025-08-22,1.054,1.054,1.055,1.042,9900651.0
2025-08-25,1.061,1.069,1.072,1.056,8427789.0
2025-08-26,1.07,1.06,1.07,1.058,6573861.0
2025-08-27,1.057,1.029,1.058,1.028,9127732.0
2025-08-28,1.024,1.022,1.028,1.007,7741674.0
2025-08-29,1.021,1.021,1.033,1.016,4857452.0
2025-09-01,1.019,1.023,1.029,1.012,4327794.0
2025-09-02,1.022,1.016,1.023,1.012,5175413.0
2025-09-03,1.018,0.998,1.021,0.995,5336062.0
2025-09-04,0.994,1.003,1.004,0.99,3666044.0
2025-09-05,1.004,1.016,1.018,0.998,5435371.0
2025-09-08,1.016,1.023,1.023,1.009,3565155.0
2025-09-09,1.024,1.021,1.027,1.015,4199259.0
2025-09-10,1.017,1.012,1.02,1.01,4188046.0
2025-09-11,1.013,1.016,1.016,1.005,5969645.0
2025-09-12,1.016,1.02,1.025,1.009,5792537.0
2025-09-15,1.018,1.033,1.034,1.013,6965165.0
2025-09-16,1.043,1.037,1.049,1.031,11432786.0
2025-09-17,1.031,1.06,1.063,1.029,9838123.0
2025-09-18,1.052,1.033,1.055,1.023,8686375.0
2025-09-19,1.033,1.06,1.061,1.032,8849265.0
2025-09-22,1.059,1.05,1.069,1.046,8386436.0
2025-09-23,1.047,1.055,1.062,1.04,7681550.0
2025-09-24,1.049,1.055,1.059,1.041,6708190.0
2025-09-25,1.052,1.047,1.053,1.042,9434963.0
2025-09-26,1.047,1.042,1.054,1.041,4957895.0
2025-09-29,1.034,1.031,1.035,1.018,6330628.0
2025-09-30,1.026,1.029,1.033,1.021,3744230.0
2025-10-09,1.029,1.059,1.06,1.026,7021411.0
2025-10-10,1.054,1.08,1.09,1.049,11674968.0
2025-10-13,1.054,1.077,1.078,1.054,7042333.0
2025-10-14,1.078,1.106,1.11,1.074,11871907.0
2025-10-15,1.109,1.105,1.114,1.093,9401413.0
2025-10-16,1.105,1.139,1.141,1.103,13386385.0
2025-10-17,1.137,1.129,1.157,1.127,12122503.0
2025-10-20,1.133,1.178,1.18,1.132,14816327.0
2025-10-21,1.166,1.163,1.166,1.141,17551286.0
2025-10-22,1.15,1.141,1.161,1.138,10437677.0
2025-10-23,1.14,1.17,1.179,1.14,13493691.0
2025-10-24,1.154,1.148,1.158,1.139,12179344.0
2025-10-27,1.137,1.157,1.172,1.117,15195379.0
2025-10-28,1.148,1.144,1.154,1.135,9362646.0
2025-10-29,1.14,1.16,1.167,1.131,10699001.0
2025-10-30,1.152,1.154,1.169,1.15,9588413.0
2025-10-31,1.146,1.142,1.153,1.138,7187892.0
2025-11-03,1.144,1.172,1.181,1.143,12193493.0
2025-11-04,1.167,1.17,1.186,1.163,7206098.0
2025-11-05,1.163,1.191,1.205,1.161,9351627.0
2025-11-06,1.189,1.2,1.211,1.18,7721042.0
2025-11-07,1.198,1.2,1.215,1.19,5300273.0
2025-11-10,1.203,1.208,1.22,1.191,6447583.0
2025-11-11,1.201,1.192,1.204,1.171,9929213.0
2025-11-12,1.183,1.177,1.191,1.174,6701288.0
2025-11-13,1.173,1.189,1.192,1.166,6926033.0
2025-11-14,1.184,1.175,1.199,1.171,6132664.0
2025-11-17,1.175,1.196,1.202,1.166,9074012.0
2025-11-18,1.188,1.153,1.189,1.149,7576362.0
2025-11-19,1.145,1.152,1.158,1.14,4160683.0
2025-11-20,1.144,1.126,1.153,1.123,6782857.0
2025-11-21,1.12,1.092,1.123,1.091,7606427.0
2025-11-24,1.092,1.082,1.1,1.073,5580642.0
2025-11-25,1.081,1.09,1.091,1.078,4308353.0
2025-11-26,1.083,1.082,1.091,1.08,3352861.0
2025-11-27,1.082,1.089,1.091,1.075,4009698.0
2025-11-28,1.084,1.088,1.092,1.08,2909600.0
2025-12-01,1.088,1.099,1.099,1.088,3517295.0
2025-12-02,1.1,1.098,1.102,1.085,4424802.0
2025-12-03,1.093,1.105,1.115,1.092,4670657.0
2025-12-04,1.105,1.095,1.105,1.09,3401662.0
2025-12-05,1.091,1.09,1.093,1.082,3116972.0
2025-12-08,1.083,1.073,1.084,1.064,6413912.0
2025-12-09,1.069,1.057,1.07,1.055,3946672.0
2025-12-10,1.057,1.06,1.062,1.054,2492583.0
2025-12-11,1.058,1.049,1.065,1.047,2753256.0
2025-12-12,1.049,1.045,1.059,1.043,3700446.0
2025-12-15,1.047,1.053,1.06,1.045,3684919.0
2025-12-16,1.05,1.035,1.051,1.032,2937136.0
2025-12-17,1.033,1.035,1.036,1.024,3160369.0
2025-12-18,1.04,1.055,1.056,1.039,4266837.0
2025-12-19,1.045,1.051,1.052,1.041,4248108.0
2025-12-22,1.05,1.049,1.053,1.041,3474282.0
2025-12-23,1.049,1.043,1.052,1.039,3599858.0
2025-12-24,1.045,1.038,1.045,1.028,3611951.0
2025-12-25,1.037,1.036,1.038,1.032,3881063.0
2025-12-26,1.033,1.039,1.042,1.032,3657876.0
2025-12-29,1.039,1.043,1.052,1.038,4062990.0
2025-12-30,1.04,1.035,1.041,1.03,2330528.0
2025-12-31,1.033,1.028,1.036,1.024,2295563.0
2026-01-05,1.028,1.034,1.037,1.028,2924240.0
2026-01-06,1.033,1.053,1.053,1.031,7049918.0
2026-01-07,1.059,1.093,1.094,1.053,12688260.0
2026-01-08,1.1,1.092,1.104,1.082,9476354.0
2026-01-09,1.08,1.096,1.098,1.08,6447284.0
2026-01-12,1.096,1.094,1.104,1.086,5117991.0
2026-01-13,1.092,1.081,1.094,1.079,5172851.0
2026-01-14,1.08,1.072,1.085,1.065,6020647.0
2026-01-15,1.072,1.067,1.077,1.064,3665123.0
2026-01-16,1.067,1.054,1.074,1.05,4163412.0
2026-01-19,1.054,1.069,1.069,1.054,3892984.0
2026-01-20,1.068,1.083,1.084,1.06,3905805.0
2026-01-21,1.08,1.07,1.08,1.061,4196712.0
2026-01-22,1.067,1.089,1.09,1.063,5199280.0
2026-01-23,1.087,1.079,1.087,1.076,4903815.0
2026-01-26,1.077,1.101,1.103,1.075,6666091.0
2026-01-27,1.101,1.073,1.103,1.072,5871823.0
2026-01-28,1.075,1.124,1.129,1.071,10633101.0
2026-01-29,1.122,1.129,1.14,1.111,9733303.0
2026-01-30,1.135,1.13,1.168,1.116,10368467.0
2026-02-02,1.101,1.063,1.113,1.06,8801501.0
2026-02-03,1.066,1.069,1.077,1.054,5276698.0
2026-02-04,1.073,1.166,1.175,1.072,21437547.0
2026-02-05,1.139,1.133,1.145,1.122,9912790.0
2026-02-06,1.115,1.128,1.137,1.108,6384347.0
2026-02-09,1.122,1.134,1.14,1.122,5379468.0
2026-02-10,1.131,1.144,1.15,1.118,4809936.0
2026-02-11,1.14,1.16,1.165,1.128,6912048.0
2026-02-12,1.158,1.164,1.177,1.151,5069726.0
2026-02-13,1.156,1.144,1.168,1.143,5096942.0
2026-02-24,1.148,1.18,1.187,1.148,5417641.0
2026-02-25,1.175,1.177,1.2,1.172,5859714.0
2026-02-26,1.176,1.169,1.193,1.163,4717958.0
2026-02-27,1.166,1.202,1.207,1.164,5695304.0
2026-03-02,1.233,1.243,1.247,1.209,14015493.0
2026-03-03,1.247,1.283,1.31,1.223,14852624.0
2026-03-04,1.27,1.255,1.27,1.207,9976981.0
2026-03-05,1.231,1.252,1.266,1.218,8763230.0
2026-03-06,1.235,1.237,1.245,1.217,6945625.0
2026-03-09,1.3,1.276,1.33,1.268,17697390.0
2026-03-10,1.205,1.234,1.254,1.204,9543748.0
2026-03-11,1.229,1.268,1.273,1.215,8666178.0
2026-03-12,1.282,1.335,1.342,1.269,13970095.0
2026-03-13,1.336,1.319,1.36,1.317,10759747.0
2026-03-16,1.324,1.288,1.335,1.28,9674464.0
2026-03-17,1.277,1.26,1.295,1.253,9024761.0
2026-03-18,1.254,1.251,1.283,1.234,7089735.0
2026-03-19,1.276,1.279,1.29,1.264,10834107.0
2026-03-20,1.256,1.283,1.293,1.25,9620529.0
2026-03-23,1.308,1.293,1.33,1.28,9344455.0
2026-03-24,1.262,1.286,1.292,1.262,7037289.0
2026-03-25,1.255,1.266,1.272,1.234,8412092.0
2026-03-26,1.267,1.281,1.286,1.258,6235889.0
2026-03-27,1.268,1.277,1.289,1.262,4500053.0
2026-03-30,1.278,1.268,1.298,1.257,5037986.0
2026-03-31,1.253,1.22,1.272,1.217,7619346.0
2026-04-01,1.205,1.213,1.232,1.196,5900057.0
2026-04-02,1.214,1.225,1.238,1.214,4136011.0
2026-04-03,1.222,1.192,1.223,1.186,3335667.0
2026-04-07,1.192,1.226,1.227,1.185,4361391.0
2026-04-08,1.187,1.202,1.202,1.178,8740503.0
2026-04-09,1.202,1.193,1.205,1.19,3390145.0
2026-04-10,1.185,1.195,1.205,1.183,5953187.0
2026-04-13,1.207,1.206,1.217,1.195,4903933.0
2026-04-14,1.196,1.193,1.202,1.185,6509272.0
2026-04-15,1.187,1.195,1.199,1.166,5608636.0
2026-04-16,1.191,1.198,1.199,1.187,3713388.0
2026-04-17,1.198,1.179,1.2,1.176,4102551.0
2026-04-20,1.179,1.177,1.188,1.165,5032075.0
2026-04-21,1.172,1.206,1.21,1.172,5157123.0
2026-04-22,1.207,1.21,1.224,1.205,4331408.0
2026-04-23,1.204,1.246,1.254,1.204,6735581.0
2026-04-24,1.244,1.247,1.263,1.24,5326391.0
2026-04-27,1.233,1.254,1.259,1.221,6151853.0
2026-04-28,1.243,1.298,1.305,1.243,6390467.0
2026-04-29,1.291,1.32,1.333,1.288,5901613.0
2026-04-30,1.316,1.315,1.328,1.302,8818984.0
2026-05-06,1.307,1.322,1.325,1.292,6762757.0
2026-05-07,1.305,1.257,1.306,1.255,8460767.0
2026-05-08,1.259,1.246,1.272,1.243,4812872.0
2026-05-11,1.246,1.252,1.273,1.246,8086165.0
2026-05-12,1.249,1.239,1.26,1.233,4235094.0
2026-05-13,1.237,1.228,1.245,1.22,6295848.0
2026-05-14,1.227,1.212,1.239,1.211,4027715.0
2026-05-15,1.211,1.231,1.247,1.201,8385956.0
2026-05-18,1.237,1.252,1.256,1.22,8904236.0
2026-05-19,1.245,1.249,1.263,1.24,5287656.0
2026-05-20,1.248,1.229,1.257,1.226,4901432.0
2026-05-21,1.212,1.19,1.224,1.187,5317690.0
2026-05-22,1.186,1.18,1.192,1.168,4052668.0
2026-05-25,1.217,1.218,1.252,1.213,9602177.0
2026-05-26,1.205,1.206,1.228,1.197,4772595.0
2026-05-27,1.202,1.23,1.236,1.192,5355779.0
2026-05-28,1.227,1.251,1.276,1.223,7464525.0
2026-05-29,1.243,1.284,1.29,1.24,7004623.0
2026-06-01,1.292,1.369,1.371,1.273,13695452.0
2026-06-02,1.37,1.347,1.41,1.336,12464265.0
2026-06-03,1.325,1.4,1.412,1.321,14781750.0
2026-06-04,1.39,1.43,1.459,1.366,17084186.0
2026-06-05,1.406,1.395,1.439,1.39,11993638.0
2026-06-08,1.383,1.389,1.423,1.362,14289104.0
2026-06-09,1.343,1.36,1.376,1.332,8704658.0
2026-06-10,1.35,1.305,1.353,1.298,7565569.0
2026-06-11,1.314,1.31,1.331,1.293,6370576.0
2026-06-12,1.28,1.318,1.336,1.28,7077253.0
2026-06-15,1.292,1.258,1.292,1.247,11997710.0
2026-06-16,1.248,1.225,1.249,1.214,12665229.0
2026-06-17,1.223,1.195,1.225,1.19,7340958.0
2026-06-18,1.188,1.156,1.19,1.155,7711904.0
2026-06-22,1.152,1.181,1.182,1.142,11836340.0
2026-06-23,1.173,1.165,1.196,1.16,6624355.0
2026-06-24,1.166,1.129,1.167,1.125,8334395.0
2026-06-25,1.119,1.11,1.136,1.102,6720535.0
2026-06-26,1.115,1.081,1.118,1.08,5009212.0
2026-06-29,1.082,1.098,1.103,1.062,5879231.0
2026-06-30,1.094,1.067,1.098,1.059,6716147.0
2026-07-01,1.062,1.096,1.109,1.059,8183391.0
2026-07-02,1.095,1.103,1.121,1.092,12776215.0
2026-07-03,1.107,1.115,1.125,1.105,6896606.0
