date,open,close,high,low,volume
2020-03-02,0.751,0.802,0.825,0.751,1701970.0
2020-03-03,0.875,0.808,0.876,0.801,2165926.0
2020-03-04,0.797,0.818,0.82,0.791,1019375.0
2020-03-05,0.827,0.837,0.847,0.824,1083948.67
2020-03-06,0.83,0.829,0.834,0.821,543476.0
2020-03-09,0.815,0.796,0.815,0.794,712117.0
2020-03-10,0.785,0.815,0.82,0.776,451216.0
2020-03-11,0.813,0.816,0.831,0.811,490544.18
2020-03-12,0.805,0.817,0.823,0.805,389224.0
2020-03-13,0.78,0.798,0.809,0.777,407603.0
2020-03-16,0.797,0.773,0.807,0.771,448725.0
2020-03-17,0.773,0.77,0.785,0.75,268831.0
2020-03-18,0.775,0.761,0.791,0.76,288203.0
2020-03-19,0.757,0.765,0.775,0.744,301458.0
2020-03-20,0.768,0.771,0.778,0.757,230111.48
2020-03-23,0.76,0.741,0.76,0.739,212848.0
2020-03-24,0.755,0.756,0.766,0.742,299747.0
2020-03-25,0.773,0.767,0.775,0.758,259816.0
2020-03-26,0.759,0.75,0.761,0.749,227483.0
2020-03-27,0.76,0.757,0.771,0.752,277098.0
2020-03-30,0.751,0.745,0.753,0.734,246461.0
2020-03-31,0.75,0.742,0.754,0.738,224219.0
2020-04-01,0.735,0.733,0.747,0.733,264410.0
2020-04-02,0.734,0.752,0.752,0.731,281543.98
2020-04-03,0.751,0.746,0.752,0.743,229550.0
2020-04-07,0.754,0.77,0.771,0.754,238968.0
2020-04-08,0.765,0.774,0.779,0.765,301716.0
2020-04-09,0.776,0.786,0.789,0.776,310957.0
2020-04-10,0.781,0.774,0.79,0.771,284292.0
2020-04-13,0.772,0.779,0.781,0.769,221201.0
2020-04-14,0.776,0.787,0.788,0.776,235133.0
2020-04-15,0.787,0.778,0.788,0.777,218348.0
2020-04-16,0.775,0.782,0.785,0.77,238470.0
2020-04-17,0.782,0.781,0.789,0.778,204412.0
2020-04-20,0.781,0.784,0.786,0.775,220414.0
2020-04-21,0.784,0.78,0.786,0.772,274601.0
2020-04-22,0.775,0.779,0.779,0.765,250128.0
2020-04-23,0.778,0.771,0.779,0.77,257888.0
2020-04-24,0.769,0.763,0.771,0.76,250273.0
2020-04-27,0.758,0.761,0.768,0.758,265168.0
2020-04-28,0.761,0.752,0.761,0.733,287014.0
2020-04-29,0.752,0.752,0.755,0.745,209245.0
2020-04-30,0.752,0.775,0.778,0.752,277760.0
2020-05-06,0.765,0.779,0.779,0.755,198428.0
2020-05-07,0.778,0.777,0.783,0.775,198789.0
2020-05-08,0.777,0.785,0.788,0.777,285885.0
2020-05-11,0.785,0.784,0.789,0.78,253620.0
2020-05-12,0.781,0.783,0.786,0.776,234211.0
2020-05-13,0.783,0.79,0.793,0.777,319691.45
2020-05-14,0.79,0.781,0.79,0.78,212270.0
2020-05-15,0.786,0.775,0.786,0.774,211154.64
2020-05-18,0.773,0.778,0.787,0.772,254533.0
2020-05-19,0.788,0.784,0.789,0.781,253800.0
2020-05-20,0.783,0.775,0.783,0.773,232239.0
2020-05-21,0.775,0.778,0.785,0.775,221916.92
2020-05-22,0.778,0.767,0.778,0.763,241786.0
2020-05-25,0.77,0.763,0.77,0.76,219593.0
2020-05-26,0.77,0.775,0.775,0.755,180054.0
2020-05-27,0.773,0.782,0.786,0.773,239328.0
2020-05-28,0.782,0.775,0.783,0.77,201943.0
2020-05-29,0.775,0.784,0.784,0.773,227467.0
2020-06-01,0.784,0.797,0.799,0.784,250662.0
2020-06-02,0.796,0.797,0.798,0.785,229191.0
2020-06-03,0.797,0.8,0.806,0.797,260970.0
2020-06-04,0.799,0.794,0.799,0.79,270288.0
2020-06-05,0.794,0.792,0.795,0.788,298521.0
2020-06-08,0.792,0.798,0.804,0.792,315837.0
2020-06-09,0.804,0.796,0.804,0.795,362377.0
2020-06-10,0.795,0.805,0.807,0.792,334439.0
2020-06-11,0.801,0.801,0.809,0.799,322161.0
2020-06-12,0.775,0.804,0.808,0.775,383463.0
2020-06-15,0.796,0.797,0.809,0.795,233216.0
2020-06-16,0.796,0.834,0.835,0.796,341148.0
2020-06-17,0.841,0.854,0.867,0.833,380919.0
2020-06-18,0.859,0.882,0.909,0.856,436734.91
2020-06-19,0.876,0.862,0.876,0.852,494402.0
2020-06-22,0.858,0.845,0.864,0.842,444247.0
2020-06-23,0.846,0.845,0.852,0.836,537928.0
2020-06-24,0.849,0.841,0.849,0.836,297989.0
2020-06-29,0.839,0.825,0.839,0.821,319046.0
2020-06-30,0.831,0.826,0.833,0.823,472201.0
2020-07-01,0.825,0.833,0.834,0.816,364992.92
2020-07-02,0.829,0.848,0.849,0.825,586605.92
2020-07-03,0.848,0.862,0.871,0.845,689740.0
2020-07-06,0.874,0.921,0.922,0.873,827113.06
2020-07-07,0.963,0.903,0.973,0.9,832494.06
2020-07-08,0.9,0.956,0.958,0.892,872016.15
2020-07-09,0.943,0.974,0.982,0.928,1600783.0
2020-07-10,0.961,0.925,0.961,0.922,637614.0
2020-07-13,0.924,0.963,0.969,0.915,752340.0
2020-07-14,0.969,0.956,0.993,0.936,601101.0
2020-07-15,0.96,0.916,0.965,0.912,406773.0
2020-07-16,0.92,0.885,0.94,0.882,378893.0
2020-07-17,0.885,0.883,0.899,0.875,294351.0
2020-07-20,0.886,0.941,0.943,0.886,516097.0
2020-07-21,0.941,0.927,0.946,0.921,398667.0
2020-07-22,0.928,0.925,0.943,0.923,328250.0
2020-07-23,0.913,0.917,0.925,0.897,420795.0
2020-07-24,0.911,0.88,0.916,0.868,468295.0
2020-07-27,0.879,0.879,0.886,0.867,277670.0
2020-07-28,0.883,0.889,0.899,0.881,291191.0
2020-07-29,0.892,0.92,0.923,0.875,478935.0
2020-07-30,0.915,0.9,0.918,0.896,283529.0
2020-07-31,0.9,0.902,0.913,0.889,288877.0
2020-08-03,0.914,0.928,0.929,0.912,416675.0
2020-08-04,0.935,0.926,0.935,0.918,416456.0
2020-08-05,0.927,0.933,0.936,0.911,394592.0
2020-08-06,0.935,0.945,0.95,0.92,429142.0
2020-08-07,0.943,0.929,0.943,0.918,284691.46
2020-08-10,0.923,0.938,0.944,0.923,299577.0
2020-08-11,0.935,0.915,0.946,0.912,381424.0
2020-08-12,0.914,0.913,0.916,0.898,378927.0
2020-08-13,0.914,0.933,0.941,0.914,411161.0
2020-08-14,0.933,0.936,0.937,0.918,313204.0
2020-08-17,0.933,0.952,0.952,0.931,427843.0
2020-08-18,0.952,0.963,0.974,0.947,423889.0
2020-08-19,0.956,0.958,0.975,0.954,555572.0
2020-08-20,0.958,0.957,0.974,0.946,421926.0
2020-08-21,0.956,0.959,0.96,0.95,349397.0
2020-08-24,0.961,0.957,0.965,0.954,484494.0
2020-08-25,0.959,0.945,0.966,0.944,231005.0
2020-08-26,0.946,0.931,0.947,0.927,281510.0
2020-08-27,0.931,0.94,0.941,0.926,308452.0
2020-08-28,0.943,0.961,0.963,0.937,290484.0
2020-08-31,0.962,0.951,0.967,0.95,262068.0
2020-09-01,0.948,0.958,0.958,0.947,344998.0
2020-09-02,0.958,0.955,0.961,0.947,400929.0
2020-09-03,0.955,0.956,0.975,0.951,326540.0
2020-09-04,0.94,0.949,0.949,0.935,243480.0
2020-09-07,0.949,0.94,0.958,0.936,246262.0
2020-09-08,0.94,0.964,0.965,0.939,432918.0
2020-09-09,0.954,0.992,0.995,0.949,604400.0
2020-09-10,0.993,0.949,0.995,0.942,417961.0
2020-09-11,0.932,0.951,0.951,0.932,317539.0
2020-09-14,0.947,0.955,0.959,0.945,238350.0
2020-09-15,0.954,0.949,0.954,0.945,272478.0
2020-09-16,0.947,0.94,0.956,0.935,299969.0
2020-09-17,0.939,0.949,0.956,0.937,422878.0
2020-09-18,0.946,0.959,0.961,0.941,337947.0
2020-09-21,0.96,0.955,0.965,0.952,365889.0
2020-09-22,0.951,0.937,0.951,0.933,367316.0
2020-09-23,0.939,0.94,0.942,0.936,372128.0
2020-09-24,0.933,0.918,0.935,0.915,338950.0
2020-09-25,0.92,0.924,0.925,0.917,369967.0
2020-09-28,0.917,0.914,0.926,0.911,355489.0
2020-09-29,0.915,0.921,0.93,0.915,310757.0
2020-09-30,0.921,0.917,0.929,0.911,350892.0
2020-10-09,0.926,0.94,0.942,0.926,318845.0
2020-10-12,0.941,0.961,0.961,0.941,314927.0
2020-10-13,0.96,0.951,0.96,0.947,317527.0
2020-10-14,0.953,0.948,0.953,0.942,446763.0
2020-10-15,0.945,0.947,0.952,0.94,335213.0
2020-10-16,0.943,0.961,0.963,0.943,375203.0
2020-10-19,0.96,0.954,0.975,0.953,375522.0
2020-10-20,0.95,0.95,0.953,0.943,322881.0
2020-10-21,0.95,0.949,0.953,0.943,394048.0
2020-10-22,0.952,0.949,0.952,0.943,288252.0
2020-10-23,0.946,0.943,0.952,0.939,340329.0
2020-10-26,0.94,0.945,0.947,0.939,281350.0
2020-10-27,0.945,0.951,0.952,0.94,381716.0
2020-10-28,0.952,0.952,0.955,0.942,285072.0
2020-10-29,0.944,0.948,0.952,0.939,282595.0
2020-10-30,0.948,0.93,0.953,0.926,310656.0
2020-11-02,0.926,0.938,0.942,0.926,265649.0
2020-11-03,0.939,0.951,0.954,0.939,311175.46
2020-11-04,0.95,0.962,0.963,0.94,380112.0
2020-11-05,0.963,0.996,0.996,0.963,433619.0
2020-11-06,0.997,0.996,0.998,0.988,345983.46
2020-11-09,1.01,1.028,1.031,1.007,377287.0
2020-11-10,1.034,1.022,1.038,1.014,403868.0
2020-11-11,1.018,1.035,1.049,1.018,447732.0
2020-11-12,1.033,1.039,1.039,1.02,372227.0
2020-11-13,1.03,1.033,1.038,1.017,346848.07
2020-11-16,1.035,1.074,1.074,1.034,398794.0
2020-11-17,1.066,1.059,1.079,1.051,397090.0
2020-11-18,1.059,1.07,1.078,1.053,398983.0
2020-11-19,1.07,1.053,1.076,1.051,364030.0
2020-11-20,1.053,1.079,1.08,1.049,321197.0
2020-11-23,1.085,1.094,1.111,1.078,493170.0
2020-11-24,1.085,1.112,1.113,1.071,565026.0
2020-11-25,1.11,1.065,1.115,1.062,471121.0
2020-11-26,1.065,1.051,1.065,1.04,351256.0
2020-11-27,1.051,1.057,1.078,1.039,408572.0
2020-11-30,1.059,1.035,1.069,1.033,467825.0
2020-12-01,1.025,1.046,1.046,1.023,437513.0
2020-12-02,1.045,1.056,1.059,1.037,462501.0
2020-12-03,1.044,1.03,1.05,1.027,382694.0
2020-12-04,1.025,1.035,1.038,1.011,414908.0
2020-12-07,1.031,1.021,1.037,1.015,334293.0
2020-12-08,1.019,1.011,1.021,1.005,425446.0
2020-12-09,1.011,0.999,1.016,0.997,456459.0
2020-12-10,0.998,1.035,1.036,0.998,686856.0
2020-12-11,1.041,1.01,1.045,0.999,550296.0
2020-12-14,0.996,0.982,1.002,0.97,458567.0
2020-12-15,0.981,0.984,0.986,0.965,331471.0
2020-12-16,0.981,0.977,0.989,0.971,420172.0
2020-12-17,0.978,1.009,1.009,0.97,419765.0
2020-12-18,1.011,1.032,1.039,1.008,542331.0
2020-12-21,1.042,1.049,1.056,1.031,435752.0
2020-12-22,1.049,1.006,1.049,1.002,431998.0
2020-12-23,1.003,1.008,1.02,0.997,489203.0
2020-12-24,1.008,1.0,1.013,0.995,305553.0
2020-12-25,0.997,1.032,1.033,0.988,431950.0
2020-12-28,1.023,1.009,1.026,1.0,364916.0
2020-12-29,1.004,0.994,1.011,0.991,358011.0
2020-12-30,0.991,1.001,1.008,0.988,385980.0
2020-12-31,0.999,1.008,1.009,0.993,342506.0
2021-01-04,1.007,1.029,1.033,1.0,404099.0
2021-01-05,1.02,1.017,1.022,0.996,428410.0
2021-01-06,1.015,1.016,1.022,1.0,377034.0
2021-01-07,1.023,1.042,1.052,1.01,496402.0
2021-01-08,1.032,1.047,1.048,1.011,419929.0
2021-01-11,1.043,1.007,1.044,1.003,391673.0
2021-01-12,1.005,1.022,1.024,0.996,335443.0
2021-01-13,1.022,1.022,1.029,1.015,347517.0
2021-01-14,1.018,1.046,1.048,1.011,482902.0
2021-01-15,1.039,1.031,1.041,1.012,407096.0
2021-01-18,1.02,1.034,1.038,1.015,402989.0
2021-01-19,1.031,1.025,1.034,1.02,361007.0
2021-01-20,1.032,1.065,1.065,1.032,584590.0
2021-01-21,1.05,1.067,1.076,1.048,451533.0
2021-01-22,1.059,1.049,1.061,1.043,362978.0
2021-01-25,1.05,1.04,1.056,1.033,382247.0
2021-01-26,1.026,1.045,1.057,1.026,358253.0
2021-01-27,1.044,1.047,1.056,1.037,305697.0
2021-01-28,1.036,1.023,1.039,1.019,380934.0
2021-01-29,1.028,1.004,1.029,0.992,322547.0
2021-02-01,0.998,1.007,1.009,0.998,295232.0
2021-02-02,1.006,1.017,1.019,1.0,330178.0
2021-02-03,1.015,1.036,1.038,1.0,408875.0
2021-02-04,1.034,1.021,1.034,1.003,329711.0
2021-02-05,1.008,1.013,1.02,1.004,278878.0
2021-02-08,1.007,1.007,1.012,0.994,240214.0
2021-02-09,1.004,1.025,1.029,0.999,289713.0
2021-02-10,1.024,1.034,1.036,1.011,281261.0
2021-02-18,1.061,1.103,1.113,1.059,415395.0
2021-02-19,1.085,1.101,1.102,1.078,364229.0
2021-02-22,1.112,1.188,1.198,1.112,481932.0
2021-02-23,1.184,1.166,1.187,1.144,419686.0
2021-02-24,1.153,1.132,1.171,1.123,329136.0
2021-02-25,1.147,1.148,1.169,1.141,425254.0
2021-02-26,1.11,1.112,1.138,1.011,303778.0
2021-03-01,1.119,1.181,1.185,1.113,418150.0
2021-03-02,1.187,1.164,1.204,1.158,410981.0
2021-03-03,1.165,1.273,1.276,1.165,503843.0
2021-03-04,1.266,1.321,1.335,1.255,739542.0
2021-03-05,1.27,1.226,1.27,1.213,522496.0
2021-03-08,1.237,1.219,1.289,1.213,486689.0
2021-03-09,1.195,1.234,1.292,1.168,749574.0
2021-03-10,1.215,1.205,1.246,1.186,520613.0
2021-03-11,1.203,1.277,1.284,1.183,730880.0
2021-03-12,1.293,1.282,1.305,1.262,865345.0
2021-03-15,1.28,1.305,1.341,1.276,805640.37
2021-03-16,1.282,1.282,1.294,1.252,562762.0
2021-03-17,1.269,1.262,1.275,1.234,521531.0
2021-03-18,1.261,1.275,1.298,1.255,608378.0
2021-03-19,1.247,1.264,1.28,1.24,415497.0
2021-03-22,1.277,1.274,1.307,1.26,440747.0
2021-03-23,1.274,1.218,1.274,1.205,417143.0
2021-03-24,1.199,1.153,1.199,1.148,499877.0
2021-03-25,1.153,1.165,1.181,1.148,380100.0
2021-03-26,1.162,1.192,1.193,1.162,433846.0
2021-03-29,1.2,1.207,1.221,1.182,391389.0
2021-03-30,1.197,1.216,1.217,1.176,397049.0
2021-03-31,1.214,1.204,1.222,1.188,316492.0
2021-04-01,1.202,1.252,1.263,1.186,510260.0
2021-04-02,1.25,1.223,1.25,1.217,547288.0
2021-04-06,1.232,1.245,1.267,1.232,603272.0
2021-04-07,1.234,1.315,1.318,1.229,745749.0
2021-04-08,1.315,1.327,1.379,1.309,1340309.0
2021-04-09,1.351,1.348,1.355,1.31,679205.0
2021-04-12,1.343,1.368,1.383,1.322,901954.0
2021-04-13,1.36,1.335,1.36,1.308,586093.0
2021-04-14,1.315,1.362,1.383,1.31,735611.0
2021-04-15,1.355,1.35,1.365,1.332,688983.0
2021-04-16,1.35,1.354,1.37,1.34,759090.0
2021-04-19,1.349,1.345,1.361,1.321,935011.0
2021-04-20,1.339,1.362,1.367,1.336,750025.0
2021-04-21,1.348,1.318,1.355,1.304,507053.0
2021-04-22,1.322,1.352,1.374,1.322,616735.0
2021-04-23,1.349,1.38,1.383,1.328,598196.0
2021-04-26,1.399,1.361,1.412,1.358,540085.0
2021-04-27,1.344,1.351,1.37,1.318,598020.0
2021-04-28,1.335,1.362,1.365,1.329,453908.0
2021-04-29,1.361,1.35,1.361,1.316,515215.0
2021-04-30,1.334,1.333,1.356,1.325,371877.0
2021-05-06,1.357,1.433,1.441,1.357,781733.0
2021-05-07,1.47,1.468,1.49,1.424,799074.0
2021-05-10,1.52,1.557,1.565,1.48,1106075.37
2021-05-11,1.515,1.484,1.517,1.454,1087794.0
2021-05-12,1.474,1.51,1.528,1.471,749731.0
2021-05-13,1.461,1.416,1.48,1.404,860400.0
2021-05-14,1.405,1.41,1.431,1.377,778237.0
2021-05-17,1.409,1.402,1.416,1.373,891270.0
2021-05-18,1.418,1.42,1.426,1.405,994192.0
2021-05-19,1.399,1.389,1.399,1.368,851275.0
2021-05-20,1.315,1.315,1.332,1.285,1162562.0
2021-05-21,1.311,1.347,1.361,1.307,1072810.0
2021-05-24,1.317,1.322,1.338,1.301,715486.0
2021-05-25,1.322,1.332,1.334,1.297,927599.0
2021-05-26,1.318,1.328,1.343,1.309,678336.0
2021-05-27,1.323,1.34,1.341,1.321,790211.0
2021-05-28,1.37,1.333,1.375,1.329,983435.5
2021-05-31,1.344,1.334,1.35,1.323,806682.0
2021-06-01,1.324,1.343,1.345,1.285,1410720.0
2021-06-02,1.336,1.311,1.339,1.31,840777.0
2021-06-03,1.306,1.358,1.377,1.306,1406885.0
2021-06-04,1.338,1.329,1.341,1.317,697456.0
2021-06-07,1.315,1.309,1.332,1.305,635510.0
2021-06-08,1.302,1.313,1.324,1.295,620662.0
2021-06-09,1.31,1.34,1.352,1.31,1058030.0
2021-06-10,1.34,1.357,1.369,1.326,856869.0
2021-06-11,1.367,1.374,1.384,1.353,900299.0
2021-06-15,1.372,1.329,1.372,1.322,587371.0
2021-06-16,1.32,1.3,1.342,1.292,615990.6
2021-06-17,1.295,1.284,1.306,1.278,634128.0
2021-06-18,1.281,1.28,1.285,1.254,546868.0
2021-06-21,1.294,1.318,1.325,1.294,700061.0
2021-06-22,1.313,1.305,1.313,1.292,496391.0
2021-06-23,1.306,1.316,1.325,1.294,654164.0
2021-06-24,1.312,1.32,1.325,1.296,679385.4
2021-06-25,1.32,1.358,1.36,1.316,801236.0
2021-06-28,1.348,1.343,1.35,1.334,662198.0
2021-06-29,1.343,1.318,1.345,1.317,426237.0
2021-06-30,1.319,1.323,1.337,1.318,409532.4
2021-07-01,1.34,1.322,1.348,1.32,463901.0
2021-07-02,1.32,1.323,1.329,1.299,497453.0
2021-07-05,1.322,1.329,1.336,1.318,476784.0
2021-07-06,1.335,1.318,1.344,1.302,539772.0
2021-07-07,1.307,1.364,1.365,1.304,642041.4
2021-07-08,1.37,1.343,1.373,1.336,562094.0
2021-07-09,1.322,1.39,1.393,1.303,828017.0
2021-07-12,1.4,1.406,1.458,1.395,905068.0
2021-07-13,1.398,1.435,1.443,1.379,954570.0
2021-07-14,1.436,1.41,1.462,1.402,743081.0
2021-07-15,1.392,1.489,1.5,1.392,972165.0
2021-07-16,1.487,1.502,1.53,1.465,930104.5
2021-07-19,1.503,1.468,1.52,1.464,698435.0
2021-07-20,1.441,1.441,1.449,1.414,653876.24
2021-07-21,1.443,1.485,1.485,1.436,716674.0
2021-07-22,1.483,1.575,1.583,1.476,1110318.0
2021-07-23,1.591,1.605,1.659,1.58,1126560.5
2021-07-26,1.605,1.565,1.617,1.525,800362.0
2021-07-27,1.561,1.484,1.604,1.482,962300.0
2021-07-28,1.456,1.451,1.488,1.4,892167.0
2021-07-29,1.462,1.532,1.545,1.46,713866.47
2021-07-30,1.518,1.598,1.611,1.51,1286988.0
2021-08-02,1.537,1.508,1.548,1.472,1333703.0
2021-08-03,1.493,1.443,1.508,1.435,707457.0
2021-08-04,1.459,1.513,1.519,1.452,912123.0
2021-08-05,1.511,1.501,1.512,1.478,623748.0
2021-08-06,1.502,1.535,1.545,1.492,696264.0
2021-08-09,1.515,1.551,1.556,1.502,567338.0
2021-08-10,1.551,1.555,1.569,1.536,665342.0
2021-08-11,1.573,1.592,1.594,1.547,954887.99
2021-08-12,1.584,1.639,1.657,1.56,1110177.0
2021-08-13,1.625,1.651,1.669,1.608,771330.4
2021-08-16,1.651,1.635,1.664,1.613,783624.83
2021-08-17,1.638,1.603,1.651,1.594,935932.01
2021-08-18,1.6,1.617,1.633,1.595,541539.82
2021-08-19,1.591,1.608,1.614,1.549,523037.0
2021-08-20,1.599,1.632,1.632,1.58,632825.0
2021-08-23,1.632,1.649,1.659,1.621,638017.0
2021-08-24,1.636,1.698,1.714,1.632,563400.0
2021-08-25,1.711,1.72,1.724,1.667,582216.0
2021-08-26,1.723,1.783,1.807,1.723,909839.21
2021-08-27,1.767,1.804,1.805,1.746,737478.96
2021-08-30,1.835,1.845,1.852,1.81,744287.37
2021-08-31,1.845,1.955,1.961,1.83,827801.57
2021-09-01,1.986,1.908,2.05,1.892,1348288.37
2021-09-02,1.884,1.966,2.0,1.871,1247917.3
2021-09-03,1.957,1.914,1.984,1.871,935981.2
2021-09-06,1.914,1.93,1.956,1.857,869857.0
2021-09-07,1.925,2.027,2.035,1.905,1211896.0
2021-09-08,2.015,2.026,2.054,1.99,1044587.2
2021-09-09,2.021,2.167,2.179,2.019,1569297.0
2021-09-10,2.143,2.095,2.146,2.082,1458939.85
2021-09-13,2.083,2.136,2.162,2.076,1095768.45
2021-09-14,2.127,2.052,2.127,2.043,1023238.33
2021-09-15,2.033,2.052,2.084,2.026,726053.63
2021-09-16,2.093,2.041,2.15,2.033,993278.61
2021-09-17,2.019,1.944,2.045,1.871,1092801.0
2021-09-22,1.901,1.955,1.956,1.877,712108.09
2021-09-23,1.985,1.987,2.013,1.931,923095.48
2021-09-24,1.962,1.873,1.977,1.849,770574.71
2021-09-27,1.857,1.727,1.857,1.725,979977.0
2021-09-28,1.721,1.733,1.743,1.681,839557.32
2021-09-29,1.705,1.622,1.717,1.614,924175.19
2021-09-30,1.623,1.654,1.675,1.623,961335.71
2021-10-08,1.688,1.644,1.693,1.616,683164.32
2021-10-11,1.647,1.622,1.647,1.568,642685.0
2021-10-12,1.614,1.547,1.625,1.522,848557.0
2021-10-13,1.536,1.543,1.556,1.506,736644.0
2021-10-14,1.546,1.552,1.57,1.522,864343.01
2021-10-15,1.553,1.555,1.56,1.529,833667.0
2021-10-18,1.552,1.581,1.587,1.541,1329256.54
2021-10-19,1.576,1.596,1.598,1.552,1229724.0
2021-10-20,1.564,1.593,1.613,1.53,1117693.61
2021-10-21,1.593,1.593,1.631,1.591,1183584.68
2021-10-22,1.575,1.524,1.578,1.521,1376609.0
2021-10-25,1.52,1.537,1.541,1.493,865527.98
2021-10-26,1.536,1.537,1.569,1.528,882367.82
2021-10-27,1.531,1.502,1.538,1.492,1111922.77
2021-10-28,1.49,1.438,1.495,1.431,977489.33
2021-10-29,1.447,1.455,1.462,1.433,733252.0
2021-11-01,1.447,1.453,1.465,1.438,600336.33
2021-11-02,1.446,1.382,1.452,1.364,1096525.0
2021-11-03,1.381,1.393,1.401,1.366,810015.89
2021-11-04,1.392,1.378,1.392,1.369,716115.02
2021-11-05,1.365,1.329,1.375,1.325,1048409.0
2021-11-08,1.334,1.361,1.383,1.334,997223.0
2021-11-09,1.363,1.359,1.368,1.345,593033.0
2021-11-10,1.335,1.355,1.359,1.31,947417.0
2021-11-11,1.363,1.391,1.396,1.358,1228460.13
2021-11-12,1.384,1.361,1.395,1.36,920916.92
2021-11-15,1.361,1.355,1.361,1.334,725542.0
2021-11-16,1.355,1.328,1.366,1.326,856179.0
2021-11-17,1.33,1.357,1.359,1.329,812330.0
2021-11-18,1.357,1.384,1.395,1.357,1166293.0
2021-11-19,1.384,1.408,1.41,1.365,998498.23
2021-11-22,1.42,1.418,1.425,1.399,1144474.23
2021-11-23,1.422,1.46,1.485,1.422,1493250.0
2021-11-24,1.464,1.482,1.491,1.447,951607.0
2021-11-25,1.481,1.448,1.482,1.446,746761.0
2021-11-26,1.441,1.491,1.51,1.432,1104443.3
2021-11-29,1.465,1.477,1.482,1.448,649325.0
2021-11-30,1.478,1.458,1.486,1.45,541374.64
2021-12-01,1.462,1.474,1.474,1.438,745344.02
2021-12-02,1.468,1.498,1.505,1.458,914955.0
2021-12-03,1.495,1.493,1.502,1.464,1020405.0
2021-12-06,1.494,1.486,1.527,1.481,997175.0
2021-12-07,1.496,1.498,1.508,1.455,1168861.0
2021-12-08,1.495,1.507,1.509,1.478,792232.36
2021-12-09,1.5,1.511,1.535,1.49,873758.02
2021-12-10,1.501,1.493,1.512,1.49,632800.98
2021-12-13,1.493,1.495,1.502,1.486,576242.91
2021-12-14,1.491,1.461,1.492,1.458,633297.98
2021-12-15,1.463,1.474,1.487,1.461,660881.19
2021-12-16,1.472,1.532,1.535,1.471,1180457.83
2021-12-17,1.53,1.526,1.553,1.525,974797.0
2021-12-20,1.53,1.499,1.541,1.491,734542.0
2021-12-21,1.499,1.524,1.524,1.458,582399.19
2021-12-22,1.524,1.502,1.529,1.498,843101.0
2021-12-23,1.505,1.503,1.513,1.495,463025.0
2021-12-24,1.503,1.463,1.504,1.458,724752.93
2021-12-27,1.457,1.454,1.472,1.432,567389.0
2021-12-28,1.454,1.468,1.469,1.446,1141843.39
2021-12-29,1.471,1.48,1.498,1.464,408986.38
2021-12-30,1.482,1.488,1.496,1.48,502251.44
2021-12-31,1.488,1.498,1.502,1.485,379325.0
2022-01-04,1.504,1.51,1.517,1.501,573737.98
2022-01-05,1.511,1.482,1.514,1.475,513194.73
2022-01-06,1.475,1.521,1.522,1.475,746920.0
2022-01-07,1.521,1.535,1.555,1.516,905635.75
2022-01-10,1.541,1.522,1.546,1.513,967029.0
2022-01-11,1.522,1.523,1.548,1.52,1331023.1
2022-01-12,1.517,1.507,1.519,1.486,855291.0
2022-01-13,1.503,1.47,1.503,1.467,851987.0
2022-01-14,1.464,1.453,1.468,1.444,580171.0
2022-01-17,1.442,1.455,1.461,1.442,429743.0
2022-01-18,1.455,1.479,1.482,1.452,554043.0
2022-01-19,1.528,1.494,1.548,1.486,1584231.4
2022-01-20,1.492,1.479,1.519,1.469,962754.4
2022-01-21,1.469,1.456,1.472,1.449,786984.0
2022-01-24,1.445,1.483,1.491,1.439,852272.0
2022-01-25,1.47,1.419,1.484,1.417,610085.0
2022-01-26,1.41,1.433,1.451,1.407,781220.0
2022-01-27,1.431,1.405,1.442,1.401,497116.0
2022-01-28,1.408,1.387,1.418,1.355,532863.0
2022-02-07,1.401,1.45,1.451,1.397,706212.86
2022-02-08,1.453,1.491,1.494,1.443,861361.86
2022-02-09,1.484,1.504,1.506,1.47,792214.0
2022-02-10,1.501,1.506,1.515,1.489,625220.94
2022-02-11,1.505,1.494,1.526,1.493,1547565.29
2022-02-14,1.475,1.466,1.498,1.456,694497.71
2022-02-15,1.465,1.459,1.466,1.442,512024.09
2022-02-16,1.465,1.486,1.495,1.465,469599.83
2022-02-17,1.478,1.493,1.496,1.472,507348.0
2022-02-18,1.486,1.527,1.535,1.477,882669.0
2022-02-21,1.531,1.531,1.541,1.514,616147.0
2022-02-22,1.53,1.503,1.532,1.488,641045.0
2022-02-23,1.5,1.517,1.517,1.49,566959.0
2022-02-24,1.503,1.46,1.508,1.444,806324.0
2022-02-25,1.461,1.491,1.529,1.461,808296.0
2022-02-28,1.493,1.5,1.506,1.472,571819.0
2022-03-01,1.501,1.496,1.513,1.483,535269.0
2022-03-02,1.484,1.496,1.508,1.476,597802.0
2022-03-03,1.505,1.517,1.526,1.501,986506.0
2022-03-04,1.508,1.493,1.521,1.472,1015739.0
2022-03-07,1.506,1.475,1.514,1.463,746073.0
2022-03-08,1.466,1.415,1.477,1.402,914384.0
2022-03-09,1.411,1.399,1.411,1.317,846773.27
2022-03-10,1.402,1.411,1.425,1.387,630764.72
2022-03-11,1.389,1.398,1.407,1.355,569102.73
2022-03-14,1.385,1.351,1.4,1.35,449918.0
2022-03-15,1.351,1.237,1.351,1.235,566338.0
2022-03-16,1.26,1.279,1.29,1.206,588346.0
2022-03-17,1.294,1.313,1.336,1.293,583603.0
2022-03-18,1.325,1.332,1.335,1.305,448588.0
2022-03-21,1.336,1.33,1.343,1.309,513030.35
2022-03-22,1.329,1.355,1.362,1.32,708521.0
2022-03-23,1.348,1.35,1.357,1.332,515792.24
2022-03-24,1.343,1.334,1.346,1.326,444106.24
2022-03-25,1.333,1.321,1.346,1.32,558327.0
2022-03-28,1.315,1.328,1.34,1.281,493533.0
2022-03-29,1.322,1.317,1.333,1.31,521650.0
2022-03-30,1.318,1.347,1.347,1.318,438711.0
2022-03-31,1.345,1.351,1.36,1.339,533823.99
2022-04-01,1.35,1.368,1.371,1.333,1001076.0
2022-04-06,1.372,1.445,1.447,1.356,1990304.0
2022-04-07,1.426,1.405,1.457,1.404,2394416.0
2022-04-08,1.397,1.427,1.432,1.378,1138184.0
2022-04-11,1.414,1.38,1.414,1.374,1137240.0
2022-04-12,1.364,1.378,1.391,1.358,1837870.0
2022-04-13,1.365,1.382,1.407,1.357,2015458.0
2022-04-14,1.385,1.411,1.423,1.376,1530183.0
2022-04-15,1.411,1.415,1.45,1.4,2214382.0
2022-04-18,1.391,1.392,1.398,1.377,1012119.0
2022-04-19,1.383,1.414,1.422,1.38,1377727.0
2022-04-20,1.407,1.345,1.41,1.337,1383887.0
2022-04-21,1.327,1.275,1.339,1.271,1537030.0
2022-04-22,1.265,1.279,1.292,1.241,958133.0
2022-04-25,1.248,1.174,1.265,1.171,1091399.0
2022-04-26,1.18,1.144,1.193,1.141,1328276.0
2022-04-27,1.126,1.196,1.202,1.115,1084954.0
2022-04-28,1.175,1.182,1.198,1.159,845681.0
2022-04-29,1.185,1.239,1.24,1.183,878268.0
2022-05-05,1.238,1.243,1.251,1.228,558559.0
2022-05-06,1.215,1.196,1.217,1.193,1035539.0
2022-05-09,1.193,1.205,1.215,1.187,500988.0
2022-05-10,1.19,1.217,1.218,1.174,668517.0
2022-05-11,1.215,1.225,1.256,1.214,962016.0
2022-05-12,1.215,1.223,1.232,1.205,485559.0
2022-05-13,1.225,1.228,1.231,1.217,517446.0
2022-05-16,1.23,1.237,1.243,1.221,573636.0
2022-05-17,1.239,1.245,1.245,1.222,731074.0
2022-05-18,1.247,1.249,1.258,1.238,519872.0
2022-05-19,1.225,1.249,1.249,1.22,436473.0
2022-05-20,1.257,1.274,1.275,1.254,589955.0
2022-05-23,1.284,1.31,1.316,1.28,733488.0
2022-05-24,1.298,1.256,1.309,1.255,708088.0
2022-05-25,1.249,1.274,1.275,1.248,550592.0
2022-05-26,1.278,1.282,1.293,1.253,809155.0
2022-05-27,1.293,1.286,1.301,1.271,1362902.0
2022-05-30,1.295,1.289,1.301,1.283,614616.0
2022-05-31,1.29,1.302,1.304,1.278,607549.0
2022-06-01,1.302,1.298,1.303,1.282,451849.0
2022-06-02,1.295,1.332,1.333,1.291,553384.0
2022-06-06,1.328,1.351,1.354,1.318,475147.0
2022-06-07,1.353,1.34,1.355,1.331,500315.0
2022-06-08,1.339,1.357,1.362,1.328,559709.0
2022-06-09,1.361,1.354,1.368,1.342,918266.0
2022-06-10,1.351,1.369,1.4,1.337,594879.0
2022-06-13,1.35,1.352,1.363,1.336,940173.0
2022-06-14,1.33,1.36,1.36,1.312,506460.0
2022-06-15,1.358,1.355,1.38,1.35,569157.0
2022-06-16,1.363,1.347,1.373,1.341,606486.0
2022-06-17,1.333,1.344,1.348,1.322,738413.0
2022-06-20,1.335,1.349,1.359,1.33,871886.0
2022-06-21,1.349,1.351,1.369,1.327,877599.0
2022-06-22,1.35,1.348,1.364,1.334,615326.0
2022-06-23,1.35,1.369,1.37,1.339,483424.0
2022-06-24,1.369,1.391,1.395,1.364,902696.0
2022-06-27,1.406,1.394,1.408,1.37,887481.0
2022-06-28,1.394,1.394,1.394,1.375,589000.0
2022-06-29,1.387,1.362,1.393,1.357,1012470.0
2022-06-30,1.363,1.366,1.375,1.363,535904.0
2022-07-01,1.366,1.388,1.393,1.358,691053.0
2022-07-04,1.377,1.396,1.401,1.373,644186.0
2022-07-05,1.403,1.423,1.429,1.396,594835.0
2022-07-06,1.416,1.396,1.419,1.383,634420.0
2022-07-07,1.397,1.401,1.411,1.389,467936.0
2022-07-08,1.399,1.389,1.407,1.385,400546.0
2022-07-11,1.375,1.357,1.376,1.35,385260.0
2022-07-12,1.361,1.363,1.381,1.35,425286.0
2022-07-13,1.363,1.364,1.37,1.35,420749.0
2022-07-14,1.37,1.35,1.372,1.346,368721.0
2022-07-15,1.343,1.316,1.356,1.314,479728.0
2022-07-18,1.322,1.338,1.339,1.316,434910.0
2022-07-19,1.344,1.336,1.346,1.328,351440.0
2022-07-20,1.346,1.352,1.36,1.337,314158.0
2022-07-21,1.353,1.345,1.359,1.341,703937.0
2022-07-22,1.345,1.334,1.35,1.323,417071.0
2022-07-25,1.34,1.308,1.34,1.304,392392.0
2022-07-26,1.307,1.323,1.329,1.305,338990.0
2022-07-27,1.319,1.33,1.333,1.311,450065.0
2022-07-28,1.345,1.326,1.346,1.317,508973.0
2022-07-29,1.33,1.324,1.341,1.319,439543.0
2022-08-01,1.319,1.312,1.321,1.306,449819.0
2022-08-02,1.308,1.275,1.308,1.253,414871.0
2022-08-03,1.272,1.255,1.293,1.252,392666.0
2022-08-04,1.274,1.261,1.274,1.246,388448.0
2022-08-05,1.27,1.285,1.287,1.25,463069.0
2022-08-08,1.286,1.306,1.307,1.279,439141.0
2022-08-09,1.304,1.313,1.316,1.298,384223.0
2022-08-10,1.308,1.307,1.317,1.298,941625.0
2022-08-11,1.307,1.315,1.316,1.304,394598.0
2022-08-12,1.315,1.314,1.323,1.309,485949.0
2022-08-15,1.325,1.324,1.331,1.314,397933.0
2022-08-16,1.325,1.329,1.339,1.321,599451.0
2022-08-17,1.332,1.32,1.332,1.308,411258.0
2022-08-18,1.323,1.304,1.323,1.3,435652.0
2022-08-19,1.311,1.299,1.311,1.296,379155.0
2022-08-22,1.299,1.326,1.329,1.285,532953.0
2022-08-23,1.322,1.313,1.323,1.303,450208.0
2022-08-24,1.323,1.282,1.325,1.281,413562.0
2022-08-25,1.282,1.282,1.289,1.259,402188.0
2022-08-26,1.278,1.274,1.286,1.269,398360.0
2022-08-29,1.26,1.283,1.287,1.254,497002.0
2022-08-30,1.281,1.278,1.291,1.273,420154.0
2022-08-31,1.276,1.25,1.28,1.247,463281.0
2022-09-01,1.26,1.247,1.264,1.243,457897.0
2022-09-02,1.242,1.243,1.254,1.234,462503.0
2022-09-05,1.247,1.26,1.263,1.235,483659.0
2022-09-06,1.261,1.28,1.281,1.261,365090.0
2022-09-07,1.279,1.284,1.287,1.27,992984.0
2022-09-08,1.284,1.296,1.307,1.278,713495.0
2022-09-09,1.294,1.298,1.299,1.282,457314.0
2022-09-13,1.3,1.29,1.305,1.286,457745.0
2022-09-14,1.281,1.272,1.287,1.268,582196.0
2022-09-15,1.274,1.257,1.29,1.245,593597.0
2022-09-16,1.256,1.219,1.256,1.218,521787.0
2022-09-19,1.215,1.199,1.218,1.193,506489.0
2022-09-20,1.206,1.211,1.223,1.205,478665.0
2022-09-21,1.2,1.23,1.234,1.191,471540.0
2022-09-22,1.215,1.222,1.24,1.211,465256.0
2022-09-23,1.224,1.21,1.228,1.201,606785.0
2022-09-26,1.209,1.167,1.209,1.165,587935.0
2022-09-27,1.177,1.18,1.18,1.157,471619.0
2022-09-28,1.178,1.139,1.178,1.137,472347.0
2022-09-29,1.15,1.135,1.153,1.126,465624.0
2022-09-30,1.135,1.128,1.146,1.126,564365.0
2022-10-10,1.13,1.119,1.141,1.114,482656.0
2022-10-11,1.127,1.124,1.128,1.108,493185.0
2022-10-12,1.126,1.143,1.143,1.1,438340.0
2022-10-13,1.14,1.136,1.143,1.129,431495.0
2022-10-14,1.144,1.162,1.164,1.135,483727.0
2022-10-17,1.157,1.175,1.181,1.155,437407.0
2022-10-18,1.178,1.172,1.183,1.169,350734.0
2022-10-19,1.177,1.156,1.177,1.155,448058.0
2022-10-20,1.168,1.146,1.168,1.135,453232.0
2022-10-21,1.148,1.151,1.165,1.146,560643.0
2022-10-24,1.16,1.154,1.178,1.143,466835.0
2022-10-25,1.152,1.155,1.164,1.137,314566.0
2022-10-26,1.155,1.162,1.173,1.154,307537.0
2022-10-27,1.163,1.155,1.172,1.153,337658.0
2022-10-28,1.155,1.099,1.156,1.093,374643.0
2022-10-31,1.094,1.098,1.111,1.085,380211.0
2022-11-01,1.107,1.127,1.127,1.102,421681.0
2022-11-02,1.129,1.131,1.138,1.121,360235.0
2022-11-03,1.128,1.143,1.144,1.123,339091.0
2022-11-04,1.145,1.178,1.179,1.143,390552.0
2022-11-07,1.178,1.189,1.206,1.178,408213.0
2022-11-08,1.189,1.199,1.202,1.187,334847.0
2022-11-09,1.2,1.204,1.216,1.2,455996.0
2022-11-10,1.195,1.208,1.213,1.19,504046.0
2022-11-11,1.223,1.217,1.234,1.208,332278.0
2022-11-14,1.224,1.199,1.227,1.192,322452.0
2022-11-15,1.199,1.212,1.213,1.191,418773.0
2022-11-16,1.215,1.202,1.215,1.201,259951.0
2022-11-17,1.194,1.194,1.198,1.186,266374.0
2022-11-18,1.197,1.182,1.197,1.181,330665.0
2022-11-21,1.173,1.182,1.183,1.165,312158.0
2022-11-22,1.178,1.187,1.198,1.177,361914.0
2022-11-23,1.186,1.199,1.2,1.18,316806.0
2022-11-24,1.199,1.2,1.208,1.195,308722.0
2022-11-25,1.2,1.208,1.21,1.191,433432.0
2022-11-28,1.187,1.19,1.195,1.171,374162.0
2022-11-29,1.191,1.206,1.212,1.19,630564.0
2022-11-30,1.203,1.199,1.21,1.198,361609.0
2022-12-01,1.207,1.206,1.214,1.206,506145.0
2022-12-02,1.206,1.194,1.206,1.191,406718.0
2022-12-05,1.199,1.228,1.233,1.194,664315.0
2022-12-06,1.221,1.225,1.227,1.214,475048.0
2022-12-07,1.225,1.219,1.227,1.207,396075.0
2022-12-08,1.218,1.214,1.222,1.203,346036.0
2022-12-09,1.212,1.234,1.237,1.211,522058.0
2022-12-12,1.23,1.195,1.23,1.194,610752.0
2022-12-13,1.196,1.207,1.217,1.196,579479.0
2022-12-14,1.197,1.197,1.211,1.193,386551.0
2022-12-15,1.193,1.192,1.197,1.182,369643.0
2022-12-16,1.187,1.2,1.207,1.18,409521.0
2022-12-19,1.198,1.165,1.202,1.164,458871.0
2022-12-20,1.163,1.161,1.173,1.152,409752.0
2022-12-21,1.159,1.156,1.17,1.15,381148.0
2022-12-22,1.165,1.137,1.176,1.129,498732.0
2022-12-23,1.133,1.134,1.139,1.121,399334.0
2022-12-26,1.128,1.145,1.145,1.128,354915.0
2022-12-27,1.148,1.156,1.161,1.147,430147.0
2022-12-28,1.15,1.157,1.163,1.146,344585.0
2022-12-29,1.151,1.143,1.157,1.141,335438.0
2022-12-30,1.148,1.137,1.149,1.135,271215.0
2023-01-03,1.137,1.154,1.16,1.131,410186.0
2023-01-04,1.155,1.157,1.164,1.149,463628.0
2023-01-05,1.159,1.16,1.165,1.152,432215.0
2023-01-06,1.161,1.173,1.179,1.159,410506.0
2023-01-09,1.174,1.179,1.184,1.174,336702.0
2023-01-10,1.179,1.169,1.179,1.167,337565.0
2023-01-11,1.167,1.172,1.18,1.166,359867.0
2023-01-12,1.172,1.167,1.175,1.162,278783.0
2023-01-13,1.169,1.174,1.177,1.165,294749.0
2023-01-16,1.175,1.186,1.189,1.172,434504.0
2023-01-17,1.179,1.179,1.187,1.175,374678.0
2023-01-18,1.181,1.186,1.187,1.178,393244.0
2023-01-19,1.183,1.195,1.197,1.178,732715.0
2023-01-20,1.195,1.219,1.22,1.195,461437.0
2023-01-30,1.233,1.237,1.251,1.23,582752.0
2023-01-31,1.236,1.242,1.245,1.226,414697.0
2023-02-01,1.245,1.266,1.267,1.244,516518.0
2023-02-02,1.265,1.258,1.265,1.252,729264.0
2023-02-03,1.256,1.246,1.256,1.225,535078.0
2023-02-06,1.241,1.23,1.241,1.225,449470.0
2023-02-07,1.235,1.239,1.241,1.226,378656.0
2023-02-08,1.239,1.232,1.244,1.231,486863.0
2023-02-09,1.226,1.243,1.247,1.225,515274.0
2023-02-10,1.244,1.233,1.244,1.227,412745.0
2023-02-13,1.231,1.246,1.248,1.23,470939.0
2023-02-14,1.249,1.258,1.262,1.245,515714.0
2023-02-15,1.255,1.248,1.26,1.244,397807.0
2023-02-16,1.249,1.231,1.258,1.222,491642.0
2023-02-17,1.231,1.231,1.242,1.228,431634.0
2023-02-20,1.235,1.26,1.261,1.23,997651.0
2023-02-21,1.26,1.292,1.297,1.26,1270192.0
2023-02-22,1.282,1.293,1.295,1.278,581260.0
2023-02-23,1.291,1.289,1.301,1.28,512493.0
2023-02-24,1.289,1.289,1.294,1.275,528820.0
2023-02-27,1.288,1.275,1.298,1.273,674925.0
2023-02-28,1.275,1.283,1.284,1.267,476925.0
2023-03-01,1.276,1.289,1.293,1.276,621090.0
2023-03-02,1.285,1.298,1.302,1.279,605314.0
2023-03-03,1.295,1.306,1.307,1.288,784216.0
2023-03-06,1.303,1.287,1.305,1.284,1018489.0
2023-03-07,1.284,1.272,1.297,1.269,756390.0
2023-03-08,1.27,1.274,1.282,1.263,454604.0
2023-03-09,1.273,1.277,1.283,1.269,486792.0
2023-03-10,1.27,1.244,1.271,1.242,728312.0
2023-03-13,1.243,1.252,1.261,1.24,685096.0
2023-03-14,1.251,1.245,1.261,1.234,443339.0
2023-03-15,1.244,1.269,1.271,1.244,457169.0
2023-03-16,1.26,1.231,1.261,1.227,670854.0
2023-03-17,1.239,1.239,1.246,1.232,465026.0
2023-03-20,1.24,1.21,1.24,1.204,946470.0
2023-03-21,1.206,1.205,1.214,1.193,662289.0
2023-03-22,1.206,1.203,1.211,1.198,427548.0
2023-03-23,1.199,1.197,1.199,1.187,491469.0
2023-03-24,1.196,1.19,1.196,1.188,413105.0
2023-03-27,1.185,1.174,1.189,1.166,522974.0
2023-03-28,1.174,1.165,1.177,1.164,577557.0
2023-03-29,1.166,1.162,1.17,1.157,377921.0
2023-03-30,1.161,1.169,1.169,1.151,541198.0
2023-03-31,1.168,1.179,1.179,1.164,625898.0
2023-04-03,1.178,1.182,1.185,1.169,985805.0
2023-04-04,1.181,1.183,1.188,1.175,644226.0
2023-04-06,1.176,1.18,1.185,1.173,427900.0
2023-04-07,1.178,1.187,1.191,1.178,772942.0
2023-04-10,1.188,1.182,1.189,1.179,445007.0
2023-04-11,1.184,1.194,1.194,1.172,449728.0
2023-04-12,1.193,1.212,1.213,1.19,783724.0
2023-04-13,1.211,1.201,1.212,1.195,470118.0
2023-04-14,1.201,1.216,1.217,1.199,465523.0
2023-04-17,1.22,1.225,1.228,1.209,669248.0
2023-04-18,1.225,1.218,1.231,1.212,693317.0
2023-04-19,1.211,1.213,1.223,1.211,507464.0
2023-04-20,1.208,1.197,1.213,1.19,608627.0
2023-04-21,1.192,1.173,1.201,1.171,841507.0
2023-04-24,1.168,1.15,1.17,1.145,785116.0
2023-04-25,1.154,1.13,1.159,1.119,556197.0
2023-04-26,1.133,1.139,1.146,1.122,517826.0
2023-04-27,1.144,1.143,1.149,1.13,371495.0
2023-04-28,1.143,1.154,1.156,1.14,432672.0
2023-05-04,1.153,1.158,1.168,1.145,381458.0
2023-05-05,1.163,1.151,1.168,1.138,459116.0
2023-05-08,1.16,1.183,1.185,1.154,661656.0
2023-05-09,1.184,1.182,1.206,1.182,627049.0
2023-05-10,1.176,1.177,1.19,1.173,546774.0
2023-05-11,1.176,1.18,1.185,1.17,485748.0
2023-05-12,1.182,1.154,1.182,1.153,683627.0
2023-05-15,1.156,1.169,1.169,1.147,494161.0
2023-05-16,1.169,1.156,1.17,1.152,433076.0
2023-05-17,1.155,1.158,1.167,1.149,393537.0
2023-05-18,1.155,1.154,1.163,1.148,432265.0
2023-05-19,1.15,1.148,1.154,1.14,385831.0
2023-05-22,1.146,1.154,1.155,1.145,342817.0
2023-05-23,1.151,1.139,1.152,1.135,372396.0
2023-05-24,1.136,1.118,1.136,1.116,538123.0
2023-05-25,1.117,1.115,1.118,1.101,365030.0
2023-05-26,1.114,1.119,1.12,1.1,253664.0
2023-05-29,1.122,1.118,1.123,1.112,297868.0
2023-05-30,1.118,1.104,1.118,1.092,387758.0
2023-05-31,1.104,1.094,1.104,1.092,317497.0
2023-06-01,1.095,1.101,1.107,1.093,317500.0
2023-06-02,1.101,1.119,1.119,1.101,355449.0
2023-06-05,1.125,1.115,1.126,1.111,378764.0
2023-06-06,1.11,1.099,1.116,1.093,336000.0
2023-06-07,1.098,1.09,1.102,1.089,343662.0
2023-06-08,1.09,1.102,1.105,1.087,424714.0
2023-06-09,1.106,1.101,1.106,1.096,645516.0
2023-06-12,1.099,1.1,1.106,1.092,326960.0
2023-06-13,1.1,1.102,1.106,1.098,569960.0
2023-06-14,1.104,1.1,1.108,1.099,554974.0
2023-06-15,1.1,1.103,1.106,1.09,581202.0
2023-06-16,1.105,1.112,1.117,1.104,686977.0
2023-06-19,1.112,1.097,1.116,1.096,706669.0
2023-06-20,1.097,1.089,1.098,1.087,371141.0
2023-06-21,1.086,1.077,1.089,1.077,355991.0
2023-06-26,1.069,1.063,1.077,1.06,358164.0
2023-06-27,1.064,1.088,1.089,1.064,384648.0
2023-06-28,1.089,1.093,1.094,1.08,321964.0
2023-06-29,1.091,1.086,1.091,1.084,315077.0
2023-06-30,1.087,1.104,1.107,1.085,321451.0
2023-07-03,1.106,1.121,1.125,1.105,409814.0
2023-07-04,1.122,1.12,1.127,1.117,409962.0
2023-07-05,1.12,1.133,1.135,1.117,351713.0
2023-07-06,1.132,1.117,1.132,1.105,347001.0
2023-07-07,1.117,1.12,1.129,1.112,446010.0
2023-07-10,1.125,1.122,1.133,1.117,305743.0
2023-07-11,1.122,1.127,1.131,1.12,407179.0
2023-07-12,1.128,1.117,1.131,1.116,347425.0
2023-07-13,1.118,1.124,1.131,1.118,360728.0
2023-07-14,1.124,1.122,1.129,1.121,391843.0
2023-07-17,1.124,1.112,1.124,1.108,372918.0
2023-07-18,1.111,1.114,1.119,1.106,323733.0
2023-07-19,1.114,1.118,1.12,1.112,276376.0
2023-07-20,1.12,1.115,1.125,1.113,244524.0
2023-07-21,1.112,1.114,1.122,1.11,274988.0
2023-07-24,1.114,1.109,1.118,1.109,332292.0
2023-07-25,1.117,1.15,1.151,1.117,509162.0
2023-07-26,1.151,1.173,1.175,1.148,585098.0
2023-07-27,1.164,1.197,1.208,1.163,961698.0
2023-07-28,1.187,1.215,1.221,1.175,906133.0
2023-07-31,1.216,1.213,1.228,1.21,942049.0
2023-08-01,1.212,1.247,1.269,1.212,870443.0
2023-08-02,1.233,1.233,1.237,1.224,682260.0
2023-08-03,1.229,1.234,1.235,1.213,843789.0
2023-08-04,1.252,1.221,1.254,1.219,646799.0
2023-08-07,1.221,1.201,1.233,1.198,686700.0
2023-08-08,1.206,1.19,1.206,1.182,494302.0
2023-08-09,1.186,1.187,1.196,1.183,541050.0
2023-08-10,1.185,1.188,1.194,1.182,517393.0
2023-08-11,1.187,1.164,1.189,1.163,553613.0
2023-08-14,1.156,1.168,1.173,1.148,594775.0
2023-08-15,1.167,1.162,1.175,1.15,481550.0
2023-08-16,1.159,1.163,1.177,1.156,533183.0
2023-08-17,1.156,1.172,1.172,1.146,488058.0
2023-08-18,1.166,1.159,1.182,1.158,502063.0
2023-08-21,1.151,1.142,1.167,1.141,462635.0
2023-08-22,1.143,1.147,1.154,1.133,524285.0
2023-08-23,1.15,1.129,1.15,1.129,385960.0
2023-08-24,1.13,1.12,1.141,1.119,400806.0
2023-08-25,1.117,1.12,1.134,1.107,369228.0
2023-08-28,1.161,1.141,1.185,1.141,910457.0
2023-08-29,1.138,1.144,1.157,1.134,942544.0
2023-08-30,1.147,1.131,1.151,1.131,522505.0
2023-08-31,1.132,1.122,1.14,1.12,457601.0
2023-09-01,1.123,1.151,1.156,1.123,972167.0
2023-09-04,1.155,1.197,1.204,1.155,1558531.0
2023-09-05,1.188,1.182,1.193,1.174,731341.0
2023-09-06,1.176,1.173,1.18,1.166,502250.0
2023-09-07,1.173,1.149,1.173,1.148,632252.0
2023-09-08,1.149,1.142,1.153,1.136,752727.0
2023-09-11,1.142,1.146,1.148,1.132,507562.0
2023-09-12,1.143,1.141,1.149,1.137,524764.0
2023-09-13,1.141,1.15,1.161,1.141,679148.0
2023-09-14,1.146,1.161,1.163,1.14,522452.0
2023-09-15,1.167,1.17,1.18,1.159,731153.0
2023-09-18,1.166,1.161,1.166,1.152,522318.0
2023-09-19,1.164,1.175,1.176,1.157,598797.0
2023-09-20,1.168,1.167,1.174,1.159,470018.0
2023-09-21,1.167,1.155,1.17,1.155,416684.0
2023-09-22,1.151,1.156,1.158,1.14,509173.0
2023-09-25,1.15,1.148,1.157,1.147,365302.0
2023-09-26,1.145,1.135,1.149,1.132,485259.0
2023-09-27,1.134,1.128,1.14,1.128,765915.0
2023-09-28,1.128,1.134,1.137,1.128,330569.0
2023-10-09,1.132,1.138,1.141,1.121,420241.0
2023-10-10,1.136,1.119,1.136,1.116,512395.0
2023-10-11,1.119,1.11,1.122,1.107,641350.0
2023-10-12,1.113,1.135,1.135,1.113,518770.0
2023-10-13,1.127,1.121,1.127,1.118,321051.0
2023-10-16,1.123,1.121,1.126,1.115,343674.0
2023-10-17,1.125,1.129,1.134,1.123,392545.0
2023-10-18,1.124,1.113,1.128,1.105,396073.0
2023-10-19,1.109,1.082,1.109,1.081,484620.0
2023-10-20,1.08,1.085,1.095,1.078,438491.0
2023-10-23,1.085,1.056,1.085,1.05,407482.0
2023-10-24,1.056,1.072,1.073,1.056,400698.0
2023-10-25,1.103,1.12,1.123,1.084,395278.0
2023-10-26,1.112,1.12,1.122,1.103,326371.0
2023-10-27,1.107,1.128,1.13,1.107,369313.0
2023-10-30,1.127,1.133,1.14,1.124,521608.0
2023-10-31,1.125,1.13,1.143,1.125,380660.0
2023-11-01,1.129,1.132,1.14,1.124,374178.0
2023-11-02,1.132,1.119,1.137,1.119,432185.0
2023-11-03,1.12,1.115,1.129,1.112,376722.0
2023-11-06,1.117,1.117,1.121,1.106,718870.0
2023-11-07,1.113,1.108,1.113,1.1,402370.0
2023-11-08,1.105,1.097,1.105,1.091,402401.0
2023-11-09,1.093,1.104,1.105,1.092,497517.0
2023-11-10,1.105,1.097,1.105,1.09,491297.0
2023-11-13,1.098,1.13,1.131,1.098,707285.0
2023-11-14,1.129,1.121,1.129,1.11,581032.0
2023-11-15,1.126,1.147,1.149,1.122,753018.0
2023-11-16,1.136,1.129,1.138,1.126,480475.0
2023-11-17,1.126,1.129,1.132,1.122,557954.0
2023-11-20,1.13,1.136,1.141,1.124,472665.0
2023-11-21,1.138,1.133,1.147,1.13,502203.0
2023-11-22,1.131,1.12,1.134,1.118,423418.0
2023-11-23,1.12,1.137,1.139,1.115,399520.0
2023-11-24,1.137,1.139,1.139,1.128,420709.0
2023-11-27,1.14,1.129,1.14,1.121,391513.0
2023-11-28,1.124,1.133,1.135,1.119,1177638.0
2023-11-29,1.129,1.12,1.133,1.117,367280.0
2023-11-30,1.118,1.113,1.12,1.107,410410.0
2023-12-01,1.111,1.118,1.123,1.109,426899.0
2023-12-04,1.116,1.122,1.13,1.116,805202.0
2023-12-05,1.121,1.102,1.121,1.1,406166.0
2023-12-06,1.1,1.103,1.109,1.095,360543.0
2023-12-07,1.103,1.103,1.107,1.094,295963.0
2023-12-08,1.103,1.105,1.115,1.1,454425.0
2023-12-11,1.11,1.104,1.11,1.079,432094.0
2023-12-12,1.095,1.098,1.1,1.088,307293.0
2023-12-13,1.096,1.083,1.096,1.08,262232.0
2023-12-14,1.083,1.083,1.088,1.082,233726.0
2023-12-15,1.084,1.081,1.09,1.077,310317.0
2023-12-18,1.081,1.063,1.081,1.061,308635.0
2023-12-19,1.07,1.059,1.07,1.054,219831.0
2023-12-20,1.059,1.05,1.067,1.049,249077.0
2023-12-21,1.049,1.054,1.055,1.032,398275.0
2023-12-22,1.053,1.058,1.064,1.047,366308.0
2023-12-25,1.058,1.055,1.059,1.05,267848.0
2023-12-26,1.055,1.049,1.057,1.045,244640.0
2023-12-27,1.054,1.053,1.057,1.041,1484548.0
2023-12-28,1.059,1.067,1.073,1.054,318248.0
2023-12-29,1.07,1.072,1.075,1.064,309804.0
2024-01-02,1.075,1.084,1.091,1.073,360335.0
2024-01-03,1.084,1.098,1.099,1.084,494997.0
2024-01-04,1.102,1.093,1.103,1.086,632391.0
2024-01-05,1.092,1.085,1.102,1.081,450602.0
2024-01-08,1.085,1.06,1.085,1.06,406277.0
2024-01-09,1.064,1.065,1.07,1.057,286337.0
2024-01-10,1.064,1.057,1.068,1.053,236600.0
2024-01-11,1.057,1.06,1.063,1.05,290347.0
2024-01-12,1.059,1.058,1.07,1.055,352560.0
2024-01-15,1.051,1.048,1.057,1.046,285032.0
2024-01-16,1.047,1.043,1.05,1.03,396783.0
2024-01-17,1.037,1.02,1.045,1.02,342460.0
2024-01-18,1.014,1.005,1.02,0.978,423952.0
2024-01-19,1.005,1.001,1.01,0.993,284863.0
2024-01-22,1.0,0.954,1.0,0.945,331876.0
2024-01-23,0.946,0.962,0.965,0.936,373701.0
2024-01-24,0.959,0.99,0.99,0.953,334324.0
2024-01-25,0.991,1.029,1.031,0.989,332016.0
2024-01-26,1.028,1.044,1.047,1.028,348972.0
2024-01-29,1.047,1.032,1.05,1.029,621792.0
2024-01-30,1.03,1.012,1.035,1.01,226855.0
2024-01-31,1.006,0.991,1.02,0.988,303815.0
2024-02-01,0.99,0.981,0.998,0.97,410540.0
2024-02-02,0.979,0.964,0.995,0.933,357943.0
2024-02-05,0.95,0.924,0.954,0.906,482366.0
2024-02-06,0.915,0.975,0.977,0.913,713458.0
2024-02-07,0.973,0.998,1.004,0.965,310479.0
2024-02-08,0.998,1.015,1.02,0.997,283477.0
2024-02-19,1.016,1.031,1.035,1.016,292682.0
2024-02-20,1.032,1.037,1.04,1.017,186354.0
2024-02-21,1.037,1.041,1.059,1.026,310915.0
2024-02-22,1.043,1.052,1.053,1.035,273678.0
2024-02-23,1.051,1.053,1.055,1.043,344023.0
2024-02-26,1.055,1.049,1.059,1.036,540361.0
2024-02-27,1.046,1.057,1.059,1.04,237433.0
2024-02-28,1.057,1.042,1.07,1.04,269675.0
2024-02-29,1.038,1.059,1.06,1.034,316140.0
2024-03-01,1.066,1.06,1.068,1.053,263327.0
2024-03-04,1.066,1.049,1.067,1.043,433674.0
2024-03-05,1.048,1.046,1.052,1.04,298501.0
2024-03-06,1.041,1.058,1.064,1.041,279204.0
2024-03-07,1.056,1.08,1.094,1.053,508813.0
2024-03-08,1.073,1.082,1.086,1.07,407711.0
2024-03-11,1.083,1.082,1.091,1.071,374436.0
2024-03-12,1.082,1.066,1.087,1.058,345898.0
2024-03-13,1.064,1.065,1.07,1.059,274052.0
2024-03-14,1.063,1.058,1.076,1.051,286051.0
2024-03-15,1.054,1.085,1.088,1.049,386711.0
2024-03-18,1.085,1.078,1.085,1.064,366471.0
2024-03-19,1.072,1.091,1.109,1.072,568291.0
2024-03-20,1.091,1.085,1.091,1.075,276712.0
2024-03-21,1.085,1.087,1.088,1.076,268119.0
2024-03-22,1.084,1.069,1.084,1.059,296280.0
2024-03-25,1.067,1.066,1.086,1.064,341046.0
2024-03-26,1.062,1.067,1.071,1.052,489798.0
2024-03-27,1.063,1.049,1.07,1.047,326044.0
2024-03-28,1.048,1.053,1.063,1.044,262832.0
2024-03-29,1.052,1.072,1.073,1.051,222387.0
2024-04-01,1.072,1.089,1.09,1.072,324160.0
2024-04-02,1.102,1.102,1.106,1.091,401602.0
2024-04-03,1.1,1.109,1.113,1.093,672901.0
2024-04-08,1.107,1.104,1.127,1.098,604336.0
2024-04-09,1.097,1.105,1.111,1.092,388626.0
2024-04-10,1.104,1.095,1.108,1.085,338168.0
2024-04-11,1.086,1.103,1.117,1.079,445472.0
2024-04-12,1.103,1.102,1.111,1.096,435258.0
2024-04-15,1.106,1.103,1.114,1.073,577109.0
2024-04-16,1.095,1.073,1.105,1.07,845094.0
2024-04-17,1.07,1.119,1.119,1.069,537647.0
2024-04-18,1.129,1.122,1.131,1.116,464693.0
2024-04-19,1.121,1.139,1.147,1.118,388626.0
2024-04-22,1.139,1.114,1.145,1.11,345507.0
2024-04-23,1.111,1.082,1.112,1.078,452478.0
2024-04-24,1.078,1.093,1.095,1.074,400828.0
2024-04-25,1.092,1.097,1.103,1.085,517862.0
2024-04-26,1.097,1.101,1.102,1.081,1047528.0
2024-04-29,1.101,1.112,1.114,1.084,579413.0
2024-04-30,1.109,1.094,1.115,1.094,970453.0
2024-05-06,1.094,1.115,1.117,1.093,686239.0
2024-05-07,1.108,1.105,1.113,1.1,591588.0
2024-05-08,1.1,1.092,1.101,1.092,414425.0
2024-05-09,1.091,1.108,1.109,1.089,388949.0
2024-05-10,1.11,1.112,1.114,1.099,262480.0
2024-05-13,1.107,1.109,1.112,1.092,651639.0
2024-05-14,1.109,1.103,1.114,1.1,474803.0
2024-05-15,1.099,1.097,1.107,1.094,265348.0
2024-05-16,1.095,1.106,1.118,1.095,927908.0
2024-05-17,1.106,1.117,1.117,1.096,398591.0
2024-05-20,1.118,1.124,1.124,1.115,410661.0
2024-05-21,1.124,1.109,1.124,1.106,301073.0
2024-05-22,1.107,1.115,1.125,1.106,352415.0
2024-05-23,1.11,1.087,1.11,1.084,314360.0
2024-05-24,1.083,1.08,1.094,1.078,311992.0
2024-05-27,1.082,1.091,1.091,1.079,296884.0
2024-05-28,1.09,1.085,1.098,1.083,591097.0
2024-05-29,1.083,1.085,1.095,1.076,231689.0
2024-05-30,1.091,1.085,1.101,1.083,299672.0
2024-05-31,1.081,1.081,1.089,1.078,229197.0
2024-06-03,1.08,1.052,1.08,1.043,368900.0
2024-06-04,1.051,1.058,1.061,1.04,304945.0
2024-06-05,1.058,1.04,1.059,1.037,265909.0
2024-06-06,1.04,1.021,1.045,1.017,293961.0
2024-06-07,1.023,1.039,1.039,1.021,266425.0
2024-06-11,1.036,1.022,1.036,1.016,247601.0
2024-06-12,1.022,1.023,1.026,1.015,217392.0
2024-06-13,1.021,1.011,1.024,1.004,227547.0
2024-06-14,1.01,1.032,1.033,1.009,273425.0
2024-06-17,1.025,1.006,1.025,1.004,263099.0
2024-06-18,1.005,1.011,1.015,1.004,539052.0
2024-06-19,1.011,1.01,1.015,1.006,264407.0
2024-06-20,1.011,0.995,1.015,0.992,317158.0
2024-06-21,0.992,0.994,1.003,0.989,279304.0
2024-06-24,0.99,0.969,0.99,0.963,343293.0
2024-06-25,0.965,0.975,0.984,0.965,270638.0
2024-06-26,0.975,0.992,0.993,0.968,273571.0
2024-06-27,0.998,0.975,0.999,0.974,248064.0
2024-06-28,0.975,0.974,0.986,0.969,286659.0
2024-07-01,0.977,0.994,0.997,0.973,305148.0
2024-07-02,0.991,1.0,1.004,0.988,338282.0
2024-07-03,1.003,0.997,1.006,0.995,279160.0
2024-07-04,0.997,0.983,1.003,0.98,342645.0
2024-07-05,0.98,0.995,0.995,0.98,328370.0
2024-07-08,0.992,0.98,0.993,0.978,238927.0
2024-07-09,0.98,0.988,0.991,0.968,319338.0
2024-07-10,0.988,0.975,0.989,0.97,269080.0
2024-07-11,0.978,0.994,0.996,0.978,276078.0
2024-07-12,0.991,0.989,0.997,0.983,280648.0
2024-07-15,0.982,0.99,0.992,0.982,293104.0
2024-07-16,0.988,0.987,0.989,0.982,243533.0
2024-07-17,0.987,0.978,0.987,0.976,236682.0
2024-07-18,0.975,0.98,0.981,0.966,300423.0
2024-07-19,0.974,0.974,0.978,0.971,246466.0
2024-07-22,0.971,0.966,0.974,0.961,264446.0
2024-07-23,0.964,0.947,0.968,0.946,256052.0
2024-07-24,0.946,0.943,0.95,0.938,243738.0
2024-07-25,0.94,0.938,0.944,0.932,249230.0
2024-07-26,0.937,0.947,0.952,0.937,269413.0
2024-07-29,0.952,0.953,0.956,0.942,293548.0
2024-07-30,0.954,0.955,0.957,0.947,233985.0
2024-07-31,0.955,0.975,0.977,0.954,341756.0
2024-08-01,0.976,0.969,0.982,0.967,334056.0
2024-08-02,0.969,0.962,0.974,0.96,265638.0
2024-08-05,0.955,0.946,0.968,0.945,297525.0
2024-08-06,0.95,0.951,0.959,0.943,288766.0
2024-08-07,0.951,0.946,0.951,0.942,247306.0
2024-08-08,0.941,0.949,0.952,0.937,224662.0
2024-08-09,0.95,0.944,0.955,0.944,320514.0
2024-08-12,0.941,0.936,0.945,0.934,235900.0
2024-08-13,0.935,0.943,0.943,0.933,427272.0
2024-08-14,0.944,0.926,0.944,0.924,267790.0
2024-08-15,0.924,0.933,0.936,0.92,302848.0
2024-08-16,0.934,0.925,0.938,0.922,258096.0
2024-08-19,0.925,0.926,0.936,0.923,247331.0
2024-08-20,0.927,0.912,0.929,0.907,238943.0
2024-08-21,0.912,0.907,0.912,0.902,263264.0
2024-08-22,0.91,0.896,0.91,0.893,236365.0
2024-08-23,0.894,0.895,0.897,0.889,248057.0
2024-08-26,0.895,0.901,0.903,0.893,227356.0
2024-08-27,0.9,0.892,0.9,0.886,192668.0
2024-08-28,0.892,0.894,0.897,0.889,208857.0
2024-08-29,0.894,0.895,0.898,0.887,224997.0
2024-08-30,0.895,0.906,0.917,0.89,351366.0
2024-09-02,0.903,0.89,0.903,0.888,210486.0
2024-09-03,0.885,0.892,0.895,0.885,209185.0
2024-09-04,0.888,0.884,0.89,0.88,221716.0
2024-09-05,0.884,0.889,0.891,0.882,190612.0
2024-09-06,0.889,0.879,0.89,0.877,221997.0
2024-09-09,0.877,0.864,0.877,0.86,223420.0
2024-09-10,0.863,0.861,0.867,0.848,240769.0
2024-09-11,0.854,0.853,0.858,0.848,216542.0
2024-09-12,0.853,0.853,0.858,0.847,177699.0
2024-09-13,0.853,0.853,0.864,0.852,253281.0
2024-09-18,0.854,0.847,0.854,0.833,240758.0
2024-09-19,0.849,0.864,0.871,0.845,315457.0
2024-09-20,0.864,0.858,0.864,0.851,275068.0
2024-09-23,0.858,0.866,0.869,0.851,272777.0
2024-09-24,0.869,0.925,0.925,0.868,715214.0
2024-09-25,0.948,0.942,0.974,0.941,951908.0
2024-09-26,0.94,1.002,1.003,0.938,1027244.0
2024-09-27,1.019,1.048,1.048,0.981,610386.0
2024-09-30,1.115,1.14,1.155,1.063,1753170.0
2024-10-08,1.266,1.193,1.266,1.094,1865626.0
2024-10-09,1.119,1.062,1.134,1.062,1209351.0
2024-10-10,1.061,1.082,1.115,1.037,1181325.0
2024-10-11,1.066,1.059,1.093,1.048,460822.0
2024-10-14,1.07,1.089,1.089,1.059,691579.0
2024-10-15,1.072,1.057,1.089,1.056,505613.0
2024-10-16,1.036,1.073,1.083,1.036,471044.0
2024-10-17,1.073,1.06,1.086,1.058,591854.0
2024-10-18,1.048,1.082,1.1,1.046,788267.0
2024-10-21,1.079,1.068,1.085,1.057,967148.0
2024-10-22,1.067,1.071,1.073,1.057,556607.0
2024-10-23,1.07,1.079,1.085,1.066,656618.0
2024-10-24,1.076,1.064,1.076,1.058,463485.0
2024-10-25,1.063,1.082,1.084,1.063,569563.0
2024-10-28,1.107,1.152,1.154,1.095,2512143.0
2024-10-29,1.152,1.106,1.154,1.103,1933787.0
2024-10-30,1.085,1.108,1.116,1.084,1055591.0
2024-10-31,1.098,1.124,1.127,1.097,1226719.0
2024-11-01,1.123,1.152,1.163,1.118,1674743.0
2024-11-04,1.149,1.133,1.149,1.113,749860.0
2024-11-05,1.134,1.178,1.178,1.124,951663.0
2024-11-06,1.177,1.184,1.192,1.155,937562.0
2024-11-07,1.169,1.217,1.219,1.166,704558.0
2024-11-08,1.225,1.204,1.237,1.198,1002120.0
2024-11-11,1.204,1.196,1.207,1.176,1043345.0
2024-11-12,1.197,1.178,1.203,1.169,627902.0
2024-11-13,1.179,1.176,1.193,1.161,599505.0
2024-11-14,1.169,1.141,1.178,1.138,554856.0
2024-11-15,1.144,1.122,1.152,1.121,636370.0
2024-11-18,1.132,1.141,1.168,1.132,748723.0
2024-11-19,1.131,1.138,1.138,1.103,892296.0
2024-11-20,1.13,1.146,1.147,1.125,430480.0
2024-11-21,1.15,1.151,1.154,1.14,403694.0
2024-11-22,1.151,1.112,1.158,1.109,491841.0
2024-11-25,1.111,1.119,1.128,1.103,394778.0
2024-11-26,1.118,1.107,1.123,1.105,360759.0
2024-11-27,1.105,1.12,1.12,1.08,475257.0
2024-11-28,1.121,1.124,1.134,1.113,449951.0
2024-11-29,1.124,1.132,1.14,1.116,391437.0
2024-12-02,1.131,1.17,1.175,1.13,608244.0
2024-12-03,1.17,1.164,1.17,1.153,508665.0
2024-12-04,1.162,1.167,1.18,1.156,330943.0
2024-12-05,1.169,1.18,1.182,1.159,341977.0
2024-12-06,1.18,1.207,1.21,1.179,512815.0
2024-12-09,1.206,1.209,1.235,1.199,379094.0
2024-12-10,1.28,1.206,1.284,1.202,536232.0
2024-12-11,1.198,1.231,1.238,1.194,436756.0
2024-12-12,1.229,1.224,1.233,1.209,333084.0
2024-12-13,1.22,1.192,1.221,1.191,294400.0
2024-12-16,1.185,1.18,1.196,1.174,348855.0
2024-12-17,1.177,1.162,1.182,1.157,470445.0
2024-12-18,1.163,1.18,1.191,1.163,648748.0
2024-12-19,1.165,1.171,1.174,1.157,446902.0
2024-12-20,1.171,1.154,1.172,1.15,386937.0
2024-12-23,1.15,1.136,1.155,1.131,590137.0
2024-12-24,1.137,1.152,1.153,1.133,771649.0
2024-12-25,1.152,1.139,1.153,1.13,279551.0
2024-12-26,1.139,1.143,1.143,1.134,231106.0
2024-12-27,1.143,1.141,1.156,1.139,328723.0
2024-12-30,1.138,1.135,1.141,1.127,278356.0
2024-12-31,1.135,1.115,1.138,1.11,405745.0
2025-01-02,1.115,1.09,1.121,1.084,484665.0
2025-01-03,1.091,1.068,1.1,1.068,630145.0
2025-01-06,1.064,1.081,1.082,1.06,364872.0
2025-01-07,1.085,1.082,1.085,1.064,275934.0
2025-01-08,1.081,1.068,1.081,1.048,396061.0
2025-01-09,1.068,1.064,1.07,1.058,208723.0
2025-01-10,1.064,1.046,1.068,1.045,439654.0
2025-01-13,1.045,1.052,1.053,1.031,393659.0
2025-01-14,1.051,1.079,1.08,1.051,431775.0
2025-01-15,1.079,1.08,1.082,1.069,427207.0
2025-01-16,1.085,1.091,1.099,1.078,366895.0
2025-01-17,1.085,1.087,1.087,1.071,461761.0
2025-01-20,1.088,1.092,1.095,1.08,354460.0
2025-01-21,1.092,1.073,1.093,1.069,424341.0
2025-01-22,1.075,1.074,1.075,1.062,493094.0
2025-01-23,1.074,1.071,1.091,1.069,393233.0
2025-01-24,1.071,1.094,1.1,1.065,707023.0
2025-01-27,1.09,1.104,1.113,1.086,389045.0
2025-02-05,1.103,1.093,1.108,1.088,421941.0
2025-02-06,1.099,1.108,1.11,1.093,668898.0
2025-02-07,1.108,1.137,1.143,1.108,567483.0
2025-02-10,1.138,1.151,1.156,1.134,456510.0
2025-02-11,1.151,1.146,1.152,1.136,414385.0
2025-02-12,1.144,1.149,1.15,1.137,303589.0
2025-02-13,1.153,1.15,1.16,1.147,372169.0
2025-02-14,1.146,1.142,1.148,1.131,229038.0
2025-02-17,1.151,1.149,1.154,1.134,287216.0
2025-02-18,1.147,1.132,1.148,1.127,316151.0
2025-02-19,1.123,1.13,1.134,1.123,204667.0
2025-02-20,1.127,1.143,1.148,1.127,321555.0
2025-02-21,1.14,1.146,1.15,1.135,304932.0
2025-02-24,1.147,1.149,1.154,1.136,714280.0
2025-02-25,1.148,1.144,1.153,1.128,271143.0
2025-02-26,1.144,1.217,1.218,1.144,1172565.0
2025-02-27,1.21,1.215,1.22,1.187,888666.0
2025-02-28,1.206,1.184,1.211,1.181,950672.0
2025-03-03,1.182,1.193,1.21,1.178,1198657.0
2025-03-04,1.19,1.198,1.206,1.182,526062.0
2025-03-05,1.195,1.204,1.208,1.177,2191267.0
2025-03-06,1.21,1.201,1.21,1.192,788435.0
2025-03-07,1.193,1.22,1.226,1.193,1087766.0
2025-03-10,1.22,1.206,1.226,1.196,723794.0
2025-03-11,1.204,1.226,1.228,1.196,711006.0
2025-03-12,1.233,1.227,1.237,1.226,526983.0
2025-03-13,1.221,1.242,1.243,1.216,1392913.0
2025-03-14,1.242,1.236,1.242,1.217,1042229.0
2025-03-17,1.236,1.229,1.243,1.227,531321.0
2025-03-18,1.226,1.223,1.232,1.219,685674.0
2025-03-19,1.218,1.218,1.222,1.213,566101.0
2025-03-20,1.215,1.229,1.239,1.215,691019.0
2025-03-21,1.224,1.239,1.252,1.224,751931.0
2025-03-24,1.238,1.238,1.247,1.223,1793489.0
2025-03-25,1.231,1.233,1.247,1.228,600384.0
2025-03-26,1.231,1.234,1.236,1.222,703032.0
2025-03-27,1.226,1.213,1.227,1.211,659343.0
2025-03-28,1.213,1.2,1.218,1.196,722220.0
2025-03-31,1.198,1.183,1.198,1.171,811250.0
2025-04-01,1.185,1.202,1.208,1.185,712966.0
2025-04-02,1.196,1.194,1.202,1.192,454851.0
2025-04-03,1.187,1.2,1.203,1.184,547586.0
2025-04-07,1.134,1.074,1.153,1.074,686851.0
2025-04-08,1.074,1.083,1.101,1.069,1337574.0
2025-04-09,1.08,1.095,1.1,1.035,1555722.0
2025-04-10,1.105,1.117,1.126,1.102,596330.0
2025-04-11,1.113,1.117,1.126,1.108,619653.0
2025-04-14,1.118,1.133,1.137,1.118,462481.0
2025-04-15,1.133,1.12,1.134,1.116,445655.0
2025-04-16,1.119,1.112,1.119,1.098,835514.0
2025-04-17,1.111,1.115,1.125,1.106,315517.0
2025-04-18,1.113,1.12,1.122,1.109,346145.0
2025-04-21,1.121,1.133,1.136,1.118,330928.0
2025-04-22,1.136,1.131,1.136,1.125,660056.0
2025-04-23,1.13,1.139,1.141,1.13,366935.0
2025-04-24,1.139,1.134,1.142,1.128,590906.0
2025-04-25,1.136,1.147,1.155,1.135,739299.0
2025-04-28,1.147,1.158,1.174,1.147,3287721.0
2025-04-29,1.156,1.158,1.176,1.156,2074413.0
2025-04-30,1.159,1.142,1.159,1.14,960964.0
2025-05-06,1.142,1.169,1.169,1.142,530005.0
2025-05-07,1.169,1.176,1.181,1.168,387880.0
2025-05-08,1.176,1.172,1.18,1.167,395324.0
2025-05-09,1.172,1.163,1.173,1.16,329256.0
2025-05-12,1.174,1.168,1.174,1.158,679759.0
2025-05-13,1.169,1.173,1.181,1.169,458361.0
2025-05-14,1.165,1.176,1.181,1.165,465192.0
2025-05-15,1.175,1.166,1.179,1.166,424204.0
2025-05-16,1.165,1.162,1.169,1.158,437878.0
2025-05-19,1.162,1.174,1.174,1.158,299145.0
2025-05-20,1.171,1.172,1.175,1.165,245945.0
2025-05-21,1.17,1.168,1.173,1.166,273748.0
2025-05-22,1.167,1.158,1.172,1.157,969859.0
2025-05-23,1.155,1.152,1.168,1.15,374291.0
2025-05-26,1.151,1.153,1.159,1.148,296301.0
2025-05-27,1.151,1.143,1.152,1.138,327186.0
2025-05-28,1.143,1.138,1.146,1.136,232901.0
2025-05-29,1.138,1.144,1.146,1.135,326097.0
2025-05-30,1.145,1.143,1.145,1.133,506516.0
2025-06-03,1.137,1.125,1.137,1.122,1694894.0
2025-06-04,1.124,1.138,1.138,1.124,426261.0
2025-06-05,1.137,1.139,1.139,1.131,768825.0
2025-06-06,1.136,1.14,1.143,1.135,388656.0
2025-06-09,1.138,1.147,1.151,1.136,653790.0
2025-06-10,1.145,1.142,1.151,1.135,344047.0
2025-06-11,1.142,1.155,1.16,1.141,365828.0
2025-06-12,1.155,1.152,1.156,1.147,337888.0
2025-06-13,1.154,1.142,1.154,1.138,285413.0
2025-06-16,1.143,1.14,1.147,1.138,377723.0
2025-06-17,1.14,1.144,1.145,1.139,302787.0
2025-06-18,1.143,1.134,1.144,1.13,349133.0
2025-06-19,1.134,1.119,1.135,1.116,327021.0
2025-06-20,1.118,1.122,1.126,1.118,280830.0
2025-06-23,1.119,1.119,1.121,1.114,336052.0
2025-06-24,1.117,1.133,1.133,1.117,415756.0
2025-06-25,1.134,1.143,1.145,1.129,536960.0
2025-06-26,1.14,1.132,1.143,1.129,4375982.0
2025-06-27,1.134,1.142,1.147,1.133,1495170.0
2025-06-30,1.144,1.147,1.15,1.14,2285735.0
2025-07-01,1.147,1.159,1.16,1.142,1365329.0
2025-07-02,1.155,1.204,1.209,1.155,1284985.0
2025-07-03,1.199,1.2,1.202,1.181,1083131.0
2025-07-04,1.193,1.207,1.23,1.193,1839470.0
2025-07-07,1.202,1.21,1.214,1.195,855473.0
2025-07-08,1.208,1.23,1.234,1.203,966766.0
2025-07-09,1.23,1.224,1.247,1.218,894221.0
2025-07-10,1.224,1.246,1.247,1.222,1507706.0
2025-07-11,1.246,1.266,1.278,1.244,3230759.0
2025-07-14,1.267,1.265,1.284,1.262,1365320.0
2025-07-15,1.26,1.248,1.269,1.242,1479084.0
2025-07-16,1.248,1.232,1.25,1.224,1117085.0
2025-07-17,1.232,1.257,1.258,1.227,988640.0
2025-07-18,1.257,1.272,1.273,1.256,728291.0
2025-07-21,1.302,1.321,1.328,1.29,2409192.0
2025-07-22,1.322,1.356,1.359,1.311,4937758.0
2025-07-23,1.368,1.349,1.403,1.347,4420404.0
2025-07-24,1.335,1.387,1.388,1.326,1840475.0
2025-07-25,1.387,1.365,1.399,1.36,2034922.0
2025-07-28,1.358,1.343,1.358,1.327,2912442.0
2025-07-29,1.341,1.377,1.378,1.337,1955767.0
2025-07-30,1.384,1.399,1.421,1.38,3275059.0
2025-07-31,1.386,1.341,1.387,1.335,3443719.0
2025-08-01,1.334,1.326,1.344,1.324,1617190.0
2025-08-04,1.321,1.328,1.33,1.31,1481359.0
2025-08-05,1.329,1.35,1.355,1.327,1115233.0
2025-08-06,1.349,1.352,1.355,1.339,1398274.0
2025-08-07,1.351,1.348,1.353,1.32,1767731.0
2025-08-08,1.343,1.364,1.372,1.337,1933614.0
2025-08-11,1.367,1.368,1.375,1.36,1049433.0
2025-08-12,1.364,1.356,1.365,1.353,1105201.0
2025-08-13,1.355,1.361,1.368,1.354,770583.0
2025-08-14,1.361,1.329,1.362,1.327,2546521.0
2025-08-15,1.322,1.339,1.34,1.32,1661713.0
2025-08-18,1.341,1.349,1.353,1.335,1822567.0
2025-08-19,1.346,1.343,1.357,1.339,1061379.0
2025-08-20,1.34,1.36,1.365,1.335,1636650.0
2025-08-21,1.357,1.365,1.377,1.357,1349895.0
2025-08-22,1.365,1.363,1.371,1.35,1192738.0
2025-08-25,1.364,1.408,1.409,1.364,2027441.0
2025-08-26,1.402,1.391,1.402,1.373,1497788.0
2025-08-27,1.384,1.348,1.389,1.344,2987998.0
2025-08-28,1.345,1.344,1.355,1.315,3714907.0
2025-08-29,1.345,1.358,1.365,1.344,1761992.0
2025-09-01,1.366,1.357,1.366,1.34,1580714.0
2025-09-02,1.353,1.34,1.354,1.327,1005361.0
2025-09-03,1.34,1.32,1.345,1.315,1797186.0
2025-09-04,1.313,1.298,1.32,1.286,859224.0
2025-09-05,1.3,1.313,1.316,1.289,1641531.0
2025-09-08,1.313,1.333,1.336,1.308,1188820.0
2025-09-09,1.333,1.335,1.351,1.325,1235990.0
2025-09-10,1.334,1.332,1.334,1.313,640211.0
2025-09-11,1.323,1.347,1.35,1.32,1321206.0
2025-09-12,1.344,1.367,1.381,1.338,2071284.0
2025-09-15,1.366,1.359,1.368,1.343,2733974.0
2025-09-16,1.361,1.359,1.369,1.334,1016080.0
2025-09-17,1.355,1.36,1.36,1.34,810284.0
2025-09-18,1.358,1.335,1.36,1.32,1819492.0
2025-09-19,1.327,1.328,1.352,1.323,713297.0
2025-09-22,1.327,1.325,1.327,1.3,759184.0
2025-09-23,1.326,1.299,1.326,1.282,836120.0
2025-09-24,1.299,1.314,1.318,1.287,671762.0
2025-09-25,1.314,1.318,1.325,1.311,488270.0
2025-09-26,1.309,1.322,1.328,1.308,1023041.0
2025-09-29,1.326,1.35,1.35,1.301,844167.0
2025-09-30,1.351,1.365,1.369,1.347,748140.0
2025-10-09,1.374,1.407,1.407,1.374,1617551.0
2025-10-10,1.405,1.416,1.424,1.385,2101648.0
2025-10-13,1.408,1.442,1.446,1.394,2935533.0
2025-10-14,1.444,1.425,1.465,1.417,1630285.0
2025-10-15,1.424,1.428,1.441,1.409,2016438.0
2025-10-16,1.416,1.392,1.42,1.388,1143300.0
2025-10-17,1.389,1.386,1.428,1.38,1544185.0
2025-10-20,1.389,1.385,1.394,1.376,1375395.0
2025-10-21,1.386,1.404,1.405,1.374,995654.0
2025-10-22,1.399,1.4,1.408,1.389,654239.0
2025-10-23,1.392,1.407,1.408,1.379,988762.0
2025-10-24,1.409,1.391,1.412,1.385,857705.0
2025-10-27,1.393,1.425,1.434,1.391,2407386.0
2025-10-28,1.42,1.396,1.423,1.39,1365137.0
2025-10-29,1.394,1.406,1.407,1.383,957105.0
2025-10-30,1.406,1.424,1.433,1.404,1364829.0
2025-10-31,1.424,1.422,1.433,1.417,1240270.0
2025-11-03,1.441,1.45,1.451,1.429,1417111.0
2025-11-04,1.447,1.442,1.466,1.431,1381436.0
2025-11-05,1.429,1.455,1.455,1.421,1251988.0
2025-11-06,1.451,1.479,1.482,1.45,1574419.0
2025-11-07,1.479,1.482,1.49,1.472,1247514.0
2025-11-10,1.483,1.478,1.489,1.467,1404530.0
2025-11-11,1.471,1.483,1.485,1.464,941819.0
2025-11-12,1.478,1.48,1.49,1.467,734321.0
2025-11-13,1.479,1.503,1.508,1.474,1062526.0
2025-11-14,1.495,1.503,1.52,1.494,1211495.0
2025-11-17,1.503,1.511,1.517,1.497,1501917.0
2025-11-18,1.511,1.46,1.511,1.452,1181172.0
2025-11-19,1.453,1.452,1.469,1.434,2995663.0
2025-11-20,1.452,1.457,1.47,1.449,652422.0
2025-11-21,1.435,1.393,1.435,1.39,942152.0
2025-11-24,1.387,1.388,1.399,1.378,1296124.0
2025-11-25,1.389,1.393,1.401,1.386,1163357.0
2025-11-26,1.39,1.387,1.404,1.385,914189.0
2025-11-27,1.386,1.388,1.397,1.381,879267.0
2025-11-28,1.388,1.41,1.41,1.38,600432.0
2025-12-01,1.408,1.422,1.427,1.408,948324.0
2025-12-02,1.419,1.419,1.42,1.406,823173.0
2025-12-03,1.417,1.414,1.428,1.408,623692.0
2025-12-04,1.414,1.402,1.418,1.399,885303.0
2025-12-05,1.399,1.42,1.421,1.394,453018.0
2025-12-08,1.418,1.413,1.422,1.4,485881.0
2025-12-09,1.406,1.378,1.409,1.375,1411335.0
2025-12-10,1.379,1.384,1.388,1.368,726338.0
2025-12-11,1.386,1.363,1.387,1.361,540364.0
2025-12-12,1.363,1.374,1.378,1.363,419468.0
2025-12-15,1.37,1.39,1.403,1.368,380375.0
2025-12-16,1.391,1.367,1.393,1.363,506442.0
2025-12-17,1.367,1.383,1.388,1.355,462166.0
2025-12-18,1.38,1.384,1.392,1.377,412726.0
2025-12-19,1.38,1.41,1.413,1.38,591606.0
2025-12-22,1.414,1.422,1.434,1.414,478041.0
2025-12-23,1.422,1.414,1.426,1.41,739629.0
2025-12-24,1.42,1.43,1.431,1.41,367199.0
2025-12-25,1.429,1.435,1.44,1.415,563423.0
2025-12-26,1.437,1.456,1.462,1.437,969949.0
2025-12-29,1.465,1.45,1.468,1.45,3463920.0
2025-12-30,1.441,1.451,1.464,1.439,550966.0
2025-12-31,1.454,1.451,1.455,1.439,727194.0
2026-01-05,1.451,1.451,1.46,1.44,731153.0
2026-01-06,1.453,1.472,1.473,1.444,890396.0
2026-01-07,1.472,1.48,1.486,1.467,1091497.0
2026-01-08,1.479,1.483,1.491,1.468,603091.0
2026-01-09,1.482,1.489,1.502,1.48,1543913.0
2026-01-12,1.495,1.531,1.532,1.494,2877648.0
2026-01-13,1.53,1.499,1.53,1.495,1558027.0
2026-01-14,1.498,1.493,1.522,1.48,673041.0
2026-01-15,1.493,1.48,1.502,1.474,692556.0
2026-01-16,1.487,1.46,1.492,1.454,1404326.0
2026-01-19,1.457,1.48,1.481,1.442,1347051.0
2026-01-20,1.479,1.491,1.492,1.459,874230.0
2026-01-21,1.488,1.518,1.521,1.476,1498823.0
2026-01-22,1.518,1.547,1.55,1.512,1070420.0
2026-01-23,1.552,1.574,1.575,1.531,1389513.0
2026-01-26,1.598,1.57,1.598,1.559,1446377.0
2026-01-27,1.569,1.548,1.569,1.532,1265161.0
2026-01-28,1.537,1.582,1.587,1.53,1052923.0
2026-01-29,1.583,1.59,1.598,1.568,1529605.0
2026-01-30,1.57,1.548,1.572,1.51,1370993.0
2026-02-02,1.53,1.452,1.53,1.449,1712025.0
2026-02-03,1.467,1.502,1.503,1.464,656763.0
2026-02-04,1.5,1.537,1.538,1.495,1126966.0
2026-02-05,1.536,1.505,1.536,1.494,870838.0
2026-02-06,1.48,1.499,1.518,1.479,615445.0
2026-02-09,1.505,1.526,1.528,1.505,559410.0
2026-02-10,1.528,1.524,1.529,1.506,406649.0
2026-02-11,1.52,1.551,1.553,1.515,1052133.0
2026-02-12,1.546,1.552,1.561,1.532,502031.0
2026-02-13,1.55,1.513,1.55,1.508,2757311.0
2026-02-24,1.516,1.544,1.548,1.516,863032.0
2026-02-25,1.546,1.61,1.639,1.541,2239957.0
2026-02-26,1.611,1.634,1.638,1.605,1061154.0
2026-02-27,1.621,1.674,1.693,1.619,2754916.0
2026-03-02,1.668,1.676,1.683,1.637,2799053.0
2026-03-03,1.666,1.621,1.685,1.612,3061844.0
2026-03-04,1.591,1.606,1.642,1.59,1058593.0
2026-03-05,1.622,1.608,1.634,1.595,943861.0
2026-03-06,1.612,1.616,1.623,1.582,1041191.0
2026-03-09,1.596,1.605,1.611,1.569,1454295.0
2026-03-10,1.606,1.596,1.619,1.589,867573.0
2026-03-11,1.6,1.588,1.6,1.577,818769.0
2026-03-12,1.591,1.602,1.609,1.579,1048725.0
2026-03-13,1.593,1.593,1.629,1.587,1580322.0
2026-03-16,1.581,1.542,1.588,1.521,2416326.0
2026-03-17,1.54,1.537,1.576,1.535,2062965.0
2026-03-18,1.534,1.526,1.542,1.508,1030381.0
2026-03-19,1.508,1.466,1.52,1.459,1180815.0
2026-03-20,1.46,1.435,1.473,1.434,1010530.0
2026-03-23,1.414,1.372,1.421,1.364,1340069.0
2026-03-24,1.387,1.421,1.421,1.374,968768.0
2026-03-25,1.427,1.447,1.448,1.424,2164173.0
2026-03-26,1.438,1.418,1.451,1.413,1041657.0
2026-03-27,1.404,1.439,1.446,1.4,674016.0
2026-03-30,1.43,1.451,1.453,1.418,780647.0
2026-03-31,1.45,1.427,1.457,1.424,568786.0
2026-04-01,1.438,1.444,1.452,1.437,2210261.0
2026-04-02,1.435,1.431,1.444,1.42,797164.0
2026-04-03,1.431,1.411,1.433,1.407,433517.0
2026-04-07,1.406,1.416,1.417,1.397,577880.0
2026-04-08,1.433,1.463,1.464,1.433,1289116.0
2026-04-09,1.455,1.456,1.467,1.452,1094288.0
2026-04-10,1.464,1.456,1.473,1.454,557339.0
2026-04-13,1.456,1.471,1.475,1.45,504262.0
2026-04-14,1.475,1.464,1.477,1.447,510416.0
2026-04-15,1.465,1.45,1.476,1.445,1158758.0
2026-04-16,1.452,1.482,1.484,1.45,563358.0
2026-04-17,1.48,1.477,1.483,1.469,257470.0
2026-04-20,1.48,1.476,1.484,1.469,413247.0
2026-04-21,1.479,1.471,1.479,1.463,441963.0
2026-04-22,1.472,1.476,1.48,1.46,409249.0
2026-04-23,1.476,1.451,1.476,1.447,614633.0
2026-04-24,1.451,1.448,1.454,1.435,488828.0
2026-04-27,1.444,1.431,1.446,1.424,388383.0
2026-04-28,1.429,1.432,1.433,1.417,458399.0
2026-04-29,1.432,1.463,1.465,1.422,787729.0
2026-04-30,1.459,1.441,1.459,1.432,746468.0
2026-05-06,1.445,1.456,1.46,1.439,753547.0
2026-05-07,1.457,1.457,1.465,1.444,1054792.0
2026-05-08,1.451,1.465,1.466,1.441,516078.0
2026-05-11,1.466,1.46,1.468,1.448,3513860.0
2026-05-12,1.457,1.442,1.465,1.438,690244.0
2026-05-13,1.438,1.436,1.446,1.433,433838.0
2026-05-14,1.436,1.406,1.437,1.405,816957.0
2026-05-15,1.405,1.379,1.407,1.376,1971876.0
2026-05-18,1.371,1.359,1.373,1.351,603561.0
2026-05-19,1.36,1.357,1.369,1.342,705954.0
2026-05-20,1.357,1.342,1.357,1.332,612913.0
2026-05-21,1.341,1.317,1.354,1.313,480476.0
2026-05-22,1.317,1.322,1.322,1.304,735295.0
2026-05-25,1.321,1.314,1.333,1.307,717081.0
2026-05-26,1.312,1.324,1.326,1.298,535670.0
2026-05-27,1.318,1.286,1.326,1.28,876058.0
2026-05-28,1.281,1.29,1.295,1.276,942645.0
2026-05-29,1.29,1.283,1.303,1.278,536926.0
2026-06-01,1.281,1.292,1.298,1.27,722305.0
2026-06-02,1.29,1.278,1.297,1.272,563773.0
2026-06-03,1.277,1.272,1.282,1.266,384788.0
2026-06-04,1.267,1.262,1.27,1.251,481591.0
2026-06-05,1.26,1.264,1.281,1.26,1316211.0
2026-06-08,1.248,1.23,1.259,1.217,1147280.0
2026-06-09,1.227,1.235,1.24,1.216,918384.0
2026-06-10,1.23,1.225,1.234,1.212,534960.0
2026-06-11,1.221,1.223,1.229,1.204,1124953.0
2026-06-12,1.223,1.256,1.267,1.221,849152.0
2026-06-15,1.263,1.264,1.288,1.251,868421.0
2026-06-16,1.26,1.243,1.26,1.236,758449.0
2026-06-17,1.242,1.219,1.248,1.214,900829.0
2026-06-18,1.219,1.219,1.236,1.207,895033.0
2026-06-22,1.21,1.232,1.233,1.188,843396.0
2026-06-23,1.22,1.201,1.233,1.196,832950.0
2026-06-24,1.198,1.198,1.201,1.176,735653.0
2026-06-25,1.188,1.175,1.194,1.166,430007.0
2026-06-26,1.172,1.138,1.175,1.138,1041897.0
2026-06-29,1.137,1.148,1.154,1.117,501753.0
2026-06-30,1.149,1.145,1.154,1.13,460499.0
2026-07-01,1.141,1.172,1.18,1.14,830176.0
